2026-09-14 10:54:40, Info                  DISM   PID=6460 TID=8124 Temporarily setting the scratch directory. This may be overridden by user later. - CDISMManager::FinalConstruct
2026-09-14 10:54:40, Info                  DISM   PID=6460 TID=8124 Scratch directory set to 'C:\WINDOWS\SystemTemp\'. - CDISMManager::put_ScratchDir
2026-09-14 10:54:40, Info                  DISM   PID=6460 TID=8124 DismCore.dll version: 10.0.26100.9278 - CDISMManager::FinalConstruct
2026-09-14 10:54:40, Info                  DISM   Initialized Panther logging at C:\WINDOWS\Logs\DISM\dism.log
[6156.7224] [0x8007007b] FIOReadFileIntoBuffer:(1454): The filename, directory name, or volume label syntax is incorrect.
[6156.7224] [0xc142011c] UnmarshallImageHandleFromDirectory:(641)
[6156.7224] [0xc142011c] WIMGetMountedImageHandle:(2910)
[6156.7224] [0x8007007b] FIOReadFileIntoBuffer:(1454): The filename, directory name, or volume label syntax is incorrect.
[6156.7224] [0xc142011c] UnmarshallImageHandleFromDirectory:(641)
[6156.7224] [0xc142011c] WIMGetMountedImageHandle:(2910)
2026-09-14 11:02:21, Info                  DISM   PID=6156 TID=7176 Temporarily setting the scratch directory. This may be overridden by user later. - CDISMManager::FinalConstruct
2026-09-14 11:02:21, Info                  DISM   PID=6156 TID=7176 Scratch directory set to 'C:\WINDOWS\SystemTemp\'. - CDISMManager::put_ScratchDir
2026-09-14 11:02:21, Info                  DISM   PID=6156 TID=7176 DismCore.dll version: 10.0.26100.9278 - CDISMManager::FinalConstruct
2026-09-14 11:02:21, Info                  DISM   Initialized Panther logging at C:\WINDOWS\Logs\DISM\dism.log
2026-09-14 11:04:26, Info                  DISM   PID=18196 TID=18192 Scratch directory set to 'C:\Users\kriba\AppData\Local\Temp\'. - CDISMManager::put_ScratchDir
2026-09-14 11:04:26, Info                  DISM   PID=18196 TID=18192 DismCore.dll version: 10.0.26100.9278 - CDISMManager::FinalConstruct
2026-09-14 11:04:26, Info                  DISM   Initialized Panther logging at C:\WINDOWS\Logs\DISM\dism.log
2026-09-14 11:04:26, Info                  DISM   PID=18196 TID=18192 Successfully loaded the ImageSession at "C:\Windows\System32\Dism" - CDISMManager::LoadLocalImageSession
2026-09-14 11:04:26, Info                  DISM   Initialized Panther logging at C:\WINDOWS\Logs\DISM\dism.log
2026-09-14 11:04:26, Info                  DISM   DISM Provider Store: PID=18196 TID=18192 Found and Initialized the DISM Logger. - CDISMProviderStore::Internal_InitializeLogger
2026-09-14 11:04:26, Info                  DISM   Initialized Panther logging at C:\WINDOWS\Logs\DISM\dism.log
2026-09-14 11:04:26, Info                  DISM   DISM Manager: PID=18196 TID=18192 Successfully created the local image session and provider store. - CDISMManager::CreateLocalImageSession
2026-09-14 11:04:26, Info                  DISM   DISM.EXE: 
2026-09-14 11:04:26, Info                  DISM   DISM.EXE: <----- Starting Dism.exe session ----->
2026-09-14 11:04:26, Info                  DISM   DISM.EXE: 
2026-09-14 11:04:26, Info                  DISM   DISM.EXE: Host machine information: OS Version=10.0.26200, Running architecture=amd64, Number of processors=16
2026-09-14 11:04:26, Info                  DISM   DISM.EXE: Instance information: Parent process=C:\Windows\System32\WindowsPowerShell\v1.0\powershell.exe, Parent process PID=16720
2026-09-14 11:04:26, Info                  DISM   DISM.EXE: Dism.exe version: 10.0.26100.8972
2026-09-14 11:04:26, Info                  DISM   DISM.EXE: Executing command line: "C:\Windows\System32\Dism.exe"
2026-09-14 11:04:26, Info                  DISM   DISM.EXE: Image session has been closed. Reboot required=no.
2026-09-14 11:04:26, Info                  DISM   DISM.EXE: 
2026-09-14 11:04:26, Info                  DISM   DISM.EXE: <----- Ending Dism.exe session ----->
2026-09-14 11:04:26, Info                  DISM   DISM.EXE: 
2026-09-14 11:04:48, Info                  DISM   PID=11392 TID=14732 Scratch directory set to 'C:\Users\kriba\AppData\Local\Temp\'. - CDISMManager::put_ScratchDir
2026-09-14 11:04:48, Info                  DISM   PID=11392 TID=14732 DismCore.dll version: 10.0.26100.9278 - CDISMManager::FinalConstruct
2026-09-14 11:04:48, Info                  DISM   Initialized Panther logging at C:\WINDOWS\Logs\DISM\dism.log
2026-09-14 11:04:48, Info                  DISM   PID=11392 TID=14732 Successfully loaded the ImageSession at "C:\Windows\System32\Dism" - CDISMManager::LoadLocalImageSession
2026-09-14 11:04:48, Info                  DISM   Initialized Panther logging at C:\WINDOWS\Logs\DISM\dism.log
2026-09-14 11:04:48, Info                  DISM   DISM Provider Store: PID=11392 TID=14732 Found and Initialized the DISM Logger. - CDISMProviderStore::Internal_InitializeLogger
2026-09-14 11:04:48, Info                  DISM   Initialized Panther logging at C:\WINDOWS\Logs\DISM\dism.log
2026-09-14 11:04:48, Info                  DISM   DISM Manager: PID=11392 TID=14732 Successfully created the local image session and provider store. - CDISMManager::CreateLocalImageSession
2026-09-14 11:04:48, Info                  DISM   DISM.EXE: 
2026-09-14 11:04:48, Info                  DISM   DISM.EXE: <----- Starting Dism.exe session ----->
2026-09-14 11:04:48, Info                  DISM   DISM.EXE: 
2026-09-14 11:04:48, Info                  DISM   DISM.EXE: Host machine information: OS Version=10.0.26200, Running architecture=amd64, Number of processors=16
2026-09-14 11:04:48, Info                  DISM   DISM.EXE: Instance information: Parent process=C:\Windows\System32\WindowsPowerShell\v1.0\powershell.exe, Parent process PID=16720
2026-09-14 11:04:48, Info                  DISM   DISM.EXE: Dism.exe version: 10.0.26100.8972
2026-09-14 11:04:48, Info                  DISM   DISM.EXE: Executing command line: "C:\Windows\System32\Dism.exe" /Online /Cleanup-Image /RestoreHealth
2026-09-14 11:04:48, Info                  DISM   DISM Manager: PID=11392 TID=14732 physical location path: C:\ - CDISMManager::CreateImageSession
2026-09-14 11:04:48, Info                  DISM   DISM Manager: PID=11392 TID=14732 Event name for current DISM session is Global\{C34F871C-6FFD-4679-8D48-101082120271} - CDISMManager::CheckSessionAndLock
2026-09-14 11:04:48, Info                  DISM   DISM Manager: PID=11392 TID=14732 Create session event 0x260 for current DISM session and event name is Global\{C34F871C-6FFD-4679-8D48-101082120271}  - CDISMManager::CheckSessionAndLock
2026-09-14 11:04:48, Info                  DISM   DISM Manager: PID=11392 TID=14732 Copying DISM from "C:\WINDOWS\System32\Dism" - CDISMManager::CreateImageSessionFromLocation
2026-09-14 11:04:48, Info                  DISM   DISM Manager: PID=11392 TID=14732 No Sandbox was created, DISM running in-place. - CDISMManager::CreateImageSessionFromLocation
2026-09-14 11:04:48, Info                  DISM   DISM Manager: PID=11392 TID=14732 Successfully loaded the ImageSession at "C:\WINDOWS\System32\Dism" - CDISMManager::LoadRemoteImageSession
2026-09-14 11:04:48, Info                  DISM   DISM Image Session: PID=11568 TID=11764 Instantiating the Provider Store. - CDISMImageSession::get_ProviderStore
2026-09-14 11:04:48, Info                  DISM   DISM OS Provider: PID=11568 TID=11764 Defaulting SystemPath to C:\ - CDISMOSServiceManager::Final_OnConnect
2026-09-14 11:04:48, Info                  DISM   DISM OS Provider: PID=11568 TID=11764 Defaulting Windows folder to C:\Windows - CDISMOSServiceManager::Final_OnConnect
2026-09-14 11:04:48, Info                  DISM   DISM Provider Store: PID=11568 TID=11764 Attempting to initialize the logger from the Image Session. - CDISMProviderStore::Final_OnConnect
2026-09-14 11:04:48, Info                  DISM   Initialized Panther logging at C:\WINDOWS\Logs\DISM\dism.log
2026-09-14 11:04:48, Info                  DISM   DISM Provider Store: PID=11568 TID=11764 Found and Initialized the DISM Logger. - CDISMProviderStore::Internal_InitializeLogger
2026-09-14 11:04:48, Info                  DISM   Initialized Panther logging at C:\WINDOWS\Logs\DISM\dism.log
2026-09-14 11:04:48, Info                  DISM   Initialized Panther logging at C:\WINDOWS\Logs\DISM\dism.log
2026-09-14 11:04:48, Info                  DISM   DISM Manager: PID=11392 TID=14732 Image session successfully loaded from location: C:\WINDOWS\System32\Dism - CDISMManager::CreateImageSession
2026-09-14 11:04:48, Info                  DISM   DISM.EXE: Target image information: OS Version=10.0.26200.9445, Image architecture=amd64
2026-09-14 11:04:48, Info                  DISM   DISM.EXE: Image session version: 10.0.26100.9278
2026-09-14 11:04:48, Info                  DISM   DISM Transmog Provider: PID=11568 TID=11940 Current image session is [ONLINE] - CTransmogManager::GetMode
2026-09-14 11:04:48, Info                  DISM   DISM Transmog Provider: PID=11568 TID=11940 Audit Mode: [No] - CTransmogManager::Initialize
2026-09-14 11:04:48, Info                  DISM   DISM Transmog Provider: PID=11568 TID=11940 GetProductType: ProductType = [WinNT] - CTransmogManager::GetProductType
2026-09-14 11:04:48, Info                  DISM   DISM Transmog Provider: PID=11568 TID=11940 Product Type: [WinNT] - CTransmogManager::Initialize
2026-09-14 11:04:48, Info                  DISM   DISM Transmog Provider: PID=11568 TID=11940 Product Type ServerNT : [No] - CTransmogManager::Initialize
2026-09-14 11:04:48, Info                  DISM   DISM OS Provider: PID=11568 TID=11940 Determined System directory to be C:\Windows\System32 - CDISMOSServiceManager::get_SystemDirectory
2026-09-14 11:04:48, Info                  CSI    00000001 Shim considered [l:123]'\??\C:\WINDOWS\WinSxS\amd64_microsoft-windows-servicingstack_31bf3856ad364e35_10.0.26100.9441_none_a5253a19774da03c\wcp.dll' : got STATUS_SUCCESS
2026-09-14 11:04:48, Info                  DISM   DISM Driver Manager: PID=11568 TID=11940 Further logs for driver related operations can be found in the target operating system at %WINDIR%\inf\setupapi.offline.log - CDriverManager::Initialize
2026-09-14 11:04:48, Info                  DISM   DISM Package Manager: PID=11568 TID=11940 Finished initializing the CbsConUI Handler. - CCbsConUIHandler::Initialize
2026-09-14 11:04:48, Info                  DISM   DISM Package Manager: PID=11568 TID=11940 CBS is being initialized for online use. More information about CBS actions can be located at: %windir%\logs\CBS\CBS.log - CDISMPackageManager::Initialize
2026-09-14 11:04:48, Info                  DISM   DISM Package Manager: PID=11568 TID=11940 Loaded servicing stack for online use. - CDISMPackageManager::CreateCbsSession
2026-09-14 11:04:48, Info                  CSI    00000001 Shim considered [l:123]'\??\C:\WINDOWS\WinSxS\amd64_microsoft-windows-servicingstack_31bf3856ad364e35_10.0.26100.9441_none_a5253a19774da03c\wcp.dll' : got STATUS_SUCCESS
2026-09-14 11:04:48, Info                  DISM   DISM Package Manager: PID=11568 TID=11764 Processing the top level command token(cleanup-image). - CPackageManagerCLIHandler::Private_ValidateCmdLine
2026-09-14 11:04:48, Info                  DISM   DISM Package Manager: PID=11568 TID=11764 Attempting to route to appropriate command handler. - CPackageManagerCLIHandler::ExecuteCmdLine
2026-09-14 11:04:48, Info                  DISM   DISM Package Manager: PID=11568 TID=11764 Routing the command... - CPackageManagerCLIHandler::ExecuteCmdLine
2026-09-14 11:04:48, Info                  DISM   DISM Package Manager: PID=11568 TID=11764 CBS session options=0x40100! - CDISMPackageManager::Internal_Finalize
2026-09-14 11:09:46, Info                  DISM   API: PID=16500 TID=5968 DismApi.dll:                                            - DismInitializeInternal
2026-09-14 11:09:46, Info                  DISM   API: PID=16500 TID=5968 DismApi.dll: <----- Starting DismApi.dll session -----> - DismInitializeInternal
2026-09-14 11:09:46, Info                  DISM   API: PID=16500 TID=5968 DismApi.dll:                                            - DismInitializeInternal
2026-09-14 11:09:46, Info                  DISM   API: PID=16500 TID=5968 DismApi.dll: Host machine information: OS Version=10.0.26200, Running architecture=amd64, Number of processors=16 - DismInitializeInternal
2026-09-14 11:09:46, Info                  DISM   API: PID=16500 TID=5968 DismApi.dll: API Version 10.0.26100.9278 - DismInitializeInternal
2026-09-14 11:09:46, Info                  DISM   API: PID=16500 TID=5968 DismApi.dll: Parent process command line: C:\WINDOWS\system32\directxdatabaseupdater.exe -DatabaseComplete {D7F19640-4F1F-463F-930D-16EF6CE4460E} - DismInitializeInternal
2026-09-14 11:09:46, Info                  DISM   API: PID=16500 TID=5968 Input parameters: LogLevel: 2, LogFilePath: (null), ScratchDirectory: (null) - DismInitializeInternal
2026-09-14 11:09:46, Info                  DISM   Initialized Panther logging at C:\WINDOWS\Logs\DISM\dism.log
2026-09-14 11:09:46, Info                  DISM   API: PID=16500 TID=5968 Initialized GlobalConfig - DismInitializeInternal
2026-09-14 11:09:46, Info                  DISM   API: PID=16500 TID=5968 Initialized SessionTable - DismInitializeInternal
2026-09-14 11:09:46, Info                  DISM   API: PID=16500 TID=5968 Lookup in table by path failed for: DummyPath-2BA51B78-C7F7-4910-B99D-BB7345357CDC - CTransactionalImageTable::LookupImagePath
2026-09-14 11:09:46, Info                  DISM   API: PID=16500 TID=5968 Waiting for m_pInternalThread to start - CCommandThread::Start
2026-09-14 11:09:46, Info                  DISM   API: PID=16500 TID=18200 Enter CCommandThread::CommandThreadProcedureStub - CCommandThread::CommandThreadProcedureStub
2026-09-14 11:09:46, Info                  DISM   API: PID=16500 TID=18200 Enter CCommandThread::ExecuteLoop - CCommandThread::ExecuteLoop
2026-09-14 11:09:46, Info                  DISM   API: PID=16500 TID=5968 CommandThread StartupEvent signaled - CCommandThread::WaitForStartup
2026-09-14 11:09:46, Info                  DISM   API: PID=16500 TID=5968 m_pInternalThread started - CCommandThread::Start
2026-09-14 11:09:46, Info                  DISM   API: PID=16500 TID=5968 Created g_internalDismSession - DismInitializeInternal
2026-09-14 11:09:46, Info                  DISM   API: PID=16500 TID=5968 Input parameters: ImagePath: DISM_{53BFAE52-B167-4E2F-A258-0A37B57FF845}, WindowsDirectory: (null), SystemDrive: (null) - DismOpenSessionInternal
2026-09-14 11:09:46, Info                  DISM   API: PID=16500 TID=5968 Lookup in table by path failed for: DRIVE_C - CTransactionalImageTable::LookupImagePath
2026-09-14 11:09:46, Info                  DISM   API: PID=16500 TID=5968 Waiting for m_pInternalThread to start - CCommandThread::Start
2026-09-14 11:09:46, Info                  DISM   API: PID=16500 TID=5180 Enter CCommandThread::CommandThreadProcedureStub - CCommandThread::CommandThreadProcedureStub
2026-09-14 11:09:46, Info                  DISM   API: PID=16500 TID=5180 Enter CCommandThread::ExecuteLoop - CCommandThread::ExecuteLoop
2026-09-14 11:09:46, Info                  DISM   API: PID=16500 TID=5968 CommandThread StartupEvent signaled - CCommandThread::WaitForStartup
2026-09-14 11:09:46, Info                  DISM   API: PID=16500 TID=5968 m_pInternalThread started - CCommandThread::Start
2026-09-14 11:09:46, Info                  DISM   API: PID=16500 TID=5968 Successfully enqueued command object - CCommandThread::EnqueueCommandObject
2026-09-14 11:09:46, Info                  DISM   API: PID=16500 TID=5180 ExecuteLoop: CommandQueue signaled - CCommandThread::ExecuteLoop
2026-09-14 11:09:46, Info                  DISM   API: PID=16500 TID=5180 Successfully dequeued command object - CCommandThread::DequeueCommandObject
2026-09-14 11:09:46, Info                  DISM   PID=16500 TID=5180 Scratch directory set to 'C:\WINDOWS\SystemTemp\'. - CDISMManager::put_ScratchDir
2026-09-14 11:09:46, Info                  DISM   PID=16500 TID=5180 DismCore.dll version: 10.0.26100.9278 - CDISMManager::FinalConstruct
2026-09-14 11:09:46, Info                  DISM   Initialized Panther logging at C:\WINDOWS\Logs\DISM\dism.log
2026-09-14 11:09:46, Info                  DISM   PID=16500 TID=5180 Successfully loaded the ImageSession at "C:\WINDOWS\system32\Dism" - CDISMManager::LoadLocalImageSession
2026-09-14 11:09:46, Info                  DISM   Initialized Panther logging at C:\WINDOWS\Logs\DISM\dism.log
2026-09-14 11:09:46, Info                  DISM   DISM Provider Store: PID=16500 TID=5180 Found and Initialized the DISM Logger. - CDISMProviderStore::Internal_InitializeLogger
2026-09-14 11:09:46, Info                  DISM   Initialized Panther logging at C:\WINDOWS\Logs\DISM\dism.log
2026-09-14 11:09:46, Info                  DISM   DISM Manager: PID=16500 TID=5180 Successfully created the local image session and provider store. - CDISMManager::CreateLocalImageSession
2026-09-14 11:09:46, Info                  DISM   DISM FFU Provider: PID=16500 TID=5180 [C:\] is not recognized by the DISM FFU provider. - CFfuImage::Initialize
2026-09-14 11:09:46, Info                  DISM   DISM Imaging Provider: PID=16500 TID=5180 The provider FfuManager does not support CreateDismImage on C:\ - CGenericImagingManager::CreateDismImage
2026-09-14 11:09:46, Info                  DISM   DISM VHD Provider: PID=16500 TID=5180 [C:\] is not recognized by the DISM VHD provider. - CVhdImage::Initialize
2026-09-14 11:09:46, Info                  DISM   DISM Imaging Provider: PID=16500 TID=5180 The provider VHDManager does not support CreateDismImage on C:\ - CGenericImagingManager::CreateDismImage
[16500.5180] [0x8007007b] FIOReadFileIntoBuffer:(1454): The filename, directory name, or volume label syntax is incorrect.
[16500.5180] [0xc142011c] UnmarshallImageHandleFromDirectory:(641)
[16500.5180] [0xc142011c] WIMGetMountedImageHandle:(2910)
2026-09-14 11:09:46, Info                  DISM   DISM WIM Provider: PID=16500 TID=5180 [C:\] is not a WIM mount point. - CWimMountedImageInfo::Initialize
2026-09-14 11:09:46, Info                  DISM   DISM Imaging Provider: PID=16500 TID=5180 The provider WimManager does not support CreateDismImage on C:\ - CGenericImagingManager::CreateDismImage
2026-09-14 11:09:46, Info                  DISM   DISM Imaging Provider: PID=16500 TID=5180 No imaging provider supported CreateDismImage for this path - CGenericImagingManager::CreateDismImage
[16500.5180] [0x8007007b] FIOReadFileIntoBuffer:(1454): The filename, directory name, or volume label syntax is incorrect.
[16500.5180] [0xc142011c] UnmarshallImageHandleFromDirectory:(641)
[16500.5180] [0xc142011c] WIMGetMountedImageHandle:(2910)
2026-09-14 11:09:46, Info                  DISM   DISM WIM Provider: PID=16500 TID=5180 [C:\] is not a WIM mount point. - CWimMountedImageInfo::Initialize
2026-09-14 11:09:46, Info                  DISM   DISM FFU Provider: PID=16500 TID=5180 [C:\] is not recognized by the DISM FFU provider. - CFfuImage::Initialize
2026-09-14 11:09:46, Info                  DISM   DISM VHD Provider: PID=16500 TID=5180 [C:\] is not recognized by the DISM VHD provider. - CVhdImage::Initialize
2026-09-14 11:09:46, Info                  DISM   DISM Manager: PID=16500 TID=5180 physical location path: C:\ - CDISMManager::CreateImageSession
2026-09-14 11:09:46, Info                  DISM   DISM Manager: PID=16500 TID=5180 Event name for current DISM session is Global\{01CFC7F5-A9A8-4D67-BE19-C24D7F871991} - CDISMManager::CheckSessionAndLock
2026-09-14 11:09:46, Info                  DISM   DISM Manager: PID=16500 TID=5180 Create session event 0x3e4 for current DISM session and event name is Global\{01CFC7F5-A9A8-4D67-BE19-C24D7F871991}  - CDISMManager::CheckSessionAndLock
2026-09-14 11:09:46, Info                  DISM   DISM Manager: PID=16500 TID=5180 Copying DISM from "C:\Windows\System32\Dism" - CDISMManager::CreateImageSessionFromLocation
2026-09-14 11:09:46, Info                  DISM   DISM Manager: PID=16500 TID=5180 No Sandbox was created, DISM running in-place. - CDISMManager::CreateImageSessionFromLocation
2026-09-14 11:09:46, Info                  DISM   DISM Manager: PID=16500 TID=5180 Successfully loaded the ImageSession at "C:\Windows\System32\Dism" - CDISMManager::LoadRemoteImageSession
2026-09-14 11:09:46, Info                  DISM   DISM Image Session: PID=8352 TID=8272 Instantiating the Provider Store. - CDISMImageSession::get_ProviderStore
2026-09-14 11:09:46, Info                  DISM   DISM OS Provider: PID=8352 TID=8272 Defaulting SystemPath to C:\ - CDISMOSServiceManager::Final_OnConnect
2026-09-14 11:09:46, Info                  DISM   DISM OS Provider: PID=8352 TID=8272 Defaulting Windows folder to C:\Windows - CDISMOSServiceManager::Final_OnConnect
2026-09-14 11:09:46, Info                  DISM   DISM Provider Store: PID=8352 TID=8272 Attempting to initialize the logger from the Image Session. - CDISMProviderStore::Final_OnConnect
2026-09-14 11:09:46, Info                  DISM   Initialized Panther logging at C:\WINDOWS\Logs\DISM\dism.log
2026-09-14 11:09:46, Info                  DISM   DISM Provider Store: PID=8352 TID=8272 Found and Initialized the DISM Logger. - CDISMProviderStore::Internal_InitializeLogger
2026-09-14 11:09:46, Info                  DISM   Initialized Panther logging at C:\WINDOWS\Logs\DISM\dism.log
2026-09-14 11:09:46, Info                  DISM   Initialized Panther logging at C:\WINDOWS\Logs\DISM\dism.log
2026-09-14 11:09:46, Info                  DISM   DISM Manager: PID=16500 TID=5180 Image session successfully loaded from location: C:\Windows\System32\Dism - CDISMManager::CreateImageSession
2026-09-14 11:09:46, Info                  DISM   API: PID=16500 TID=5180 Target image information: OS Version=10.0.26200.9445, Image architecture=amd64 - CDismCore::LogImageSessionDetails
2026-09-14 11:09:46, Info                  DISM   API: PID=16500 TID=5968 Session id is: 2 - DismOpenSessionInternal
2026-09-14 11:09:46, Info                  DISM   API: PID=16500 TID=5968 Input parameter: Session: 2 - DismGetPackagesInternal
2026-09-14 11:09:46, Info                  DISM   API: PID=16500 TID=5968 Successfully enqueued command object - CCommandThread::EnqueueCommandObject
2026-09-14 11:09:46, Info                  DISM   API: PID=16500 TID=5180 ExecuteLoop: CommandQueue signaled - CCommandThread::ExecuteLoop
2026-09-14 11:09:46, Info                  DISM   API: PID=16500 TID=5180 Successfully dequeued command object - CCommandThread::DequeueCommandObject
2026-09-14 11:09:46, Info                  DISM   DISM Package Manager: PID=8352 TID=8272 Finished initializing the CbsConUI Handler. - CCbsConUIHandler::Initialize
2026-09-14 11:09:46, Info                  DISM   DISM Package Manager: PID=8352 TID=8272 CBS is being initialized for online use. More information about CBS actions can be located at: %windir%\logs\CBS\CBS.log - CDISMPackageManager::Initialize
2026-09-14 11:09:46, Info                  DISM   DISM Package Manager: PID=8352 TID=8272 Loaded servicing stack for online use. - CDISMPackageManager::CreateCbsSession
2026-09-14 11:09:46, Info                  CSI    00000001 Shim considered [l:123]'\??\C:\WINDOWS\WinSxS\amd64_microsoft-windows-servicingstack_31bf3856ad364e35_10.0.26100.9441_none_a5253a19774da03c\wcp.dll' : got STATUS_SUCCESS
2026-09-14 11:09:48, Info                  DISM   DISM Package Manager: PID=8352 TID=8272 Package HyperV-OptionalFeature-VirtualMachinePlatform-Client-Disabled-FOD-Package~31bf3856ad364e35~amd64~en-US~10.0.26100.1 with CBS state 7(CbsInstallStateInstalled) being mapped to dism state 5(DISM_INSTALL_STATE_INSTALLED) - CDISMPackage::LogInstallStateMapping
2026-09-14 11:09:48, Info                  DISM   DISM Package Manager: PID=8352 TID=11560 Package HyperV-OptionalFeature-VirtualMachinePlatform-Client-Disabled-FOD-Package~31bf3856ad364e35~amd64~~10.0.26100.1742 with CBS state 4(CbsInstallStateStaged) being mapped to dism state 3(DISM_INSTALL_STATE_STAGED) - CDISMPackage::LogInstallStateMapping
2026-09-14 11:09:48, Info                  DISM   DISM Package Manager: PID=8352 TID=11560 Package HyperV-OptionalFeature-VirtualMachinePlatform-Client-Disabled-FOD-Package~31bf3856ad364e35~amd64~~10.0.26100.8894 with CBS state -17(CbsInstallStateSuperseded) being mapped to dism state 7(DISM_INSTALL_STATE_SUPERSEDED) - CDISMPackage::LogInstallStateMapping
2026-09-14 11:09:48, Info                  DISM   DISM Package Manager: PID=8352 TID=11560 Package HyperV-OptionalFeature-VirtualMachinePlatform-Client-Disabled-FOD-Package~31bf3856ad364e35~amd64~~10.0.26100.9168 with CBS state -17(CbsInstallStateSuperseded) being mapped to dism state 7(DISM_INSTALL_STATE_SUPERSEDED) - CDISMPackage::LogInstallStateMapping
2026-09-14 11:09:48, Info                  DISM   DISM Package Manager: PID=8352 TID=11560 Package HyperV-OptionalFeature-VirtualMachinePlatform-Client-Disabled-FOD-Package~31bf3856ad364e35~amd64~~10.0.26100.9445 with CBS state 7(CbsInstallStateInstalled) being mapped to dism state 5(DISM_INSTALL_STATE_INSTALLED) - CDISMPackage::LogInstallStateMapping
2026-09-14 11:09:48, Info                  DISM   DISM Package Manager: PID=8352 TID=11560 Package Microsoft-Edge-WebView-FOD-Package~31bf3856ad364e35~amd64~~10.0.26100.1 with CBS state 4(CbsInstallStateStaged) being mapped to dism state 3(DISM_INSTALL_STATE_STAGED) - CDISMPackage::LogInstallStateMapping
2026-09-14 11:09:48, Info                  DISM   DISM Package Manager: PID=8352 TID=11560 Package Microsoft-Edge-WebView-FOD-Package~31bf3856ad364e35~amd64~~10.0.26100.8894 with CBS state -17(CbsInstallStateSuperseded) being mapped to dism state 7(DISM_INSTALL_STATE_SUPERSEDED) - CDISMPackage::LogInstallStateMapping
2026-09-14 11:09:48, Info                  DISM   DISM Package Manager: PID=8352 TID=11560 Package Microsoft-Edge-WebView-FOD-Package~31bf3856ad364e35~amd64~~10.0.26100.9168 with CBS state -17(CbsInstallStateSuperseded) being mapped to dism state 7(DISM_INSTALL_STATE_SUPERSEDED) - CDISMPackage::LogInstallStateMapping
2026-09-14 11:09:48, Info                  DISM   DISM Package Manager: PID=8352 TID=11560 Package Microsoft-Edge-WebView-FOD-Package~31bf3856ad364e35~amd64~~10.0.26100.9444 with CBS state 7(CbsInstallStateInstalled) being mapped to dism state 5(DISM_INSTALL_STATE_INSTALLED) - CDISMPackage::LogInstallStateMapping
2026-09-14 11:09:48, Info                  DISM   DISM Package Manager: PID=8352 TID=11560 Package Microsoft-OneCore-ApplicationModel-Sync-Desktop-FOD-Package~31bf3856ad364e35~amd64~~10.0.26100.1742 with CBS state 4(CbsInstallStateStaged) being mapped to dism state 3(DISM_INSTALL_STATE_STAGED) - CDISMPackage::LogInstallStateMapping
2026-09-14 11:09:48, Info                  DISM   DISM Package Manager: PID=8352 TID=11560 Package Microsoft-OneCore-ApplicationModel-Sync-Desktop-FOD-Package~31bf3856ad364e35~amd64~~10.0.26100.8894 with CBS state -17(CbsInstallStateSuperseded) being mapped to dism state 7(DISM_INSTALL_STATE_SUPERSEDED) - CDISMPackage::LogInstallStateMapping
2026-09-14 11:09:48, Info                  DISM   DISM Package Manager: PID=8352 TID=11560 Package Microsoft-OneCore-ApplicationModel-Sync-Desktop-FOD-Package~31bf3856ad364e35~amd64~~10.0.26100.9168 with CBS state -17(CbsInstallStateSuperseded) being mapped to dism state 7(DISM_INSTALL_STATE_SUPERSEDED) - CDISMPackage::LogInstallStateMapping
2026-09-14 11:09:48, Info                  DISM   DISM Package Manager: PID=8352 TID=11560 Package Microsoft-OneCore-ApplicationModel-Sync-Desktop-FOD-Package~31bf3856ad364e35~amd64~~10.0.26100.9444 with CBS state 7(CbsInstallStateInstalled) being mapped to dism state 5(DISM_INSTALL_STATE_INSTALLED) - CDISMPackage::LogInstallStateMapping
2026-09-14 11:09:48, Info                  DISM   DISM Package Manager: PID=8352 TID=11560 Package Microsoft-OneCore-DirectX-Database-FOD-Package-Wrapper~31bf3856ad364e35~amd64~~10.0.26100.1742 with CBS state 4(CbsInstallStateStaged) being mapped to dism state 3(DISM_INSTALL_STATE_STAGED) - CDISMPackage::LogInstallStateMapping
2026-09-14 11:09:48, Info                  DISM   DISM Package Manager: PID=8352 TID=11560 Package Microsoft-OneCore-Graphics-Tools-Package~31bf3856ad364e35~amd64~~10.0.26100.1742 with CBS state 4(CbsInstallStateStaged) being mapped to dism state 3(DISM_INSTALL_STATE_STAGED) - CDISMPackage::LogInstallStateMapping
2026-09-14 11:09:48, Info                  DISM   DISM Package Manager: PID=8352 TID=11560 Package Microsoft-OneCore-Graphics-Tools-Package~31bf3856ad364e35~amd64~~10.0.26100.8894 with CBS state -17(CbsInstallStateSuperseded) being mapped to dism state 7(DISM_INSTALL_STATE_SUPERSEDED) - CDISMPackage::LogInstallStateMapping
2026-09-14 11:09:48, Info                  DISM   DISM Package Manager: PID=8352 TID=11560 Package Microsoft-OneCore-Graphics-Tools-Package~31bf3856ad364e35~amd64~~10.0.26100.9168 with CBS state -17(CbsInstallStateSuperseded) being mapped to dism state 7(DISM_INSTALL_STATE_SUPERSEDED) - CDISMPackage::LogInstallStateMapping
2026-09-14 11:09:48, Info                  DISM   DISM Package Manager: PID=8352 TID=11560 Package Microsoft-OneCore-Graphics-Tools-Package~31bf3856ad364e35~amd64~~10.0.26100.9444 with CBS state 7(CbsInstallStateInstalled) being mapped to dism state 5(DISM_INSTALL_STATE_INSTALLED) - CDISMPackage::LogInstallStateMapping
2026-09-14 11:09:48, Info                  DISM   DISM Package Manager: PID=8352 TID=11560 Package Microsoft-Windows-Client-LanguagePack-Package~31bf3856ad364e35~amd64~en-US~10.0.26100.1742 with CBS state 4(CbsInstallStateStaged) being mapped to dism state 3(DISM_INSTALL_STATE_STAGED) - CDISMPackage::LogInstallStateMapping
2026-09-14 11:09:48, Info                  DISM   DISM Package Manager: PID=8352 TID=11560 Package Microsoft-Windows-Client-LanguagePack-Package~31bf3856ad364e35~amd64~en-US~10.0.26100.8894 with CBS state -17(CbsInstallStateSuperseded) being mapped to dism state 7(DISM_INSTALL_STATE_SUPERSEDED) - CDISMPackage::LogInstallStateMapping
2026-09-14 11:09:48, Info                  DISM   DISM Package Manager: PID=8352 TID=11560 Package Microsoft-Windows-Client-LanguagePack-Package~31bf3856ad364e35~amd64~en-US~10.0.26100.9168 with CBS state -17(CbsInstallStateSuperseded) being mapped to dism state 7(DISM_INSTALL_STATE_SUPERSEDED) - CDISMPackage::LogInstallStateMapping
2026-09-14 11:09:48, Info                  DISM   DISM Package Manager: PID=8352 TID=11560 Package Microsoft-Windows-Client-LanguagePack-Package~31bf3856ad364e35~amd64~en-US~10.0.26100.9444 with CBS state 7(CbsInstallStateInstalled) being mapped to dism state 5(DISM_INSTALL_STATE_INSTALLED) - CDISMPackage::LogInstallStateMapping
2026-09-14 11:09:48, Info                  DISM   DISM Package Manager: PID=8352 TID=11560 Package Microsoft-Windows-DirectoryServices-ADAM-Client-FOD-Package~31bf3856ad364e35~amd64~en-US~10.0.26100.1 with CBS state 7(CbsInstallStateInstalled) being mapped to dism state 5(DISM_INSTALL_STATE_INSTALLED) - CDISMPackage::LogInstallStateMapping
2026-09-14 11:09:48, Info                  DISM   DISM Package Manager: PID=8352 TID=11560 Package Microsoft-Windows-DirectoryServices-ADAM-Client-FOD-Package~31bf3856ad364e35~amd64~~10.0.26100.1742 with CBS state 4(CbsInstallStateStaged) being mapped to dism state 3(DISM_INSTALL_STATE_STAGED) - CDISMPackage::LogInstallStateMapping
2026-09-14 11:09:48, Info                  DISM   DISM Package Manager: PID=8352 TID=11560 Package Microsoft-Windows-DirectoryServices-ADAM-Client-FOD-Package~31bf3856ad364e35~amd64~~10.0.26100.8894 with CBS state -17(CbsInstallStateSuperseded) being mapped to dism state 7(DISM_INSTALL_STATE_SUPERSEDED) - CDISMPackage::LogInstallStateMapping
2026-09-14 11:09:48, Info                  DISM   DISM Package Manager: PID=8352 TID=11560 Package Microsoft-Windows-DirectoryServices-ADAM-Client-FOD-Package~31bf3856ad364e35~amd64~~10.0.26100.9168 with CBS state -17(CbsInstallStateSuperseded) being mapped to dism state 7(DISM_INSTALL_STATE_SUPERSEDED) - CDISMPackage::LogInstallStateMapping
2026-09-14 11:09:48, Info                  DISM   DISM Package Manager: PID=8352 TID=11560 Package Microsoft-Windows-DirectoryServices-ADAM-Client-FOD-Package~31bf3856ad364e35~amd64~~10.0.26100.9445 with CBS state 7(CbsInstallStateInstalled) being mapped to dism state 5(DISM_INSTALL_STATE_INSTALLED) - CDISMPackage::LogInstallStateMapping
2026-09-14 11:09:48, Info                  DISM   DISM Package Manager: PID=8352 TID=11560 Package Microsoft-Windows-DirectoryServices-ADAM-Client-FOD-Package~31bf3856ad364e35~wow64~en-US~10.0.26100.1 with CBS state 7(CbsInstallStateInstalled) being mapped to dism state 5(DISM_INSTALL_STATE_INSTALLED) - CDISMPackage::LogInstallStateMapping
2026-09-14 11:09:48, Info                  DISM   DISM Package Manager: PID=8352 TID=11560 Package Microsoft-Windows-DirectoryServices-ADAM-Client-FOD-Package~31bf3856ad364e35~wow64~~10.0.26100.1742 with CBS state 4(CbsInstallStateStaged) being mapped to dism state 3(DISM_INSTALL_STATE_STAGED) - CDISMPackage::LogInstallStateMapping
2026-09-14 11:09:48, Info                  DISM   DISM Package Manager: PID=8352 TID=11560 Package Microsoft-Windows-DirectoryServices-ADAM-Client-FOD-Package~31bf3856ad364e35~wow64~~10.0.26100.8894 with CBS state -17(CbsInstallStateSuperseded) being mapped to dism state 7(DISM_INSTALL_STATE_SUPERSEDED) - CDISMPackage::LogInstallStateMapping
2026-09-14 11:09:48, Info                  DISM   DISM Package Manager: PID=8352 TID=11560 Package Microsoft-Windows-DirectoryServices-ADAM-Client-FOD-Package~31bf3856ad364e35~wow64~~10.0.26100.9168 with CBS state -17(CbsInstallStateSuperseded) being mapped to dism state 7(DISM_INSTALL_STATE_SUPERSEDED) - CDISMPackage::LogInstallStateMapping
2026-09-14 11:09:48, Info                  DISM   DISM Package Manager: PID=8352 TID=11560 Package Microsoft-Windows-DirectoryServices-ADAM-Client-FOD-Package~31bf3856ad364e35~wow64~~10.0.26100.9444 with CBS state 7(CbsInstallStateInstalled) being mapped to dism state 5(DISM_INSTALL_STATE_INSTALLED) - CDISMPackage::LogInstallStateMapping
2026-09-14 11:09:48, Info                  DISM   DISM Package Manager: PID=8352 TID=11560 Package Microsoft-Windows-Dolby-Features-FoD-Package~31bf3856ad364e35~amd64~~10.0.26100.1742 with CBS state 4(CbsInstallStateStaged) being mapped to dism state 3(DISM_INSTALL_STATE_STAGED) - CDISMPackage::LogInstallStateMapping
2026-09-14 11:09:48, Info                  DISM   DISM Package Manager: PID=8352 TID=11560 Package Microsoft-Windows-Dolby-Features-FoD-Package~31bf3856ad364e35~amd64~~10.0.26100.8894 with CBS state -17(CbsInstallStateSuperseded) being mapped to dism state 7(DISM_INSTALL_STATE_SUPERSEDED) - CDISMPackage::LogInstallStateMapping
2026-09-14 11:09:48, Info                  DISM   DISM Package Manager: PID=8352 TID=11560 Package Microsoft-Windows-Dolby-Features-FoD-Package~31bf3856ad364e35~amd64~~10.0.26100.9168 with CBS state -17(CbsInstallStateSuperseded) being mapped to dism state 7(DISM_INSTALL_STATE_SUPERSEDED) - CDISMPackage::LogInstallStateMapping
2026-09-14 11:09:48, Info                  DISM   DISM Package Manager: PID=8352 TID=11560 Package Microsoft-Windows-Dolby-Features-FoD-Package~31bf3856ad364e35~amd64~~10.0.26100.9444 with CBS state 7(CbsInstallStateInstalled) being mapped to dism state 5(DISM_INSTALL_STATE_INSTALLED) - CDISMPackage::LogInstallStateMapping
2026-09-14 11:09:48, Info                  DISM   DISM Package Manager: PID=8352 TID=11560 Package Microsoft-Windows-EnterpriseClientSync-Host-FOD-Package~31bf3856ad364e35~amd64~en-US~10.0.26100.1 with CBS state 7(CbsInstallStateInstalled) being mapped to dism state 5(DISM_INSTALL_STATE_INSTALLED) - CDISMPackage::LogInstallStateMapping
2026-09-14 11:09:48, Info                  DISM   DISM Package Manager: PID=8352 TID=11560 Package Microsoft-Windows-EnterpriseClientSync-Host-FOD-Package~31bf3856ad364e35~amd64~~10.0.26100.1742 with CBS state 4(CbsInstallStateStaged) being mapped to dism state 3(DISM_INSTALL_STATE_STAGED) - CDISMPackage::LogInstallStateMapping
2026-09-14 11:09:48, Info                  DISM   DISM Package Manager: PID=8352 TID=11560 Package Microsoft-Windows-EnterpriseClientSync-Host-FOD-Package~31bf3856ad364e35~amd64~~10.0.26100.8894 with CBS state -17(CbsInstallStateSuperseded) being mapped to dism state 7(DISM_INSTALL_STATE_SUPERSEDED) - CDISMPackage::LogInstallStateMapping
2026-09-14 11:09:48, Info                  DISM   DISM Package Manager: PID=8352 TID=11560 Package Microsoft-Windows-EnterpriseClientSync-Host-FOD-Package~31bf3856ad364e35~amd64~~10.0.26100.9168 with CBS state -17(CbsInstallStateSuperseded) being mapped to dism state 7(DISM_INSTALL_STATE_SUPERSEDED) - CDISMPackage::LogInstallStateMapping
2026-09-14 11:09:48, Info                  DISM   DISM Package Manager: PID=8352 TID=11560 Package Microsoft-Windows-EnterpriseClientSync-Host-FOD-Package~31bf3856ad364e35~amd64~~10.0.26100.9445 with CBS state 7(CbsInstallStateInstalled) being mapped to dism state 5(DISM_INSTALL_STATE_INSTALLED) - CDISMPackage::LogInstallStateMapping
2026-09-14 11:09:48, Info                  DISM   DISM Package Manager: PID=8352 TID=11560 Package Microsoft-Windows-EnterpriseClientSync-Host-FOD-Package~31bf3856ad364e35~wow64~en-US~10.0.26100.1 with CBS state 7(CbsInstallStateInstalled) being mapped to dism state 5(DISM_INSTALL_STATE_INSTALLED) - CDISMPackage::LogInstallStateMapping
2026-09-14 11:09:48, Info                  DISM   DISM Package Manager: PID=8352 TID=11560 Package Microsoft-Windows-EnterpriseClientSync-Host-FOD-Package~31bf3856ad364e35~wow64~~10.0.26100.1 with CBS state 4(CbsInstallStateStaged) being mapped to dism state 3(DISM_INSTALL_STATE_STAGED) - CDISMPackage::LogInstallStateMapping
2026-09-14 11:09:48, Info                  DISM   DISM Package Manager: PID=8352 TID=11560 Package Microsoft-Windows-EnterpriseClientSync-Host-FOD-Package~31bf3856ad364e35~wow64~~10.0.26100.8894 with CBS state -17(CbsInstallStateSuperseded) being mapped to dism state 7(DISM_INSTALL_STATE_SUPERSEDED) - CDISMPackage::LogInstallStateMapping
2026-09-14 11:09:48, Info                  DISM   DISM Package Manager: PID=8352 TID=11560 Package Microsoft-Windows-EnterpriseClientSync-Host-FOD-Package~31bf3856ad364e35~wow64~~10.0.26100.9168 with CBS state -17(CbsInstallStateSuperseded) being mapped to dism state 7(DISM_INSTALL_STATE_SUPERSEDED) - CDISMPackage::LogInstallStateMapping
2026-09-14 11:09:48, Info                  DISM   DISM Package Manager: PID=8352 TID=11560 Package Microsoft-Windows-EnterpriseClientSync-Host-FOD-Package~31bf3856ad364e35~wow64~~10.0.26100.9445 with CBS state 7(CbsInstallStateInstalled) being mapped to dism state 5(DISM_INSTALL_STATE_INSTALLED) - CDISMPackage::LogInstallStateMapping
2026-09-14 11:09:48, Info                  DISM   DISM Package Manager: PID=8352 TID=11560 Package Microsoft-Windows-Ethernet-Client-Intel-E1i68x64-FOD-Package~31bf3856ad364e35~amd64~~10.0.26100.1742 with CBS state 4(CbsInstallStateStaged) being mapped to dism state 3(DISM_INSTALL_STATE_STAGED) - CDISMPackage::LogInstallStateMapping
2026-09-14 11:09:48, Info                  DISM   DISM Package Manager: PID=8352 TID=11560 Package Microsoft-Windows-Ethernet-Client-Intel-E1i68x64-FOD-Package~31bf3856ad364e35~amd64~~10.0.26100.8894 with CBS state -17(CbsInstallStateSuperseded) being mapped to dism state 7(DISM_INSTALL_STATE_SUPERSEDED) - CDISMPackage::LogInstallStateMapping
2026-09-14 11:09:48, Info                  DISM   DISM Package Manager: PID=8352 TID=11560 Package Microsoft-Windows-Ethernet-Client-Intel-E1i68x64-FOD-Package~31bf3856ad364e35~amd64~~10.0.26100.9168 with CBS state -17(CbsInstallStateSuperseded) being mapped to dism state 7(DISM_INSTALL_STATE_SUPERSEDED) - CDISMPackage::LogInstallStateMapping
2026-09-14 11:09:48, Info                  DISM   DISM Package Manager: PID=8352 TID=11560 Package Microsoft-Windows-Ethernet-Client-Intel-E1i68x64-FOD-Package~31bf3856ad364e35~amd64~~10.0.26100.9444 with CBS state 7(CbsInstallStateInstalled) being mapped to dism state 5(DISM_INSTALL_STATE_INSTALLED) - CDISMPackage::LogInstallStateMapping
2026-09-14 11:09:48, Info                  DISM   DISM Package Manager: PID=8352 TID=11560 Package Microsoft-Windows-Ethernet-Client-Intel-E2f68-FOD-Package~31bf3856ad364e35~amd64~~10.0.26100.1742 with CBS state 4(CbsInstallStateStaged) being mapped to dism state 3(DISM_INSTALL_STATE_STAGED) - CDISMPackage::LogInstallStateMapping
2026-09-14 11:09:48, Info                  DISM   DISM Package Manager: PID=8352 TID=11560 Package Microsoft-Windows-Ethernet-Client-Intel-E2f68-FOD-Package~31bf3856ad364e35~amd64~~10.0.26100.8894 with CBS state -17(CbsInstallStateSuperseded) being mapped to dism state 7(DISM_INSTALL_STATE_SUPERSEDED) - CDISMPackage::LogInstallStateMapping
2026-09-14 11:09:48, Info                  DISM   DISM Package Manager: PID=8352 TID=11560 Package Microsoft-Windows-Ethernet-Client-Intel-E2f68-FOD-Package~31bf3856ad364e35~amd64~~10.0.26100.9168 with CBS state -17(CbsInstallStateSuperseded) being mapped to dism state 7(DISM_INSTALL_STATE_SUPERSEDED) - CDISMPackage::LogInstallStateMapping
2026-09-14 11:09:48, Info                  DISM   DISM Package Manager: PID=8352 TID=11560 Package Microsoft-Windows-Ethernet-Client-Intel-E2f68-FOD-Package~31bf3856ad364e35~amd64~~10.0.26100.9444 with CBS state 7(CbsInstallStateInstalled) being mapped to dism state 5(DISM_INSTALL_STATE_INSTALLED) - CDISMPackage::LogInstallStateMapping
2026-09-14 11:09:48, Info                  DISM   DISM Package Manager: PID=8352 TID=11560 Package Microsoft-Windows-Ethernet-Client-Realtek-Rtcx21x64-FOD-Package~31bf3856ad364e35~amd64~~10.0.26100.1742 with CBS state 4(CbsInstallStateStaged) being mapped to dism state 3(DISM_INSTALL_STATE_STAGED) - CDISMPackage::LogInstallStateMapping
2026-09-14 11:09:48, Info                  DISM   DISM Package Manager: PID=8352 TID=11560 Package Microsoft-Windows-Ethernet-Client-Realtek-Rtcx21x64-FOD-Package~31bf3856ad364e35~amd64~~10.0.26100.8894 with CBS state -17(CbsInstallStateSuperseded) being mapped to dism state 7(DISM_INSTALL_STATE_SUPERSEDED) - CDISMPackage::LogInstallStateMapping
2026-09-14 11:09:48, Info                  DISM   DISM Package Manager: PID=8352 TID=11560 Package Microsoft-Windows-Ethernet-Client-Realtek-Rtcx21x64-FOD-Package~31bf3856ad364e35~amd64~~10.0.26100.9168 with CBS state -17(CbsInstallStateSuperseded) being mapped to dism state 7(DISM_INSTALL_STATE_SUPERSEDED) - CDISMPackage::LogInstallStateMapping
2026-09-14 11:09:48, Info                  DISM   DISM Package Manager: PID=8352 TID=11560 Package Microsoft-Windows-Ethernet-Client-Realtek-Rtcx21x64-FOD-Package~31bf3856ad364e35~amd64~~10.0.26100.9444 with CBS state 7(CbsInstallStateInstalled) being mapped to dism state 5(DISM_INSTALL_STATE_INSTALLED) - CDISMPackage::LogInstallStateMapping
2026-09-14 11:09:48, Info                  DISM   DISM Package Manager: PID=8352 TID=11560 Package Microsoft-Windows-Ethernet-Client-Vmware-Vmxnet3-FOD-Package~31bf3856ad364e35~amd64~~10.0.26100.1742 with CBS state 4(CbsInstallStateStaged) being mapped to dism state 3(DISM_INSTALL_STATE_STAGED) - CDISMPackage::LogInstallStateMapping
2026-09-14 11:09:48, Info                  DISM   DISM Package Manager: PID=8352 TID=11560 Package Microsoft-Windows-Ethernet-Client-Vmware-Vmxnet3-FOD-Package~31bf3856ad364e35~amd64~~10.0.26100.8894 with CBS state -17(CbsInstallStateSuperseded) being mapped to dism state 7(DISM_INSTALL_STATE_SUPERSEDED) - CDISMPackage::LogInstallStateMapping
2026-09-14 11:09:48, Info                  DISM   DISM Package Manager: PID=8352 TID=11560 Package Microsoft-Windows-Ethernet-Client-Vmware-Vmxnet3-FOD-Package~31bf3856ad364e35~amd64~~10.0.26100.9168 with CBS state -17(CbsInstallStateSuperseded) being mapped to dism state 7(DISM_INSTALL_STATE_SUPERSEDED) - CDISMPackage::LogInstallStateMapping
2026-09-14 11:09:48, Info                  DISM   DISM Package Manager: PID=8352 TID=11560 Package Microsoft-Windows-Ethernet-Client-Vmware-Vmxnet3-FOD-Package~31bf3856ad364e35~amd64~~10.0.26100.9444 with CBS state 7(CbsInstallStateInstalled) being mapped to dism state 5(DISM_INSTALL_STATE_INSTALLED) - CDISMPackage::LogInstallStateMapping
2026-09-14 11:09:48, Info                  DISM   DISM Package Manager: PID=8352 TID=11560 Package Microsoft-Windows-FodMetadata-Package~31bf3856ad364e35~amd64~~10.0.26100.1 with CBS state 7(CbsInstallStateInstalled) being mapped to dism state 5(DISM_INSTALL_STATE_INSTALLED) - CDISMPackage::LogInstallStateMapping
2026-09-14 11:09:48, Info                  DISM   DISM Package Manager: PID=8352 TID=11560 Package Microsoft-Windows-FodMetadataServicing-Desktop-CompDB-Package~31bf3856ad364e35~amd64~~10.0.26100.1 with CBS state 7(CbsInstallStateInstalled) being mapped to dism state 5(DISM_INSTALL_STATE_INSTALLED) - CDISMPackage::LogInstallStateMapping
2026-09-14 11:09:48, Info                  DISM   DISM Package Manager: PID=8352 TID=11560 Package Microsoft-Windows-FodMetadataServicing-Desktop-Metadata-Package~31bf3856ad364e35~amd64~~10.0.26100.1742 with CBS state -17(CbsInstallStateSuperseded) being mapped to dism state 7(DISM_INSTALL_STATE_SUPERSEDED) - CDISMPackage::LogInstallStateMapping
2026-09-14 11:09:48, Info                  DISM   DISM Package Manager: PID=8352 TID=11560 Package Microsoft-Windows-FodMetadataServicing-Desktop-Metadata-Package~31bf3856ad364e35~amd64~~10.0.26100.8894 with CBS state -17(CbsInstallStateSuperseded) being mapped to dism state 7(DISM_INSTALL_STATE_SUPERSEDED) - CDISMPackage::LogInstallStateMapping
2026-09-14 11:09:48, Info                  DISM   DISM Package Manager: PID=8352 TID=11560 Package Microsoft-Windows-FodMetadataServicing-Desktop-Metadata-Package~31bf3856ad364e35~amd64~~10.0.26100.9168 with CBS state -17(CbsInstallStateSuperseded) being mapped to dism state 7(DISM_INSTALL_STATE_SUPERSEDED) - CDISMPackage::LogInstallStateMapping
2026-09-14 11:09:48, Info                  DISM   DISM Package Manager: PID=8352 TID=11560 Package Microsoft-Windows-FodMetadataServicing-Desktop-Metadata-Package~31bf3856ad364e35~amd64~~10.0.26100.9444 with CBS state 7(CbsInstallStateInstalled) being mapped to dism state 5(DISM_INSTALL_STATE_INSTALLED) - CDISMPackage::LogInstallStateMapping
2026-09-14 11:09:48, Info                  DISM   DISM Package Manager: PID=8352 TID=11560 Package Microsoft-Windows-Foundation-Package~31bf3856ad364e35~amd64~~10.0.26100.1 with CBS state 7(CbsInstallStateInstalled) being mapped to dism state 5(DISM_INSTALL_STATE_INSTALLED) - CDISMPackage::LogInstallStateMapping
2026-09-14 11:09:48, Info                  DISM   DISM Package Manager: PID=8352 TID=11560 Package Microsoft-Windows-Hello-Face-Package-Wrapper~31bf3856ad364e35~amd64~~10.0.26100.1742 with CBS state 4(CbsInstallStateStaged) being mapped to dism state 3(DISM_INSTALL_STATE_STAGED) - CDISMPackage::LogInstallStateMapping
2026-09-14 11:09:48, Info                  DISM   DISM Package Manager: PID=8352 TID=11560 Package Microsoft-Windows-InternetExplorer-Optional-Package~31bf3856ad364e35~amd64~en-US~11.0.26100.1742 with CBS state 4(CbsInstallStateStaged) being mapped to dism state 3(DISM_INSTALL_STATE_STAGED) - CDISMPackage::LogInstallStateMapping
2026-09-14 11:09:48, Info                  DISM   DISM Package Manager: PID=8352 TID=11560 Package Microsoft-Windows-InternetExplorer-Optional-Package~31bf3856ad364e35~amd64~en-US~11.0.26100.8894 with CBS state -17(CbsInstallStateSuperseded) being mapped to dism state 7(DISM_INSTALL_STATE_SUPERSEDED) - CDISMPackage::LogInstallStateMapping
2026-09-14 11:09:48, Info                  DISM   DISM Package Manager: PID=8352 TID=11560 Package Microsoft-Windows-InternetExplorer-Optional-Package~31bf3856ad364e35~amd64~en-US~11.0.26100.9168 with CBS state -17(CbsInstallStateSuperseded) being mapped to dism state 7(DISM_INSTALL_STATE_SUPERSEDED) - CDISMPackage::LogInstallStateMapping
2026-09-14 11:09:48, Info                  DISM   DISM Package Manager: PID=8352 TID=11560 Package Microsoft-Windows-InternetExplorer-Optional-Package~31bf3856ad364e35~amd64~en-US~11.0.26100.9444 with CBS state 7(CbsInstallStateInstalled) being mapped to dism state 5(DISM_INSTALL_STATE_INSTALLED) - CDISMPackage::LogInstallStateMapping
2026-09-14 11:09:48, Info                  DISM   DISM Package Manager: PID=8352 TID=11560 Package Microsoft-Windows-InternetExplorer-Optional-Package~31bf3856ad364e35~amd64~~11.0.26100.1742 with CBS state 4(CbsInstallStateStaged) being mapped to dism state 3(DISM_INSTALL_STATE_STAGED) - CDISMPackage::LogInstallStateMapping
2026-09-14 11:09:48, Info                  DISM   DISM Package Manager: PID=8352 TID=11560 Package Microsoft-Windows-InternetExplorer-Optional-Package~31bf3856ad364e35~amd64~~11.0.26100.8894 with CBS state -17(CbsInstallStateSuperseded) being mapped to dism state 7(DISM_INSTALL_STATE_SUPERSEDED) - CDISMPackage::LogInstallStateMapping
2026-09-14 11:09:48, Info                  DISM   DISM Package Manager: PID=8352 TID=11560 Package Microsoft-Windows-InternetExplorer-Optional-Package~31bf3856ad364e35~amd64~~11.0.26100.9168 with CBS state -17(CbsInstallStateSuperseded) being mapped to dism state 7(DISM_INSTALL_STATE_SUPERSEDED) - CDISMPackage::LogInstallStateMapping
2026-09-14 11:09:48, Info                  DISM   DISM Package Manager: PID=8352 TID=11560 Package Microsoft-Windows-InternetExplorer-Optional-Package~31bf3856ad364e35~amd64~~11.0.26100.9444 with CBS state 7(CbsInstallStateInstalled) being mapped to dism state 5(DISM_INSTALL_STATE_INSTALLED) - CDISMPackage::LogInstallStateMapping
2026-09-14 11:09:48, Info                  DISM   DISM Package Manager: PID=8352 TID=11560 Package Microsoft-Windows-LanguageFeatures-Basic-en-us-Package~31bf3856ad364e35~amd64~~10.0.26100.1742 with CBS state 4(CbsInstallStateStaged) being mapped to dism state 3(DISM_INSTALL_STATE_STAGED) - CDISMPackage::LogInstallStateMapping
2026-09-14 11:09:48, Info                  DISM   DISM Package Manager: PID=8352 TID=11560 Package Microsoft-Windows-LanguageFeatures-Basic-en-us-Package~31bf3856ad364e35~amd64~~10.0.26100.8894 with CBS state -17(CbsInstallStateSuperseded) being mapped to dism state 7(DISM_INSTALL_STATE_SUPERSEDED) - CDISMPackage::LogInstallStateMapping
2026-09-14 11:09:48, Info                  DISM   DISM Package Manager: PID=8352 TID=11560 Package Microsoft-Windows-LanguageFeatures-Basic-en-us-Package~31bf3856ad364e35~amd64~~10.0.26100.9168 with CBS state -17(CbsInstallStateSuperseded) being mapped to dism state 7(DISM_INSTALL_STATE_SUPERSEDED) - CDISMPackage::LogInstallStateMapping
2026-09-14 11:09:48, Info                  DISM   DISM Package Manager: PID=8352 TID=11560 Package Microsoft-Windows-LanguageFeatures-Basic-en-us-Package~31bf3856ad364e35~amd64~~10.0.26100.9444 with CBS state 7(CbsInstallStateInstalled) being mapped to dism state 5(DISM_INSTALL_STATE_INSTALLED) - CDISMPackage::LogInstallStateMapping
2026-09-14 11:09:48, Info                  DISM   DISM Package Manager: PID=8352 TID=11560 Package Microsoft-Windows-LanguageFeatures-Basic-ur-pk-Package~31bf3856ad364e35~amd64~~10.0.26100.1742 with CBS state 4(CbsInstallStateStaged) being mapped to dism state 3(DISM_INSTALL_STATE_STAGED) - CDISMPackage::LogInstallStateMapping
2026-09-14 11:09:48, Info                  DISM   DISM Package Manager: PID=8352 TID=11560 Package Microsoft-Windows-LanguageFeatures-Basic-ur-pk-Package~31bf3856ad364e35~amd64~~10.0.26100.8894 with CBS state -17(CbsInstallStateSuperseded) being mapped to dism state 7(DISM_INSTALL_STATE_SUPERSEDED) - CDISMPackage::LogInstallStateMapping
2026-09-14 11:09:48, Info                  DISM   DISM Package Manager: PID=8352 TID=11560 Package Microsoft-Windows-LanguageFeatures-Basic-ur-pk-Package~31bf3856ad364e35~amd64~~10.0.26100.9168 with CBS state -17(CbsInstallStateSuperseded) being mapped to dism state 7(DISM_INSTALL_STATE_SUPERSEDED) - CDISMPackage::LogInstallStateMapping
2026-09-14 11:09:48, Info                  DISM   DISM Package Manager: PID=8352 TID=11560 Package Microsoft-Windows-LanguageFeatures-Basic-ur-pk-Package~31bf3856ad364e35~amd64~~10.0.26100.9444 with CBS state 7(CbsInstallStateInstalled) being mapped to dism state 5(DISM_INSTALL_STATE_INSTALLED) - CDISMPackage::LogInstallStateMapping
2026-09-14 11:09:48, Info                  DISM   DISM Package Manager: PID=8352 TID=11560 Package Microsoft-Windows-LanguageFeatures-Fonts-Arab-Package~31bf3856ad364e35~amd64~~10.0.26100.1742 with CBS state 4(CbsInstallStateStaged) being mapped to dism state 3(DISM_INSTALL_STATE_STAGED) - CDISMPackage::LogInstallStateMapping
2026-09-14 11:09:48, Info                  DISM   DISM Package Manager: PID=8352 TID=11560 Package Microsoft-Windows-LanguageFeatures-Fonts-Arab-Package~31bf3856ad364e35~amd64~~10.0.26100.8894 with CBS state -17(CbsInstallStateSuperseded) being mapped to dism state 7(DISM_INSTALL_STATE_SUPERSEDED) - CDISMPackage::LogInstallStateMapping
2026-09-14 11:09:48, Info                  DISM   DISM Package Manager: PID=8352 TID=11560 Package Microsoft-Windows-LanguageFeatures-Fonts-Arab-Package~31bf3856ad364e35~amd64~~10.0.26100.9168 with CBS state -17(CbsInstallStateSuperseded) being mapped to dism state 7(DISM_INSTALL_STATE_SUPERSEDED) - CDISMPackage::LogInstallStateMapping
2026-09-14 11:09:48, Info                  DISM   DISM Package Manager: PID=8352 TID=11560 Package Microsoft-Windows-LanguageFeatures-Fonts-Arab-Package~31bf3856ad364e35~amd64~~10.0.26100.9444 with CBS state 7(CbsInstallStateInstalled) being mapped to dism state 5(DISM_INSTALL_STATE_INSTALLED) - CDISMPackage::LogInstallStateMapping
2026-09-14 11:09:48, Info                  DISM   DISM Package Manager: PID=8352 TID=11560 Package Microsoft-Windows-LanguageFeatures-Handwriting-en-us-Package~31bf3856ad364e35~amd64~~10.0.26100.1742 with CBS state 4(CbsInstallStateStaged) being mapped to dism state 3(DISM_INSTALL_STATE_STAGED) - CDISMPackage::LogInstallStateMapping
2026-09-14 11:09:48, Info                  DISM   DISM Package Manager: PID=8352 TID=11560 Package Microsoft-Windows-LanguageFeatures-Handwriting-en-us-Package~31bf3856ad364e35~amd64~~10.0.26100.8894 with CBS state -17(CbsInstallStateSuperseded) being mapped to dism state 7(DISM_INSTALL_STATE_SUPERSEDED) - CDISMPackage::LogInstallStateMapping
2026-09-14 11:09:48, Info                  DISM   DISM Package Manager: PID=8352 TID=11560 Package Microsoft-Windows-LanguageFeatures-Handwriting-en-us-Package~31bf3856ad364e35~amd64~~10.0.26100.9168 with CBS state -17(CbsInstallStateSuperseded) being mapped to dism state 7(DISM_INSTALL_STATE_SUPERSEDED) - CDISMPackage::LogInstallStateMapping
2026-09-14 11:09:48, Info                  DISM   DISM Package Manager: PID=8352 TID=11560 Package Microsoft-Windows-LanguageFeatures-Handwriting-en-us-Package~31bf3856ad364e35~amd64~~10.0.26100.9444 with CBS state 7(CbsInstallStateInstalled) being mapped to dism state 5(DISM_INSTALL_STATE_INSTALLED) - CDISMPackage::LogInstallStateMapping
2026-09-14 11:09:48, Info                  DISM   DISM Package Manager: PID=8352 TID=11560 Package Microsoft-Windows-LanguageFeatures-OCR-en-us-Package~31bf3856ad364e35~amd64~~10.0.26100.1742 with CBS state 4(CbsInstallStateStaged) being mapped to dism state 3(DISM_INSTALL_STATE_STAGED) - CDISMPackage::LogInstallStateMapping
2026-09-14 11:09:48, Info                  DISM   DISM Package Manager: PID=8352 TID=11560 Package Microsoft-Windows-LanguageFeatures-OCR-en-us-Package~31bf3856ad364e35~amd64~~10.0.26100.8894 with CBS state -17(CbsInstallStateSuperseded) being mapped to dism state 7(DISM_INSTALL_STATE_SUPERSEDED) - CDISMPackage::LogInstallStateMapping
2026-09-14 11:09:48, Info                  DISM   DISM Package Manager: PID=8352 TID=11560 Package Microsoft-Windows-LanguageFeatures-OCR-en-us-Package~31bf3856ad364e35~amd64~~10.0.26100.9168 with CBS state -17(CbsInstallStateSuperseded) being mapped to dism state 7(DISM_INSTALL_STATE_SUPERSEDED) - CDISMPackage::LogInstallStateMapping
2026-09-14 11:09:48, Info                  DISM   DISM Package Manager: PID=8352 TID=11560 Package Microsoft-Windows-LanguageFeatures-OCR-en-us-Package~31bf3856ad364e35~amd64~~10.0.26100.9444 with CBS state 7(CbsInstallStateInstalled) being mapped to dism state 5(DISM_INSTALL_STATE_INSTALLED) - CDISMPackage::LogInstallStateMapping
2026-09-14 11:09:48, Info                  DISM   DISM Package Manager: PID=8352 TID=11560 Package Microsoft-Windows-LanguageFeatures-Speech-en-us-Package~31bf3856ad364e35~amd64~~10.0.26100.1742 with CBS state 4(CbsInstallStateStaged) being mapped to dism state 3(DISM_INSTALL_STATE_STAGED) - CDISMPackage::LogInstallStateMapping
2026-09-14 11:09:48, Info                  DISM   DISM Package Manager: PID=8352 TID=11560 Package Microsoft-Windows-LanguageFeatures-Speech-en-us-Package~31bf3856ad364e35~amd64~~10.0.26100.8894 with CBS state -17(CbsInstallStateSuperseded) being mapped to dism state 7(DISM_INSTALL_STATE_SUPERSEDED) - CDISMPackage::LogInstallStateMapping
2026-09-14 11:09:48, Info                  DISM   DISM Package Manager: PID=8352 TID=11560 Package Microsoft-Windows-LanguageFeatures-Speech-en-us-Package~31bf3856ad364e35~amd64~~10.0.26100.9168 with CBS state -17(CbsInstallStateSuperseded) being mapped to dism state 7(DISM_INSTALL_STATE_SUPERSEDED) - CDISMPackage::LogInstallStateMapping
2026-09-14 11:09:48, Info                  DISM   DISM Package Manager: PID=8352 TID=11560 Package Microsoft-Windows-LanguageFeatures-Speech-en-us-Package~31bf3856ad364e35~amd64~~10.0.26100.9444 with CBS state 7(CbsInstallStateInstalled) being mapped to dism state 5(DISM_INSTALL_STATE_INSTALLED) - CDISMPackage::LogInstallStateMapping
2026-09-14 11:09:48, Info                  DISM   DISM Package Manager: PID=8352 TID=11560 Package Microsoft-Windows-LanguageFeatures-TextToSpeech-en-us-Package~31bf3856ad364e35~amd64~~10.0.26100.1742 with CBS state 4(CbsInstallStateStaged) being mapped to dism state 3(DISM_INSTALL_STATE_STAGED) - CDISMPackage::LogInstallStateMapping
2026-09-14 11:09:48, Info                  DISM   DISM Package Manager: PID=8352 TID=11560 Package Microsoft-Windows-LanguageFeatures-TextToSpeech-en-us-Package~31bf3856ad364e35~amd64~~10.0.26100.8894 with CBS state -17(CbsInstallStateSuperseded) being mapped to dism state 7(DISM_INSTALL_STATE_SUPERSEDED) - CDISMPackage::LogInstallStateMapping
2026-09-14 11:09:48, Info                  DISM   DISM Package Manager: PID=8352 TID=11560 Package Microsoft-Windows-LanguageFeatures-TextToSpeech-en-us-Package~31bf3856ad364e35~amd64~~10.0.26100.9168 with CBS state -17(CbsInstallStateSuperseded) being mapped to dism state 7(DISM_INSTALL_STATE_SUPERSEDED) - CDISMPackage::LogInstallStateMapping
2026-09-14 11:09:48, Info                  DISM   DISM Package Manager: PID=8352 TID=11560 Package Microsoft-Windows-LanguageFeatures-TextToSpeech-en-us-Package~31bf3856ad364e35~amd64~~10.0.26100.9444 with CBS state 7(CbsInstallStateInstalled) being mapped to dism state 5(DISM_INSTALL_STATE_INSTALLED) - CDISMPackage::LogInstallStateMapping
2026-09-14 11:09:48, Info                  DISM   DISM Package Manager: PID=8352 TID=11560 Package Microsoft-Windows-Licenses-Professional-Package~31bf3856ad364e35~amd64~en-US~10.0.26100.1742 with CBS state 4(CbsInstallStateStaged) being mapped to dism state 3(DISM_INSTALL_STATE_STAGED) - CDISMPackage::LogInstallStateMapping
2026-09-14 11:09:48, Info                  DISM   DISM Package Manager: PID=8352 TID=11560 Package Microsoft-Windows-Licenses-Professional-Package~31bf3856ad364e35~amd64~en-US~10.0.26100.8117 with CBS state 7(CbsInstallStateInstalled) being mapped to dism state 5(DISM_INSTALL_STATE_INSTALLED) - CDISMPackage::LogInstallStateMapping
2026-09-14 11:09:48, Info                  DISM   DISM Package Manager: PID=8352 TID=11560 Package Microsoft-Windows-Licenses-Professional-Package~31bf3856ad364e35~amd64~~10.0.26100.1742 with CBS state 4(CbsInstallStateStaged) being mapped to dism state 3(DISM_INSTALL_STATE_STAGED) - CDISMPackage::LogInstallStateMapping
2026-09-14 11:09:48, Info                  DISM   DISM Package Manager: PID=8352 TID=11560 Package Microsoft-Windows-Licenses-Professional-Package~31bf3856ad364e35~amd64~~10.0.26100.8037 with CBS state 7(CbsInstallStateInstalled) being mapped to dism state 5(DISM_INSTALL_STATE_INSTALLED) - CDISMPackage::LogInstallStateMapping
2026-09-14 11:09:48, Info                  DISM   DISM Package Manager: PID=8352 TID=11560 Package Microsoft-Windows-MediaPlayer-Package~31bf3856ad364e35~amd64~en-US~10.0.26100.1742 with CBS state 4(CbsInstallStateStaged) being mapped to dism state 3(DISM_INSTALL_STATE_STAGED) - CDISMPackage::LogInstallStateMapping
2026-09-14 11:09:48, Info                  DISM   DISM Package Manager: PID=8352 TID=11560 Package Microsoft-Windows-MediaPlayer-Package~31bf3856ad364e35~amd64~en-US~10.0.26100.8894 with CBS state -17(CbsInstallStateSuperseded) being mapped to dism state 7(DISM_INSTALL_STATE_SUPERSEDED) - CDISMPackage::LogInstallStateMapping
2026-09-14 11:09:48, Info                  DISM   DISM Package Manager: PID=8352 TID=11560 Package Microsoft-Windows-MediaPlayer-Package~31bf3856ad364e35~amd64~en-US~10.0.26100.9168 with CBS state -17(CbsInstallStateSuperseded) being mapped to dism state 7(DISM_INSTALL_STATE_SUPERSEDED) - CDISMPackage::LogInstallStateMapping
2026-09-14 11:09:48, Info                  DISM   DISM Package Manager: PID=8352 TID=11560 Package Microsoft-Windows-MediaPlayer-Package~31bf3856ad364e35~amd64~en-US~10.0.26100.9444 with CBS state 7(CbsInstallStateInstalled) being mapped to dism state 5(DISM_INSTALL_STATE_INSTALLED) - CDISMPackage::LogInstallStateMapping
2026-09-14 11:09:48, Info                  DISM   DISM Package Manager: PID=8352 TID=11560 Package Microsoft-Windows-MediaPlayer-Package~31bf3856ad364e35~amd64~~10.0.26100.1742 with CBS state 4(CbsInstallStateStaged) being mapped to dism state 3(DISM_INSTALL_STATE_STAGED) - CDISMPackage::LogInstallStateMapping
2026-09-14 11:09:48, Info                  DISM   DISM Package Manager: PID=8352 TID=11560 Package Microsoft-Windows-MediaPlayer-Package~31bf3856ad364e35~amd64~~10.0.26100.8894 with CBS state -17(CbsInstallStateSuperseded) being mapped to dism state 7(DISM_INSTALL_STATE_SUPERSEDED) - CDISMPackage::LogInstallStateMapping
2026-09-14 11:09:48, Info                  DISM   DISM Package Manager: PID=8352 TID=11560 Package Microsoft-Windows-MediaPlayer-Package~31bf3856ad364e35~amd64~~10.0.26100.9168 with CBS state -17(CbsInstallStateSuperseded) being mapped to dism state 7(DISM_INSTALL_STATE_SUPERSEDED) - CDISMPackage::LogInstallStateMapping
2026-09-14 11:09:48, Info                  DISM   DISM Package Manager: PID=8352 TID=11560 Package Microsoft-Windows-MediaPlayer-Package~31bf3856ad364e35~amd64~~10.0.26100.9444 with CBS state 7(CbsInstallStateInstalled) being mapped to dism state 5(DISM_INSTALL_STATE_INSTALLED) - CDISMPackage::LogInstallStateMapping
2026-09-14 11:09:48, Info                  DISM   DISM Package Manager: PID=8352 TID=11560 Package Microsoft-Windows-MediaPlayer-Package~31bf3856ad364e35~wow64~en-US~10.0.26100.1 with CBS state 7(CbsInstallStateInstalled) being mapped to dism state 5(DISM_INSTALL_STATE_INSTALLED) - CDISMPackage::LogInstallStateMapping
2026-09-14 11:09:48, Info                  DISM   DISM Package Manager: PID=8352 TID=11560 Package Microsoft-Windows-MediaPlayer-Package~31bf3856ad364e35~wow64~~10.0.26100.1742 with CBS state 4(CbsInstallStateStaged) being mapped to dism state 3(DISM_INSTALL_STATE_STAGED) - CDISMPackage::LogInstallStateMapping
2026-09-14 11:09:48, Info                  DISM   DISM Package Manager: PID=8352 TID=11560 Package Microsoft-Windows-MediaPlayer-Package~31bf3856ad364e35~wow64~~10.0.26100.8894 with CBS state -17(CbsInstallStateSuperseded) being mapped to dism state 7(DISM_INSTALL_STATE_SUPERSEDED) - CDISMPackage::LogInstallStateMapping
2026-09-14 11:09:48, Info                  DISM   DISM Package Manager: PID=8352 TID=11560 Package Microsoft-Windows-MediaPlayer-Package~31bf3856ad364e35~wow64~~10.0.26100.9168 with CBS state -17(CbsInstallStateSuperseded) being mapped to dism state 7(DISM_INSTALL_STATE_SUPERSEDED) - CDISMPackage::LogInstallStateMapping
2026-09-14 11:09:48, Info                  DISM   DISM Package Manager: PID=8352 TID=11560 Package Microsoft-Windows-MediaPlayer-Package~31bf3856ad364e35~wow64~~10.0.26100.9444 with CBS state 7(CbsInstallStateInstalled) being mapped to dism state 5(DISM_INSTALL_STATE_INSTALLED) - CDISMPackage::LogInstallStateMapping
2026-09-14 11:09:48, Info                  DISM   DISM Package Manager: PID=8352 TID=11560 Package Microsoft-Windows-NetFx3-OnDemand-Package~31bf3856ad364e35~amd64~~10.0.26100.1742 with CBS state 4(CbsInstallStateStaged) being mapped to dism state 3(DISM_INSTALL_STATE_STAGED) - CDISMPackage::LogInstallStateMapping
2026-09-14 11:09:48, Info                  DISM   DISM Package Manager: PID=8352 TID=11560 Package Microsoft-Windows-NetFx3-OnDemand-Package~31bf3856ad364e35~amd64~~10.0.26100.8894 with CBS state -17(CbsInstallStateSuperseded) being mapped to dism state 7(DISM_INSTALL_STATE_SUPERSEDED) - CDISMPackage::LogInstallStateMapping
2026-09-14 11:09:48, Info                  DISM   DISM Package Manager: PID=8352 TID=11560 Package Microsoft-Windows-NetFx3-OnDemand-Package~31bf3856ad364e35~amd64~~10.0.26100.9168 with CBS state -17(CbsInstallStateSuperseded) being mapped to dism state 7(DISM_INSTALL_STATE_SUPERSEDED) - CDISMPackage::LogInstallStateMapping
2026-09-14 11:09:48, Info                  DISM   DISM Package Manager: PID=8352 TID=11560 Package Microsoft-Windows-NetFx3-OnDemand-Package~31bf3856ad364e35~amd64~~10.0.26100.9444 with CBS state 7(CbsInstallStateInstalled) being mapped to dism state 5(DISM_INSTALL_STATE_INSTALLED) - CDISMPackage::LogInstallStateMapping
2026-09-14 11:09:48, Info                  DISM   DISM Package Manager: PID=8352 TID=11560 Package Microsoft-Windows-Notepad-System-FoD-Package~31bf3856ad364e35~amd64~en-US~10.0.26100.1742 with CBS state 4(CbsInstallStateStaged) being mapped to dism state 3(DISM_INSTALL_STATE_STAGED) - CDISMPackage::LogInstallStateMapping
2026-09-14 11:09:48, Info                  DISM   DISM Package Manager: PID=8352 TID=11560 Package Microsoft-Windows-Notepad-System-FoD-Package~31bf3856ad364e35~amd64~en-US~10.0.26100.8894 with CBS state -17(CbsInstallStateSuperseded) being mapped to dism state 7(DISM_INSTALL_STATE_SUPERSEDED) - CDISMPackage::LogInstallStateMapping
2026-09-14 11:09:48, Info                  DISM   DISM Package Manager: PID=8352 TID=11560 Package Microsoft-Windows-Notepad-System-FoD-Package~31bf3856ad364e35~amd64~en-US~10.0.26100.9168 with CBS state -17(CbsInstallStateSuperseded) being mapped to dism state 7(DISM_INSTALL_STATE_SUPERSEDED) - CDISMPackage::LogInstallStateMapping
2026-09-14 11:09:48, Info                  DISM   DISM Package Manager: PID=8352 TID=11560 Package Microsoft-Windows-Notepad-System-FoD-Package~31bf3856ad364e35~amd64~en-US~10.0.26100.9444 with CBS state 7(CbsInstallStateInstalled) being mapped to dism state 5(DISM_INSTALL_STATE_INSTALLED) - CDISMPackage::LogInstallStateMapping
2026-09-14 11:09:48, Info                  DISM   DISM Package Manager: PID=8352 TID=11560 Package Microsoft-Windows-Notepad-System-FoD-Package~31bf3856ad364e35~amd64~~10.0.26100.1742 with CBS state 4(CbsInstallStateStaged) being mapped to dism state 3(DISM_INSTALL_STATE_STAGED) - CDISMPackage::LogInstallStateMapping
2026-09-14 11:09:48, Info                  DISM   DISM Package Manager: PID=8352 TID=11560 Package Microsoft-Windows-Notepad-System-FoD-Package~31bf3856ad364e35~amd64~~10.0.26100.8894 with CBS state -17(CbsInstallStateSuperseded) being mapped to dism state 7(DISM_INSTALL_STATE_SUPERSEDED) - CDISMPackage::LogInstallStateMapping
2026-09-14 11:09:48, Info                  DISM   DISM Package Manager: PID=8352 TID=11560 Package Microsoft-Windows-Notepad-System-FoD-Package~31bf3856ad364e35~amd64~~10.0.26100.9168 with CBS state -17(CbsInstallStateSuperseded) being mapped to dism state 7(DISM_INSTALL_STATE_SUPERSEDED) - CDISMPackage::LogInstallStateMapping
2026-09-14 11:09:48, Info                  DISM   DISM Package Manager: PID=8352 TID=11560 Package Microsoft-Windows-Notepad-System-FoD-Package~31bf3856ad364e35~amd64~~10.0.26100.9444 with CBS state 7(CbsInstallStateInstalled) being mapped to dism state 5(DISM_INSTALL_STATE_INSTALLED) - CDISMPackage::LogInstallStateMapping
2026-09-14 11:09:48, Info                  DISM   DISM Package Manager: PID=8352 TID=11560 Package Microsoft-Windows-Notepad-System-FoD-Package~31bf3856ad364e35~wow64~en-US~10.0.26100.1 with CBS state 7(CbsInstallStateInstalled) being mapped to dism state 5(DISM_INSTALL_STATE_INSTALLED) - CDISMPackage::LogInstallStateMapping
2026-09-14 11:09:48, Info                  DISM   DISM Package Manager: PID=8352 TID=11560 Package Microsoft-Windows-Notepad-System-FoD-Package~31bf3856ad364e35~wow64~~10.0.26100.1742 with CBS state 4(CbsInstallStateStaged) being mapped to dism state 3(DISM_INSTALL_STATE_STAGED) - CDISMPackage::LogInstallStateMapping
2026-09-14 11:09:48, Info                  DISM   DISM Package Manager: PID=8352 TID=11560 Package Microsoft-Windows-Notepad-System-FoD-Package~31bf3856ad364e35~wow64~~10.0.26100.8894 with CBS state -17(CbsInstallStateSuperseded) being mapped to dism state 7(DISM_INSTALL_STATE_SUPERSEDED) - CDISMPackage::LogInstallStateMapping
2026-09-14 11:09:48, Info                  DISM   DISM Package Manager: PID=8352 TID=11560 Package Microsoft-Windows-Notepad-System-FoD-Package~31bf3856ad364e35~wow64~~10.0.26100.9168 with CBS state -17(CbsInstallStateSuperseded) being mapped to dism state 7(DISM_INSTALL_STATE_SUPERSEDED) - CDISMPackage::LogInstallStateMapping
2026-09-14 11:09:48, Info                  DISM   DISM Package Manager: PID=8352 TID=11560 Package Microsoft-Windows-Notepad-System-FoD-Package~31bf3856ad364e35~wow64~~10.0.26100.9444 with CBS state 7(CbsInstallStateInstalled) being mapped to dism state 5(DISM_INSTALL_STATE_INSTALLED) - CDISMPackage::LogInstallStateMapping
2026-09-14 11:09:48, Info                  DISM   DISM Package Manager: PID=8352 TID=11560 Package Microsoft-Windows-PowerShell-ISE-FOD-Package~31bf3856ad364e35~amd64~en-US~10.0.26100.1742 with CBS state 4(CbsInstallStateStaged) being mapped to dism state 3(DISM_INSTALL_STATE_STAGED) - CDISMPackage::LogInstallStateMapping
2026-09-14 11:09:48, Info                  DISM   DISM Package Manager: PID=8352 TID=11560 Package Microsoft-Windows-PowerShell-ISE-FOD-Package~31bf3856ad364e35~amd64~en-US~10.0.26100.8894 with CBS state -17(CbsInstallStateSuperseded) being mapped to dism state 7(DISM_INSTALL_STATE_SUPERSEDED) - CDISMPackage::LogInstallStateMapping
2026-09-14 11:09:48, Info                  DISM   DISM Package Manager: PID=8352 TID=11560 Package Microsoft-Windows-PowerShell-ISE-FOD-Package~31bf3856ad364e35~amd64~en-US~10.0.26100.9168 with CBS state -17(CbsInstallStateSuperseded) being mapped to dism state 7(DISM_INSTALL_STATE_SUPERSEDED) - CDISMPackage::LogInstallStateMapping
2026-09-14 11:09:48, Info                  DISM   DISM Package Manager: PID=8352 TID=11560 Package Microsoft-Windows-PowerShell-ISE-FOD-Package~31bf3856ad364e35~amd64~en-US~10.0.26100.9444 with CBS state 7(CbsInstallStateInstalled) being mapped to dism state 5(DISM_INSTALL_STATE_INSTALLED) - CDISMPackage::LogInstallStateMapping
2026-09-14 11:09:48, Info                  DISM   DISM Package Manager: PID=8352 TID=11560 Package Microsoft-Windows-PowerShell-ISE-FOD-Package~31bf3856ad364e35~amd64~~10.0.26100.1742 with CBS state 4(CbsInstallStateStaged) being mapped to dism state 3(DISM_INSTALL_STATE_STAGED) - CDISMPackage::LogInstallStateMapping
2026-09-14 11:09:48, Info                  DISM   DISM Package Manager: PID=8352 TID=11560 Package Microsoft-Windows-PowerShell-ISE-FOD-Package~31bf3856ad364e35~amd64~~10.0.26100.8894 with CBS state -17(CbsInstallStateSuperseded) being mapped to dism state 7(DISM_INSTALL_STATE_SUPERSEDED) - CDISMPackage::LogInstallStateMapping
2026-09-14 11:09:48, Info                  DISM   DISM Package Manager: PID=8352 TID=11560 Package Microsoft-Windows-PowerShell-ISE-FOD-Package~31bf3856ad364e35~amd64~~10.0.26100.9168 with CBS state -17(CbsInstallStateSuperseded) being mapped to dism state 7(DISM_INSTALL_STATE_SUPERSEDED) - CDISMPackage::LogInstallStateMapping
2026-09-14 11:09:48, Info                  DISM   DISM Package Manager: PID=8352 TID=11560 Package Microsoft-Windows-PowerShell-ISE-FOD-Package~31bf3856ad364e35~amd64~~10.0.26100.9444 with CBS state 7(CbsInstallStateInstalled) being mapped to dism state 5(DISM_INSTALL_STATE_INSTALLED) - CDISMPackage::LogInstallStateMapping
2026-09-14 11:09:48, Info                  DISM   DISM Package Manager: PID=8352 TID=11560 Package Microsoft-Windows-PowerShell-ISE-FOD-Package~31bf3856ad364e35~wow64~en-US~10.0.26100.1 with CBS state 7(CbsInstallStateInstalled) being mapped to dism state 5(DISM_INSTALL_STATE_INSTALLED) - CDISMPackage::LogInstallStateMapping
2026-09-14 11:09:48, Info                  DISM   DISM Package Manager: PID=8352 TID=11560 Package Microsoft-Windows-PowerShell-ISE-FOD-Package~31bf3856ad364e35~wow64~~10.0.26100.1742 with CBS state 4(CbsInstallStateStaged) being mapped to dism state 3(DISM_INSTALL_STATE_STAGED) - CDISMPackage::LogInstallStateMapping
2026-09-14 11:09:48, Info                  DISM   DISM Package Manager: PID=8352 TID=11560 Package Microsoft-Windows-PowerShell-ISE-FOD-Package~31bf3856ad364e35~wow64~~10.0.26100.8894 with CBS state -17(CbsInstallStateSuperseded) being mapped to dism state 7(DISM_INSTALL_STATE_SUPERSEDED) - CDISMPackage::LogInstallStateMapping
2026-09-14 11:09:48, Info                  DISM   DISM Package Manager: PID=8352 TID=11560 Package Microsoft-Windows-PowerShell-ISE-FOD-Package~31bf3856ad364e35~wow64~~10.0.26100.9168 with CBS state -17(CbsInstallStateSuperseded) being mapped to dism state 7(DISM_INSTALL_STATE_SUPERSEDED) - CDISMPackage::LogInstallStateMapping
2026-09-14 11:09:48, Info                  DISM   DISM Package Manager: PID=8352 TID=11560 Package Microsoft-Windows-PowerShell-ISE-FOD-Package~31bf3856ad364e35~wow64~~10.0.26100.9444 with CBS state 7(CbsInstallStateInstalled) being mapped to dism state 5(DISM_INSTALL_STATE_INSTALLED) - CDISMPackage::LogInstallStateMapping
2026-09-14 11:09:48, Info                  DISM   DISM Package Manager: PID=8352 TID=11560 Package Microsoft-Windows-Printing-PMCPPC-FoD-Package~31bf3856ad364e35~amd64~en-US~10.0.26100.1742 with CBS state 4(CbsInstallStateStaged) being mapped to dism state 3(DISM_INSTALL_STATE_STAGED) - CDISMPackage::LogInstallStateMapping
2026-09-14 11:09:48, Info                  DISM   DISM Package Manager: PID=8352 TID=11560 Package Microsoft-Windows-Printing-PMCPPC-FoD-Package~31bf3856ad364e35~amd64~en-US~10.0.26100.8894 with CBS state -17(CbsInstallStateSuperseded) being mapped to dism state 7(DISM_INSTALL_STATE_SUPERSEDED) - CDISMPackage::LogInstallStateMapping
2026-09-14 11:09:48, Info                  DISM   DISM Package Manager: PID=8352 TID=11560 Package Microsoft-Windows-Printing-PMCPPC-FoD-Package~31bf3856ad364e35~amd64~en-US~10.0.26100.9168 with CBS state -17(CbsInstallStateSuperseded) being mapped to dism state 7(DISM_INSTALL_STATE_SUPERSEDED) - CDISMPackage::LogInstallStateMapping
2026-09-14 11:09:48, Info                  DISM   DISM Package Manager: PID=8352 TID=11560 Package Microsoft-Windows-Printing-PMCPPC-FoD-Package~31bf3856ad364e35~amd64~en-US~10.0.26100.9444 with CBS state 7(CbsInstallStateInstalled) being mapped to dism state 5(DISM_INSTALL_STATE_INSTALLED) - CDISMPackage::LogInstallStateMapping
2026-09-14 11:09:48, Info                  DISM   DISM Package Manager: PID=8352 TID=11560 Package Microsoft-Windows-Printing-PMCPPC-FoD-Package~31bf3856ad364e35~amd64~~10.0.26100.1742 with CBS state 4(CbsInstallStateStaged) being mapped to dism state 3(DISM_INSTALL_STATE_STAGED) - CDISMPackage::LogInstallStateMapping
2026-09-14 11:09:48, Info                  DISM   DISM Package Manager: PID=8352 TID=11560 Package Microsoft-Windows-Printing-PMCPPC-FoD-Package~31bf3856ad364e35~amd64~~10.0.26100.8894 with CBS state -17(CbsInstallStateSuperseded) being mapped to dism state 7(DISM_INSTALL_STATE_SUPERSEDED) - CDISMPackage::LogInstallStateMapping
2026-09-14 11:09:48, Info                  DISM   DISM Package Manager: PID=8352 TID=11560 Package Microsoft-Windows-Printing-PMCPPC-FoD-Package~31bf3856ad364e35~amd64~~10.0.26100.9168 with CBS state -17(CbsInstallStateSuperseded) being mapped to dism state 7(DISM_INSTALL_STATE_SUPERSEDED) - CDISMPackage::LogInstallStateMapping
2026-09-14 11:09:48, Info                  DISM   DISM Package Manager: PID=8352 TID=11560 Package Microsoft-Windows-Printing-PMCPPC-FoD-Package~31bf3856ad364e35~amd64~~10.0.26100.9444 with CBS state 7(CbsInstallStateInstalled) being mapped to dism state 5(DISM_INSTALL_STATE_INSTALLED) - CDISMPackage::LogInstallStateMapping
2026-09-14 11:09:48, Info                  DISM   DISM Package Manager: PID=8352 TID=11560 Package Microsoft-Windows-ProjFS-OptionalFeature-FOD-Package~31bf3856ad364e35~amd64~en-US~10.0.26100.1742 with CBS state 4(CbsInstallStateStaged) being mapped to dism state 3(DISM_INSTALL_STATE_STAGED) - CDISMPackage::LogInstallStateMapping
2026-09-14 11:09:48, Info                  DISM   DISM Package Manager: PID=8352 TID=11560 Package Microsoft-Windows-ProjFS-OptionalFeature-FOD-Package~31bf3856ad364e35~amd64~en-US~10.0.26100.8894 with CBS state -17(CbsInstallStateSuperseded) being mapped to dism state 7(DISM_INSTALL_STATE_SUPERSEDED) - CDISMPackage::LogInstallStateMapping
2026-09-14 11:09:48, Info                  DISM   DISM Package Manager: PID=8352 TID=11560 Package Microsoft-Windows-ProjFS-OptionalFeature-FOD-Package~31bf3856ad364e35~amd64~en-US~10.0.26100.9168 with CBS state -17(CbsInstallStateSuperseded) being mapped to dism state 7(DISM_INSTALL_STATE_SUPERSEDED) - CDISMPackage::LogInstallStateMapping
2026-09-14 11:09:48, Info                  DISM   DISM Package Manager: PID=8352 TID=11560 Package Microsoft-Windows-ProjFS-OptionalFeature-FOD-Package~31bf3856ad364e35~amd64~en-US~10.0.26100.9444 with CBS state 7(CbsInstallStateInstalled) being mapped to dism state 5(DISM_INSTALL_STATE_INSTALLED) - CDISMPackage::LogInstallStateMapping
2026-09-14 11:09:48, Info                  DISM   DISM Package Manager: PID=8352 TID=11560 Package Microsoft-Windows-ProjFS-OptionalFeature-FOD-Package~31bf3856ad364e35~amd64~~10.0.26100.1742 with CBS state 4(CbsInstallStateStaged) being mapped to dism state 3(DISM_INSTALL_STATE_STAGED) - CDISMPackage::LogInstallStateMapping
2026-09-14 11:09:48, Info                  DISM   DISM Package Manager: PID=8352 TID=11560 Package Microsoft-Windows-ProjFS-OptionalFeature-FOD-Package~31bf3856ad364e35~amd64~~10.0.26100.8894 with CBS state -17(CbsInstallStateSuperseded) being mapped to dism state 7(DISM_INSTALL_STATE_SUPERSEDED) - CDISMPackage::LogInstallStateMapping
2026-09-14 11:09:48, Info                  DISM   DISM Package Manager: PID=8352 TID=11560 Package Microsoft-Windows-ProjFS-OptionalFeature-FOD-Package~31bf3856ad364e35~amd64~~10.0.26100.9168 with CBS state -17(CbsInstallStateSuperseded) being mapped to dism state 7(DISM_INSTALL_STATE_SUPERSEDED) - CDISMPackage::LogInstallStateMapping
2026-09-14 11:09:48, Info                  DISM   DISM Package Manager: PID=8352 TID=11560 Package Microsoft-Windows-ProjFS-OptionalFeature-FOD-Package~31bf3856ad364e35~amd64~~10.0.26100.9444 with CBS state 7(CbsInstallStateInstalled) being mapped to dism state 5(DISM_INSTALL_STATE_INSTALLED) - CDISMPackage::LogInstallStateMapping
2026-09-14 11:09:48, Info                  DISM   DISM Package Manager: PID=8352 TID=11560 Package Microsoft-Windows-SenseClient-FoD-Package~31bf3856ad364e35~amd64~en-US~10.0.26100.1 with CBS state 4(CbsInstallStateStaged) being mapped to dism state 3(DISM_INSTALL_STATE_STAGED) - CDISMPackage::LogInstallStateMapping
2026-09-14 11:09:48, Info                  DISM   DISM Package Manager: PID=8352 TID=11560 Package Microsoft-Windows-SenseClient-FoD-Package~31bf3856ad364e35~amd64~en-US~10.0.26100.8894 with CBS state -17(CbsInstallStateSuperseded) being mapped to dism state 7(DISM_INSTALL_STATE_SUPERSEDED) - CDISMPackage::LogInstallStateMapping
2026-09-14 11:09:48, Info                  DISM   DISM Package Manager: PID=8352 TID=11560 Package Microsoft-Windows-SenseClient-FoD-Package~31bf3856ad364e35~amd64~en-US~10.0.26100.9168 with CBS state -17(CbsInstallStateSuperseded) being mapped to dism state 7(DISM_INSTALL_STATE_SUPERSEDED) - CDISMPackage::LogInstallStateMapping
2026-09-14 11:09:48, Info                  DISM   DISM Package Manager: PID=8352 TID=11560 Package Microsoft-Windows-SenseClient-FoD-Package~31bf3856ad364e35~amd64~en-US~10.0.26100.9444 with CBS state 7(CbsInstallStateInstalled) being mapped to dism state 5(DISM_INSTALL_STATE_INSTALLED) - CDISMPackage::LogInstallStateMapping
2026-09-14 11:09:48, Info                  DISM   DISM Package Manager: PID=8352 TID=11560 Package Microsoft-Windows-SenseClient-FoD-Package~31bf3856ad364e35~amd64~~10.0.26100.1 with CBS state 4(CbsInstallStateStaged) being mapped to dism state 3(DISM_INSTALL_STATE_STAGED) - CDISMPackage::LogInstallStateMapping
2026-09-14 11:09:48, Info                  DISM   DISM Package Manager: PID=8352 TID=11560 Package Microsoft-Windows-SenseClient-FoD-Package~31bf3856ad364e35~amd64~~10.0.26100.8894 with CBS state -17(CbsInstallStateSuperseded) being mapped to dism state 7(DISM_INSTALL_STATE_SUPERSEDED) - CDISMPackage::LogInstallStateMapping
2026-09-14 11:09:48, Info                  DISM   DISM Package Manager: PID=8352 TID=11560 Package Microsoft-Windows-SenseClient-FoD-Package~31bf3856ad364e35~amd64~~10.0.26100.9168 with CBS state -17(CbsInstallStateSuperseded) being mapped to dism state 7(DISM_INSTALL_STATE_SUPERSEDED) - CDISMPackage::LogInstallStateMapping
2026-09-14 11:09:48, Info                  DISM   DISM Package Manager: PID=8352 TID=11560 Package Microsoft-Windows-SenseClient-FoD-Package~31bf3856ad364e35~amd64~~10.0.26100.9444 with CBS state 7(CbsInstallStateInstalled) being mapped to dism state 5(DISM_INSTALL_STATE_INSTALLED) - CDISMPackage::LogInstallStateMapping
2026-09-14 11:09:48, Info                  DISM   DISM Package Manager: PID=8352 TID=11560 Package Microsoft-Windows-SimpleTCP-FOD-Package~31bf3856ad364e35~amd64~en-US~10.0.26100.1 with CBS state 7(CbsInstallStateInstalled) being mapped to dism state 5(DISM_INSTALL_STATE_INSTALLED) - CDISMPackage::LogInstallStateMapping
2026-09-14 11:09:48, Info                  DISM   DISM Package Manager: PID=8352 TID=11560 Package Microsoft-Windows-SimpleTCP-FOD-Package~31bf3856ad364e35~amd64~~10.0.26100.1742 with CBS state 4(CbsInstallStateStaged) being mapped to dism state 3(DISM_INSTALL_STATE_STAGED) - CDISMPackage::LogInstallStateMapping
2026-09-14 11:09:48, Info                  DISM   DISM Package Manager: PID=8352 TID=11560 Package Microsoft-Windows-SimpleTCP-FOD-Package~31bf3856ad364e35~amd64~~10.0.26100.8894 with CBS state -17(CbsInstallStateSuperseded) being mapped to dism state 7(DISM_INSTALL_STATE_SUPERSEDED) - CDISMPackage::LogInstallStateMapping
2026-09-14 11:09:48, Info                  DISM   DISM Package Manager: PID=8352 TID=11560 Package Microsoft-Windows-SimpleTCP-FOD-Package~31bf3856ad364e35~amd64~~10.0.26100.9168 with CBS state -17(CbsInstallStateSuperseded) being mapped to dism state 7(DISM_INSTALL_STATE_SUPERSEDED) - CDISMPackage::LogInstallStateMapping
2026-09-14 11:09:48, Info                  DISM   DISM Package Manager: PID=8352 TID=11560 Package Microsoft-Windows-SimpleTCP-FOD-Package~31bf3856ad364e35~amd64~~10.0.26100.9444 with CBS state 7(CbsInstallStateInstalled) being mapped to dism state 5(DISM_INSTALL_STATE_INSTALLED) - CDISMPackage::LogInstallStateMapping
2026-09-14 11:09:48, Info                  DISM   DISM Package Manager: PID=8352 TID=11560 Package Microsoft-Windows-SmbDirect-FOD-Package~31bf3856ad364e35~amd64~en-US~10.0.26100.1 with CBS state 7(CbsInstallStateInstalled) being mapped to dism state 5(DISM_INSTALL_STATE_INSTALLED) - CDISMPackage::LogInstallStateMapping
2026-09-14 11:09:48, Info                  DISM   DISM Package Manager: PID=8352 TID=11560 Package Microsoft-Windows-SmbDirect-FOD-Package~31bf3856ad364e35~amd64~~10.0.26100.1742 with CBS state 4(CbsInstallStateStaged) being mapped to dism state 3(DISM_INSTALL_STATE_STAGED) - CDISMPackage::LogInstallStateMapping
2026-09-14 11:09:48, Info                  DISM   DISM Package Manager: PID=8352 TID=11560 Package Microsoft-Windows-SmbDirect-FOD-Package~31bf3856ad364e35~amd64~~10.0.26100.8894 with CBS state -17(CbsInstallStateSuperseded) being mapped to dism state 7(DISM_INSTALL_STATE_SUPERSEDED) - CDISMPackage::LogInstallStateMapping
2026-09-14 11:09:48, Info                  DISM   DISM Package Manager: PID=8352 TID=11560 Package Microsoft-Windows-SmbDirect-FOD-Package~31bf3856ad364e35~amd64~~10.0.26100.9168 with CBS state -17(CbsInstallStateSuperseded) being mapped to dism state 7(DISM_INSTALL_STATE_SUPERSEDED) - CDISMPackage::LogInstallStateMapping
2026-09-14 11:09:48, Info                  DISM   DISM Package Manager: PID=8352 TID=11560 Package Microsoft-Windows-SmbDirect-FOD-Package~31bf3856ad364e35~amd64~~10.0.26100.9444 with CBS state 7(CbsInstallStateInstalled) being mapped to dism state 5(DISM_INSTALL_STATE_INSTALLED) - CDISMPackage::LogInstallStateMapping
2026-09-14 11:09:48, Info                  DISM   DISM Package Manager: PID=8352 TID=11560 Package Microsoft-Windows-StepsRecorder-Package~31bf3856ad364e35~amd64~en-US~10.0.26100.1742 with CBS state 4(CbsInstallStateStaged) being mapped to dism state 3(DISM_INSTALL_STATE_STAGED) - CDISMPackage::LogInstallStateMapping
2026-09-14 11:09:48, Info                  DISM   DISM Package Manager: PID=8352 TID=11560 Package Microsoft-Windows-StepsRecorder-Package~31bf3856ad364e35~amd64~en-US~10.0.26100.8894 with CBS state -17(CbsInstallStateSuperseded) being mapped to dism state 7(DISM_INSTALL_STATE_SUPERSEDED) - CDISMPackage::LogInstallStateMapping
2026-09-14 11:09:48, Info                  DISM   DISM Package Manager: PID=8352 TID=11560 Package Microsoft-Windows-StepsRecorder-Package~31bf3856ad364e35~amd64~en-US~10.0.26100.9168 with CBS state -17(CbsInstallStateSuperseded) being mapped to dism state 7(DISM_INSTALL_STATE_SUPERSEDED) - CDISMPackage::LogInstallStateMapping
2026-09-14 11:09:48, Info                  DISM   DISM Package Manager: PID=8352 TID=11560 Package Microsoft-Windows-StepsRecorder-Package~31bf3856ad364e35~amd64~en-US~10.0.26100.9444 with CBS state 7(CbsInstallStateInstalled) being mapped to dism state 5(DISM_INSTALL_STATE_INSTALLED) - CDISMPackage::LogInstallStateMapping
2026-09-14 11:09:48, Info                  DISM   DISM Package Manager: PID=8352 TID=11560 Package Microsoft-Windows-StepsRecorder-Package~31bf3856ad364e35~amd64~~10.0.26100.1742 with CBS state 4(CbsInstallStateStaged) being mapped to dism state 3(DISM_INSTALL_STATE_STAGED) - CDISMPackage::LogInstallStateMapping
2026-09-14 11:09:48, Info                  DISM   DISM Package Manager: PID=8352 TID=11560 Package Microsoft-Windows-StepsRecorder-Package~31bf3856ad364e35~amd64~~10.0.26100.8894 with CBS state -17(CbsInstallStateSuperseded) being mapped to dism state 7(DISM_INSTALL_STATE_SUPERSEDED) - CDISMPackage::LogInstallStateMapping
2026-09-14 11:09:48, Info                  DISM   DISM Package Manager: PID=8352 TID=11560 Package Microsoft-Windows-StepsRecorder-Package~31bf3856ad364e35~amd64~~10.0.26100.9168 with CBS state -17(CbsInstallStateSuperseded) being mapped to dism state 7(DISM_INSTALL_STATE_SUPERSEDED) - CDISMPackage::LogInstallStateMapping
2026-09-14 11:09:48, Info                  DISM   DISM Package Manager: PID=8352 TID=11560 Package Microsoft-Windows-StepsRecorder-Package~31bf3856ad364e35~amd64~~10.0.26100.9444 with CBS state 7(CbsInstallStateInstalled) being mapped to dism state 5(DISM_INSTALL_STATE_INSTALLED) - CDISMPackage::LogInstallStateMapping
2026-09-14 11:09:48, Info                  DISM   DISM Package Manager: PID=8352 TID=11560 Package Microsoft-Windows-StepsRecorder-Package~31bf3856ad364e35~wow64~en-US~10.0.26100.1 with CBS state 7(CbsInstallStateInstalled) being mapped to dism state 5(DISM_INSTALL_STATE_INSTALLED) - CDISMPackage::LogInstallStateMapping
2026-09-14 11:09:48, Info                  DISM   DISM Package Manager: PID=8352 TID=11560 Package Microsoft-Windows-StepsRecorder-Package~31bf3856ad364e35~wow64~~10.0.26100.1742 with CBS state 4(CbsInstallStateStaged) being mapped to dism state 3(DISM_INSTALL_STATE_STAGED) - CDISMPackage::LogInstallStateMapping
2026-09-14 11:09:48, Info                  DISM   DISM Package Manager: PID=8352 TID=11560 Package Microsoft-Windows-StepsRecorder-Package~31bf3856ad364e35~wow64~~10.0.26100.8894 with CBS state -17(CbsInstallStateSuperseded) being mapped to dism state 7(DISM_INSTALL_STATE_SUPERSEDED) - CDISMPackage::LogInstallStateMapping
2026-09-14 11:09:48, Info                  DISM   DISM Package Manager: PID=8352 TID=11560 Package Microsoft-Windows-StepsRecorder-Package~31bf3856ad364e35~wow64~~10.0.26100.9168 with CBS state -17(CbsInstallStateSuperseded) being mapped to dism state 7(DISM_INSTALL_STATE_SUPERSEDED) - CDISMPackage::LogInstallStateMapping
2026-09-14 11:09:48, Info                  DISM   DISM Package Manager: PID=8352 TID=11560 Package Microsoft-Windows-StepsRecorder-Package~31bf3856ad364e35~wow64~~10.0.26100.9444 with CBS state 7(CbsInstallStateInstalled) being mapped to dism state 5(DISM_INSTALL_STATE_INSTALLED) - CDISMPackage::LogInstallStateMapping
2026-09-14 11:09:48, Info                  DISM   DISM Package Manager: PID=8352 TID=11560 Package Microsoft-Windows-TabletPCMath-Package~31bf3856ad364e35~amd64~~10.0.26100.1742 with CBS state 4(CbsInstallStateStaged) being mapped to dism state 3(DISM_INSTALL_STATE_STAGED) - CDISMPackage::LogInstallStateMapping
2026-09-14 11:09:48, Info                  DISM   DISM Package Manager: PID=8352 TID=11560 Package Microsoft-Windows-TabletPCMath-Package~31bf3856ad364e35~amd64~~10.0.26100.8894 with CBS state -17(CbsInstallStateSuperseded) being mapped to dism state 7(DISM_INSTALL_STATE_SUPERSEDED) - CDISMPackage::LogInstallStateMapping
2026-09-14 11:09:48, Info                  DISM   DISM Package Manager: PID=8352 TID=11560 Package Microsoft-Windows-TabletPCMath-Package~31bf3856ad364e35~amd64~~10.0.26100.9168 with CBS state -17(CbsInstallStateSuperseded) being mapped to dism state 7(DISM_INSTALL_STATE_SUPERSEDED) - CDISMPackage::LogInstallStateMapping
2026-09-14 11:09:48, Info                  DISM   DISM Package Manager: PID=8352 TID=11560 Package Microsoft-Windows-TabletPCMath-Package~31bf3856ad364e35~amd64~~10.0.26100.9444 with CBS state 7(CbsInstallStateInstalled) being mapped to dism state 5(DISM_INSTALL_STATE_INSTALLED) - CDISMPackage::LogInstallStateMapping
2026-09-14 11:09:48, Info                  DISM   DISM Package Manager: PID=8352 TID=11560 Package Microsoft-Windows-Telnet-Client-FOD-Package~31bf3856ad364e35~amd64~en-US~10.0.26100.1 with CBS state 4(CbsInstallStateStaged) being mapped to dism state 3(DISM_INSTALL_STATE_STAGED) - CDISMPackage::LogInstallStateMapping
2026-09-14 11:09:48, Info                  DISM   DISM Package Manager: PID=8352 TID=11560 Package Microsoft-Windows-Telnet-Client-FOD-Package~31bf3856ad364e35~amd64~en-US~10.0.26100.8894 with CBS state -17(CbsInstallStateSuperseded) being mapped to dism state 7(DISM_INSTALL_STATE_SUPERSEDED) - CDISMPackage::LogInstallStateMapping
2026-09-14 11:09:48, Info                  DISM   DISM Package Manager: PID=8352 TID=11560 Package Microsoft-Windows-Telnet-Client-FOD-Package~31bf3856ad364e35~amd64~en-US~10.0.26100.9168 with CBS state -17(CbsInstallStateSuperseded) being mapped to dism state 7(DISM_INSTALL_STATE_SUPERSEDED) - CDISMPackage::LogInstallStateMapping
2026-09-14 11:09:48, Info                  DISM   DISM Package Manager: PID=8352 TID=11560 Package Microsoft-Windows-Telnet-Client-FOD-Package~31bf3856ad364e35~amd64~en-US~10.0.26100.9444 with CBS state 7(CbsInstallStateInstalled) being mapped to dism state 5(DISM_INSTALL_STATE_INSTALLED) - CDISMPackage::LogInstallStateMapping
2026-09-14 11:09:48, Info                  DISM   DISM Package Manager: PID=8352 TID=11560 Package Microsoft-Windows-Telnet-Client-FOD-Package~31bf3856ad364e35~amd64~~10.0.26100.1742 with CBS state 4(CbsInstallStateStaged) being mapped to dism state 3(DISM_INSTALL_STATE_STAGED) - CDISMPackage::LogInstallStateMapping
2026-09-14 11:09:48, Info                  DISM   DISM Package Manager: PID=8352 TID=11560 Package Microsoft-Windows-Telnet-Client-FOD-Package~31bf3856ad364e35~amd64~~10.0.26100.8894 with CBS state -17(CbsInstallStateSuperseded) being mapped to dism state 7(DISM_INSTALL_STATE_SUPERSEDED) - CDISMPackage::LogInstallStateMapping
2026-09-14 11:09:48, Info                  DISM   DISM Package Manager: PID=8352 TID=11560 Package Microsoft-Windows-Telnet-Client-FOD-Package~31bf3856ad364e35~amd64~~10.0.26100.9168 with CBS state -17(CbsInstallStateSuperseded) being mapped to dism state 7(DISM_INSTALL_STATE_SUPERSEDED) - CDISMPackage::LogInstallStateMapping
2026-09-14 11:09:48, Info                  DISM   DISM Package Manager: PID=8352 TID=11560 Package Microsoft-Windows-Telnet-Client-FOD-Package~31bf3856ad364e35~amd64~~10.0.26100.9444 with CBS state 7(CbsInstallStateInstalled) being mapped to dism state 5(DISM_INSTALL_STATE_INSTALLED) - CDISMPackage::LogInstallStateMapping
2026-09-14 11:09:48, Info                  DISM   DISM Package Manager: PID=8352 TID=11560 Package Microsoft-Windows-TerminalServices-AppServer-Client-FOD-Package~31bf3856ad364e35~amd64~en-US~10.0.26100.1 with CBS state 4(CbsInstallStateStaged) being mapped to dism state 3(DISM_INSTALL_STATE_STAGED) - CDISMPackage::LogInstallStateMapping
2026-09-14 11:09:48, Info                  DISM   DISM Package Manager: PID=8352 TID=11560 Package Microsoft-Windows-TerminalServices-AppServer-Client-FOD-Package~31bf3856ad364e35~amd64~en-US~10.0.26100.8894 with CBS state -17(CbsInstallStateSuperseded) being mapped to dism state 7(DISM_INSTALL_STATE_SUPERSEDED) - CDISMPackage::LogInstallStateMapping
2026-09-14 11:09:48, Info                  DISM   DISM Package Manager: PID=8352 TID=11560 Package Microsoft-Windows-TerminalServices-AppServer-Client-FOD-Package~31bf3856ad364e35~amd64~en-US~10.0.26100.9168 with CBS state -17(CbsInstallStateSuperseded) being mapped to dism state 7(DISM_INSTALL_STATE_SUPERSEDED) - CDISMPackage::LogInstallStateMapping
2026-09-14 11:09:48, Info                  DISM   DISM Package Manager: PID=8352 TID=11560 Package Microsoft-Windows-TerminalServices-AppServer-Client-FOD-Package~31bf3856ad364e35~amd64~en-US~10.0.26100.9444 with CBS state 7(CbsInstallStateInstalled) being mapped to dism state 5(DISM_INSTALL_STATE_INSTALLED) - CDISMPackage::LogInstallStateMapping
2026-09-14 11:09:48, Info                  DISM   DISM Package Manager: PID=8352 TID=11560 Package Microsoft-Windows-TerminalServices-AppServer-Client-FOD-Package~31bf3856ad364e35~amd64~~10.0.26100.1 with CBS state 4(CbsInstallStateStaged) being mapped to dism state 3(DISM_INSTALL_STATE_STAGED) - CDISMPackage::LogInstallStateMapping
2026-09-14 11:09:48, Info                  DISM   DISM Package Manager: PID=8352 TID=11560 Package Microsoft-Windows-TerminalServices-AppServer-Client-FOD-Package~31bf3856ad364e35~amd64~~10.0.26100.8894 with CBS state -17(CbsInstallStateSuperseded) being mapped to dism state 7(DISM_INSTALL_STATE_SUPERSEDED) - CDISMPackage::LogInstallStateMapping
2026-09-14 11:09:48, Info                  DISM   DISM Package Manager: PID=8352 TID=11560 Package Microsoft-Windows-TerminalServices-AppServer-Client-FOD-Package~31bf3856ad364e35~amd64~~10.0.26100.9168 with CBS state -17(CbsInstallStateSuperseded) being mapped to dism state 7(DISM_INSTALL_STATE_SUPERSEDED) - CDISMPackage::LogInstallStateMapping
2026-09-14 11:09:48, Info                  DISM   DISM Package Manager: PID=8352 TID=11560 Package Microsoft-Windows-TerminalServices-AppServer-Client-FOD-Package~31bf3856ad364e35~amd64~~10.0.26100.9444 with CBS state 7(CbsInstallStateInstalled) being mapped to dism state 5(DISM_INSTALL_STATE_INSTALLED) - CDISMPackage::LogInstallStateMapping
2026-09-14 11:09:48, Info                  DISM   DISM Package Manager: PID=8352 TID=11560 Package Microsoft-Windows-TerminalServices-AppServer-Client-FOD-Package~31bf3856ad364e35~wow64~en-US~10.0.26100.1 with CBS state 4(CbsInstallStateStaged) being mapped to dism state 3(DISM_INSTALL_STATE_STAGED) - CDISMPackage::LogInstallStateMapping
2026-09-14 11:09:48, Info                  DISM   DISM Package Manager: PID=8352 TID=11560 Package Microsoft-Windows-TerminalServices-AppServer-Client-FOD-Package~31bf3856ad364e35~wow64~en-US~10.0.26100.8894 with CBS state -17(CbsInstallStateSuperseded) being mapped to dism state 7(DISM_INSTALL_STATE_SUPERSEDED) - CDISMPackage::LogInstallStateMapping
2026-09-14 11:09:48, Info                  DISM   DISM Package Manager: PID=8352 TID=11560 Package Microsoft-Windows-TerminalServices-AppServer-Client-FOD-Package~31bf3856ad364e35~wow64~en-US~10.0.26100.9168 with CBS state -17(CbsInstallStateSuperseded) being mapped to dism state 7(DISM_INSTALL_STATE_SUPERSEDED) - CDISMPackage::LogInstallStateMapping
2026-09-14 11:09:48, Info                  DISM   DISM Package Manager: PID=8352 TID=11560 Package Microsoft-Windows-TerminalServices-AppServer-Client-FOD-Package~31bf3856ad364e35~wow64~en-US~10.0.26100.9444 with CBS state 7(CbsInstallStateInstalled) being mapped to dism state 5(DISM_INSTALL_STATE_INSTALLED) - CDISMPackage::LogInstallStateMapping
2026-09-14 11:09:48, Info                  DISM   DISM Package Manager: PID=8352 TID=11560 Package Microsoft-Windows-TerminalServices-AppServer-Client-FOD-Package~31bf3856ad364e35~wow64~~10.0.26100.1 with CBS state 4(CbsInstallStateStaged) being mapped to dism state 3(DISM_INSTALL_STATE_STAGED) - CDISMPackage::LogInstallStateMapping
2026-09-14 11:09:48, Info                  DISM   DISM Package Manager: PID=8352 TID=11560 Package Microsoft-Windows-TerminalServices-AppServer-Client-FOD-Package~31bf3856ad364e35~wow64~~10.0.26100.8894 with CBS state -17(CbsInstallStateSuperseded) being mapped to dism state 7(DISM_INSTALL_STATE_SUPERSEDED) - CDISMPackage::LogInstallStateMapping
2026-09-14 11:09:48, Info                  DISM   DISM Package Manager: PID=8352 TID=11560 Package Microsoft-Windows-TerminalServices-AppServer-Client-FOD-Package~31bf3856ad364e35~wow64~~10.0.26100.9168 with CBS state -17(CbsInstallStateSuperseded) being mapped to dism state 7(DISM_INSTALL_STATE_SUPERSEDED) - CDISMPackage::LogInstallStateMapping
2026-09-14 11:09:48, Info                  DISM   DISM Package Manager: PID=8352 TID=11560 Package Microsoft-Windows-TerminalServices-AppServer-Client-FOD-Package~31bf3856ad364e35~wow64~~10.0.26100.9444 with CBS state 7(CbsInstallStateInstalled) being mapped to dism state 5(DISM_INSTALL_STATE_INSTALLED) - CDISMPackage::LogInstallStateMapping
2026-09-14 11:09:48, Info                  DISM   DISM Package Manager: PID=8352 TID=11560 Package Microsoft-Windows-TFTP-Client-FOD-Package~31bf3856ad364e35~amd64~en-US~10.0.26100.1742 with CBS state 4(CbsInstallStateStaged) being mapped to dism state 3(DISM_INSTALL_STATE_STAGED) - CDISMPackage::LogInstallStateMapping
2026-09-14 11:09:48, Info                  DISM   DISM Package Manager: PID=8352 TID=11560 Package Microsoft-Windows-TFTP-Client-FOD-Package~31bf3856ad364e35~amd64~en-US~10.0.26100.8894 with CBS state -17(CbsInstallStateSuperseded) being mapped to dism state 7(DISM_INSTALL_STATE_SUPERSEDED) - CDISMPackage::LogInstallStateMapping
2026-09-14 11:09:48, Info                  DISM   DISM Package Manager: PID=8352 TID=11560 Package Microsoft-Windows-TFTP-Client-FOD-Package~31bf3856ad364e35~amd64~en-US~10.0.26100.9168 with CBS state -17(CbsInstallStateSuperseded) being mapped to dism state 7(DISM_INSTALL_STATE_SUPERSEDED) - CDISMPackage::LogInstallStateMapping
2026-09-14 11:09:48, Info                  DISM   DISM Package Manager: PID=8352 TID=11560 Package Microsoft-Windows-TFTP-Client-FOD-Package~31bf3856ad364e35~amd64~en-US~10.0.26100.9444 with CBS state 7(CbsInstallStateInstalled) being mapped to dism state 5(DISM_INSTALL_STATE_INSTALLED) - CDISMPackage::LogInstallStateMapping
2026-09-14 11:09:49, Info                  DISM   DISM Package Manager: PID=8352 TID=11560 Package Microsoft-Windows-TFTP-Client-FOD-Package~31bf3856ad364e35~amd64~~10.0.26100.1742 with CBS state 4(CbsInstallStateStaged) being mapped to dism state 3(DISM_INSTALL_STATE_STAGED) - CDISMPackage::LogInstallStateMapping
2026-09-14 11:09:49, Info                  DISM   DISM Package Manager: PID=8352 TID=11560 Package Microsoft-Windows-TFTP-Client-FOD-Package~31bf3856ad364e35~amd64~~10.0.26100.8894 with CBS state -17(CbsInstallStateSuperseded) being mapped to dism state 7(DISM_INSTALL_STATE_SUPERSEDED) - CDISMPackage::LogInstallStateMapping
2026-09-14 11:09:49, Info                  DISM   DISM Package Manager: PID=8352 TID=11560 Package Microsoft-Windows-TFTP-Client-FOD-Package~31bf3856ad364e35~amd64~~10.0.26100.9168 with CBS state -17(CbsInstallStateSuperseded) being mapped to dism state 7(DISM_INSTALL_STATE_SUPERSEDED) - CDISMPackage::LogInstallStateMapping
2026-09-14 11:09:49, Info                  DISM   DISM Package Manager: PID=8352 TID=11560 Package Microsoft-Windows-TFTP-Client-FOD-Package~31bf3856ad364e35~amd64~~10.0.26100.9444 with CBS state 7(CbsInstallStateInstalled) being mapped to dism state 5(DISM_INSTALL_STATE_INSTALLED) - CDISMPackage::LogInstallStateMapping
2026-09-14 11:09:49, Info                  DISM   DISM Package Manager: PID=8352 TID=11560 Package Microsoft-Windows-VBSCRIPT-FoD-Package~31bf3856ad364e35~amd64~en-US~10.0.26100.1742 with CBS state 4(CbsInstallStateStaged) being mapped to dism state 3(DISM_INSTALL_STATE_STAGED) - CDISMPackage::LogInstallStateMapping
2026-09-14 11:09:49, Info                  DISM   DISM Package Manager: PID=8352 TID=11560 Package Microsoft-Windows-VBSCRIPT-FoD-Package~31bf3856ad364e35~amd64~en-US~10.0.26100.8894 with CBS state -17(CbsInstallStateSuperseded) being mapped to dism state 7(DISM_INSTALL_STATE_SUPERSEDED) - CDISMPackage::LogInstallStateMapping
2026-09-14 11:09:49, Info                  DISM   DISM Package Manager: PID=8352 TID=11560 Package Microsoft-Windows-VBSCRIPT-FoD-Package~31bf3856ad364e35~amd64~en-US~10.0.26100.9168 with CBS state -17(CbsInstallStateSuperseded) being mapped to dism state 7(DISM_INSTALL_STATE_SUPERSEDED) - CDISMPackage::LogInstallStateMapping
2026-09-14 11:09:49, Info                  DISM   DISM Package Manager: PID=8352 TID=11560 Package Microsoft-Windows-VBSCRIPT-FoD-Package~31bf3856ad364e35~amd64~en-US~10.0.26100.9444 with CBS state 7(CbsInstallStateInstalled) being mapped to dism state 5(DISM_INSTALL_STATE_INSTALLED) - CDISMPackage::LogInstallStateMapping
2026-09-14 11:09:49, Info                  DISM   DISM Package Manager: PID=8352 TID=11560 Package Microsoft-Windows-VBSCRIPT-FoD-Package~31bf3856ad364e35~amd64~~10.0.26100.1742 with CBS state 4(CbsInstallStateStaged) being mapped to dism state 3(DISM_INSTALL_STATE_STAGED) - CDISMPackage::LogInstallStateMapping
2026-09-14 11:09:49, Info                  DISM   DISM Package Manager: PID=8352 TID=11560 Package Microsoft-Windows-VBSCRIPT-FoD-Package~31bf3856ad364e35~amd64~~10.0.26100.8894 with CBS state -17(CbsInstallStateSuperseded) being mapped to dism state 7(DISM_INSTALL_STATE_SUPERSEDED) - CDISMPackage::LogInstallStateMapping
2026-09-14 11:09:49, Info                  DISM   DISM Package Manager: PID=8352 TID=11560 Package Microsoft-Windows-VBSCRIPT-FoD-Package~31bf3856ad364e35~amd64~~10.0.26100.9168 with CBS state -17(CbsInstallStateSuperseded) being mapped to dism state 7(DISM_INSTALL_STATE_SUPERSEDED) - CDISMPackage::LogInstallStateMapping
2026-09-14 11:09:49, Info                  DISM   DISM Package Manager: PID=8352 TID=11560 Package Microsoft-Windows-VBSCRIPT-FoD-Package~31bf3856ad364e35~amd64~~10.0.26100.9444 with CBS state 7(CbsInstallStateInstalled) being mapped to dism state 5(DISM_INSTALL_STATE_INSTALLED) - CDISMPackage::LogInstallStateMapping
2026-09-14 11:09:49, Info                  DISM   DISM Package Manager: PID=8352 TID=11560 Package Microsoft-Windows-VBSCRIPT-FoD-Package~31bf3856ad364e35~wow64~en-US~10.0.26100.1 with CBS state 7(CbsInstallStateInstalled) being mapped to dism state 5(DISM_INSTALL_STATE_INSTALLED) - CDISMPackage::LogInstallStateMapping
2026-09-14 11:09:49, Info                  DISM   DISM Package Manager: PID=8352 TID=11560 Package Microsoft-Windows-VBSCRIPT-FoD-Package~31bf3856ad364e35~wow64~~10.0.26100.1742 with CBS state 4(CbsInstallStateStaged) being mapped to dism state 3(DISM_INSTALL_STATE_STAGED) - CDISMPackage::LogInstallStateMapping
2026-09-14 11:09:49, Info                  DISM   DISM Package Manager: PID=8352 TID=11560 Package Microsoft-Windows-VBSCRIPT-FoD-Package~31bf3856ad364e35~wow64~~10.0.26100.8894 with CBS state -17(CbsInstallStateSuperseded) being mapped to dism state 7(DISM_INSTALL_STATE_SUPERSEDED) - CDISMPackage::LogInstallStateMapping
2026-09-14 11:09:49, Info                  DISM   DISM Package Manager: PID=8352 TID=11560 Package Microsoft-Windows-VBSCRIPT-FoD-Package~31bf3856ad364e35~wow64~~10.0.26100.9168 with CBS state -17(CbsInstallStateSuperseded) being mapped to dism state 7(DISM_INSTALL_STATE_SUPERSEDED) - CDISMPackage::LogInstallStateMapping
2026-09-14 11:09:49, Info                  DISM   DISM Package Manager: PID=8352 TID=11560 Package Microsoft-Windows-VBSCRIPT-FoD-Package~31bf3856ad364e35~wow64~~10.0.26100.9444 with CBS state 7(CbsInstallStateInstalled) being mapped to dism state 5(DISM_INSTALL_STATE_INSTALLED) - CDISMPackage::LogInstallStateMapping
2026-09-14 11:09:49, Info                  DISM   DISM Package Manager: PID=8352 TID=11560 Package Microsoft-Windows-Wallpaper-Content-Extended-FoD-Package~31bf3856ad364e35~amd64~~10.0.26100.1742 with CBS state 4(CbsInstallStateStaged) being mapped to dism state 3(DISM_INSTALL_STATE_STAGED) - CDISMPackage::LogInstallStateMapping
2026-09-14 11:09:49, Info                  DISM   DISM Package Manager: PID=8352 TID=11560 Package Microsoft-Windows-Wallpaper-Content-Extended-FoD-Package~31bf3856ad364e35~amd64~~10.0.26100.8894 with CBS state -17(CbsInstallStateSuperseded) being mapped to dism state 7(DISM_INSTALL_STATE_SUPERSEDED) - CDISMPackage::LogInstallStateMapping
2026-09-14 11:09:49, Info                  DISM   DISM Package Manager: PID=8352 TID=11560 Package Microsoft-Windows-Wallpaper-Content-Extended-FoD-Package~31bf3856ad364e35~amd64~~10.0.26100.9168 with CBS state -17(CbsInstallStateSuperseded) being mapped to dism state 7(DISM_INSTALL_STATE_SUPERSEDED) - CDISMPackage::LogInstallStateMapping
2026-09-14 11:09:49, Info                  DISM   DISM Package Manager: PID=8352 TID=19896 Package Microsoft-Windows-Wallpaper-Content-Extended-FoD-Package~31bf3856ad364e35~amd64~~10.0.26100.9444 with CBS state 7(CbsInstallStateInstalled) being mapped to dism state 5(DISM_INSTALL_STATE_INSTALLED) - CDISMPackage::LogInstallStateMapping
2026-09-14 11:09:49, Info                  DISM   DISM Package Manager: PID=8352 TID=19896 Package Microsoft-Windows-Wifi-Client-Broadcom-Bcmpciedhd63-FOD-Package~31bf3856ad364e35~amd64~~10.0.26100.1742 with CBS state 4(CbsInstallStateStaged) being mapped to dism state 3(DISM_INSTALL_STATE_STAGED) - CDISMPackage::LogInstallStateMapping
2026-09-14 11:09:49, Info                  DISM   DISM Package Manager: PID=8352 TID=19896 Package Microsoft-Windows-Wifi-Client-Broadcom-Bcmpciedhd63-FOD-Package~31bf3856ad364e35~amd64~~10.0.26100.8894 with CBS state -17(CbsInstallStateSuperseded) being mapped to dism state 7(DISM_INSTALL_STATE_SUPERSEDED) - CDISMPackage::LogInstallStateMapping
2026-09-14 11:09:49, Info                  DISM   DISM Package Manager: PID=8352 TID=19896 Package Microsoft-Windows-Wifi-Client-Broadcom-Bcmpciedhd63-FOD-Package~31bf3856ad364e35~amd64~~10.0.26100.9168 with CBS state -17(CbsInstallStateSuperseded) being mapped to dism state 7(DISM_INSTALL_STATE_SUPERSEDED) - CDISMPackage::LogInstallStateMapping
2026-09-14 11:09:49, Info                  DISM   DISM Package Manager: PID=8352 TID=19896 Package Microsoft-Windows-Wifi-Client-Broadcom-Bcmpciedhd63-FOD-Package~31bf3856ad364e35~amd64~~10.0.26100.9444 with CBS state 7(CbsInstallStateInstalled) being mapped to dism state 5(DISM_INSTALL_STATE_INSTALLED) - CDISMPackage::LogInstallStateMapping
2026-09-14 11:09:49, Info                  DISM   DISM Package Manager: PID=8352 TID=19896 Package Microsoft-Windows-Wifi-Client-Broadcom-Bcmwl63a-FOD-Package~31bf3856ad364e35~amd64~~10.0.26100.1742 with CBS state 4(CbsInstallStateStaged) being mapped to dism state 3(DISM_INSTALL_STATE_STAGED) - CDISMPackage::LogInstallStateMapping
2026-09-14 11:09:49, Info                  DISM   DISM Package Manager: PID=8352 TID=19896 Package Microsoft-Windows-Wifi-Client-Broadcom-Bcmwl63a-FOD-Package~31bf3856ad364e35~amd64~~10.0.26100.8894 with CBS state -17(CbsInstallStateSuperseded) being mapped to dism state 7(DISM_INSTALL_STATE_SUPERSEDED) - CDISMPackage::LogInstallStateMapping
2026-09-14 11:09:49, Info                  DISM   DISM Package Manager: PID=8352 TID=19896 Package Microsoft-Windows-Wifi-Client-Broadcom-Bcmwl63a-FOD-Package~31bf3856ad364e35~amd64~~10.0.26100.9168 with CBS state -17(CbsInstallStateSuperseded) being mapped to dism state 7(DISM_INSTALL_STATE_SUPERSEDED) - CDISMPackage::LogInstallStateMapping
2026-09-14 11:09:49, Info                  DISM   DISM Package Manager: PID=8352 TID=19896 Package Microsoft-Windows-Wifi-Client-Broadcom-Bcmwl63a-FOD-Package~31bf3856ad364e35~amd64~~10.0.26100.9444 with CBS state 7(CbsInstallStateInstalled) being mapped to dism state 5(DISM_INSTALL_STATE_INSTALLED) - CDISMPackage::LogInstallStateMapping
2026-09-14 11:09:49, Info                  DISM   DISM Package Manager: PID=8352 TID=19896 Package Microsoft-Windows-Wifi-Client-Broadcom-Bcmwl63al-FOD-Package~31bf3856ad364e35~amd64~~10.0.26100.1742 with CBS state 4(CbsInstallStateStaged) being mapped to dism state 3(DISM_INSTALL_STATE_STAGED) - CDISMPackage::LogInstallStateMapping
2026-09-14 11:09:49, Info                  DISM   DISM Package Manager: PID=8352 TID=19896 Package Microsoft-Windows-Wifi-Client-Broadcom-Bcmwl63al-FOD-Package~31bf3856ad364e35~amd64~~10.0.26100.8894 with CBS state -17(CbsInstallStateSuperseded) being mapped to dism state 7(DISM_INSTALL_STATE_SUPERSEDED) - CDISMPackage::LogInstallStateMapping
2026-09-14 11:09:49, Info                  DISM   DISM Package Manager: PID=8352 TID=19896 Package Microsoft-Windows-Wifi-Client-Broadcom-Bcmwl63al-FOD-Package~31bf3856ad364e35~amd64~~10.0.26100.9168 with CBS state -17(CbsInstallStateSuperseded) being mapped to dism state 7(DISM_INSTALL_STATE_SUPERSEDED) - CDISMPackage::LogInstallStateMapping
2026-09-14 11:09:49, Info                  DISM   DISM Package Manager: PID=8352 TID=19896 Package Microsoft-Windows-Wifi-Client-Broadcom-Bcmwl63al-FOD-Package~31bf3856ad364e35~amd64~~10.0.26100.9444 with CBS state 7(CbsInstallStateInstalled) being mapped to dism state 5(DISM_INSTALL_STATE_INSTALLED) - CDISMPackage::LogInstallStateMapping
2026-09-14 11:09:49, Info                  DISM   DISM Package Manager: PID=8352 TID=19896 Package Microsoft-Windows-Wifi-Client-Intel-Netwbw02-FOD-Package~31bf3856ad364e35~amd64~~10.0.26100.1742 with CBS state 4(CbsInstallStateStaged) being mapped to dism state 3(DISM_INSTALL_STATE_STAGED) - CDISMPackage::LogInstallStateMapping
2026-09-14 11:09:49, Info                  DISM   DISM Package Manager: PID=8352 TID=19896 Package Microsoft-Windows-Wifi-Client-Intel-Netwbw02-FOD-Package~31bf3856ad364e35~amd64~~10.0.26100.8894 with CBS state -17(CbsInstallStateSuperseded) being mapped to dism state 7(DISM_INSTALL_STATE_SUPERSEDED) - CDISMPackage::LogInstallStateMapping
2026-09-14 11:09:49, Info                  DISM   DISM Package Manager: PID=8352 TID=19896 Package Microsoft-Windows-Wifi-Client-Intel-Netwbw02-FOD-Package~31bf3856ad364e35~amd64~~10.0.26100.9168 with CBS state -17(CbsInstallStateSuperseded) being mapped to dism state 7(DISM_INSTALL_STATE_SUPERSEDED) - CDISMPackage::LogInstallStateMapping
2026-09-14 11:09:49, Info                  DISM   DISM Package Manager: PID=8352 TID=19896 Package Microsoft-Windows-Wifi-Client-Intel-Netwbw02-FOD-Package~31bf3856ad364e35~amd64~~10.0.26100.9444 with CBS state 7(CbsInstallStateInstalled) being mapped to dism state 5(DISM_INSTALL_STATE_INSTALLED) - CDISMPackage::LogInstallStateMapping
2026-09-14 11:09:49, Info                  DISM   DISM Package Manager: PID=8352 TID=19896 Package Microsoft-Windows-Wifi-Client-Intel-Netwew00-FOD-Package~31bf3856ad364e35~amd64~~10.0.26100.1742 with CBS state 4(CbsInstallStateStaged) being mapped to dism state 3(DISM_INSTALL_STATE_STAGED) - CDISMPackage::LogInstallStateMapping
2026-09-14 11:09:49, Info                  DISM   DISM Package Manager: PID=8352 TID=19896 Package Microsoft-Windows-Wifi-Client-Intel-Netwew00-FOD-Package~31bf3856ad364e35~amd64~~10.0.26100.8894 with CBS state -17(CbsInstallStateSuperseded) being mapped to dism state 7(DISM_INSTALL_STATE_SUPERSEDED) - CDISMPackage::LogInstallStateMapping
2026-09-14 11:09:49, Info                  DISM   DISM Package Manager: PID=8352 TID=19896 Package Microsoft-Windows-Wifi-Client-Intel-Netwew00-FOD-Package~31bf3856ad364e35~amd64~~10.0.26100.9168 with CBS state -17(CbsInstallStateSuperseded) being mapped to dism state 7(DISM_INSTALL_STATE_SUPERSEDED) - CDISMPackage::LogInstallStateMapping
2026-09-14 11:09:49, Info                  DISM   DISM Package Manager: PID=8352 TID=19896 Package Microsoft-Windows-Wifi-Client-Intel-Netwew00-FOD-Package~31bf3856ad364e35~amd64~~10.0.26100.9444 with CBS state 7(CbsInstallStateInstalled) being mapped to dism state 5(DISM_INSTALL_STATE_INSTALLED) - CDISMPackage::LogInstallStateMapping
2026-09-14 11:09:49, Info                  DISM   DISM Package Manager: PID=8352 TID=19896 Package Microsoft-Windows-Wifi-Client-Intel-Netwew01-FOD-Package~31bf3856ad364e35~amd64~~10.0.26100.1742 with CBS state 4(CbsInstallStateStaged) being mapped to dism state 3(DISM_INSTALL_STATE_STAGED) - CDISMPackage::LogInstallStateMapping
2026-09-14 11:09:49, Info                  DISM   DISM Package Manager: PID=8352 TID=19896 Package Microsoft-Windows-Wifi-Client-Intel-Netwew01-FOD-Package~31bf3856ad364e35~amd64~~10.0.26100.8894 with CBS state -17(CbsInstallStateSuperseded) being mapped to dism state 7(DISM_INSTALL_STATE_SUPERSEDED) - CDISMPackage::LogInstallStateMapping
2026-09-14 11:09:49, Info                  DISM   DISM Package Manager: PID=8352 TID=19896 Package Microsoft-Windows-Wifi-Client-Intel-Netwew01-FOD-Package~31bf3856ad364e35~amd64~~10.0.26100.9168 with CBS state -17(CbsInstallStateSuperseded) being mapped to dism state 7(DISM_INSTALL_STATE_SUPERSEDED) - CDISMPackage::LogInstallStateMapping
2026-09-14 11:09:49, Info                  DISM   DISM Package Manager: PID=8352 TID=19896 Package Microsoft-Windows-Wifi-Client-Intel-Netwew01-FOD-Package~31bf3856ad364e35~amd64~~10.0.26100.9444 with CBS state 7(CbsInstallStateInstalled) being mapped to dism state 5(DISM_INSTALL_STATE_INSTALLED) - CDISMPackage::LogInstallStateMapping
2026-09-14 11:09:49, Info                  DISM   DISM Package Manager: PID=8352 TID=19896 Package Microsoft-Windows-Wifi-Client-Intel-Netwlv64-FOD-Package~31bf3856ad364e35~amd64~~10.0.26100.1742 with CBS state 4(CbsInstallStateStaged) being mapped to dism state 3(DISM_INSTALL_STATE_STAGED) - CDISMPackage::LogInstallStateMapping
2026-09-14 11:09:49, Info                  DISM   DISM Package Manager: PID=8352 TID=19896 Package Microsoft-Windows-Wifi-Client-Intel-Netwlv64-FOD-Package~31bf3856ad364e35~amd64~~10.0.26100.8894 with CBS state -17(CbsInstallStateSuperseded) being mapped to dism state 7(DISM_INSTALL_STATE_SUPERSEDED) - CDISMPackage::LogInstallStateMapping
2026-09-14 11:09:49, Info                  DISM   DISM Package Manager: PID=8352 TID=19896 Package Microsoft-Windows-Wifi-Client-Intel-Netwlv64-FOD-Package~31bf3856ad364e35~amd64~~10.0.26100.9168 with CBS state -17(CbsInstallStateSuperseded) being mapped to dism state 7(DISM_INSTALL_STATE_SUPERSEDED) - CDISMPackage::LogInstallStateMapping
2026-09-14 11:09:49, Info                  DISM   DISM Package Manager: PID=8352 TID=19896 Package Microsoft-Windows-Wifi-Client-Intel-Netwlv64-FOD-Package~31bf3856ad364e35~amd64~~10.0.26100.9444 with CBS state 7(CbsInstallStateInstalled) being mapped to dism state 5(DISM_INSTALL_STATE_INSTALLED) - CDISMPackage::LogInstallStateMapping
2026-09-14 11:09:49, Info                  DISM   DISM Package Manager: PID=8352 TID=19896 Package Microsoft-Windows-Wifi-Client-Intel-Netwns64-FOD-Package~31bf3856ad364e35~amd64~~10.0.26100.1742 with CBS state 4(CbsInstallStateStaged) being mapped to dism state 3(DISM_INSTALL_STATE_STAGED) - CDISMPackage::LogInstallStateMapping
2026-09-14 11:09:49, Info                  DISM   DISM Package Manager: PID=8352 TID=19896 Package Microsoft-Windows-Wifi-Client-Intel-Netwns64-FOD-Package~31bf3856ad364e35~amd64~~10.0.26100.8894 with CBS state -17(CbsInstallStateSuperseded) being mapped to dism state 7(DISM_INSTALL_STATE_SUPERSEDED) - CDISMPackage::LogInstallStateMapping
2026-09-14 11:09:49, Info                  DISM   DISM Package Manager: PID=8352 TID=19896 Package Microsoft-Windows-Wifi-Client-Intel-Netwns64-FOD-Package~31bf3856ad364e35~amd64~~10.0.26100.9168 with CBS state -17(CbsInstallStateSuperseded) being mapped to dism state 7(DISM_INSTALL_STATE_SUPERSEDED) - CDISMPackage::LogInstallStateMapping
2026-09-14 11:09:49, Info                  DISM   DISM Package Manager: PID=8352 TID=19896 Package Microsoft-Windows-Wifi-Client-Intel-Netwns64-FOD-Package~31bf3856ad364e35~amd64~~10.0.26100.9444 with CBS state 7(CbsInstallStateInstalled) being mapped to dism state 5(DISM_INSTALL_STATE_INSTALLED) - CDISMPackage::LogInstallStateMapping
2026-09-14 11:09:49, Info                  DISM   DISM Package Manager: PID=8352 TID=19896 Package Microsoft-Windows-Wifi-Client-Intel-Netwsw00-FOD-Package~31bf3856ad364e35~amd64~~10.0.26100.1742 with CBS state 4(CbsInstallStateStaged) being mapped to dism state 3(DISM_INSTALL_STATE_STAGED) - CDISMPackage::LogInstallStateMapping
2026-09-14 11:09:49, Info                  DISM   DISM Package Manager: PID=8352 TID=19896 Package Microsoft-Windows-Wifi-Client-Intel-Netwsw00-FOD-Package~31bf3856ad364e35~amd64~~10.0.26100.8894 with CBS state -17(CbsInstallStateSuperseded) being mapped to dism state 7(DISM_INSTALL_STATE_SUPERSEDED) - CDISMPackage::LogInstallStateMapping
2026-09-14 11:09:49, Info                  DISM   DISM Package Manager: PID=8352 TID=19896 Package Microsoft-Windows-Wifi-Client-Intel-Netwsw00-FOD-Package~31bf3856ad364e35~amd64~~10.0.26100.9168 with CBS state -17(CbsInstallStateSuperseded) being mapped to dism state 7(DISM_INSTALL_STATE_SUPERSEDED) - CDISMPackage::LogInstallStateMapping
2026-09-14 11:09:49, Info                  DISM   DISM Package Manager: PID=8352 TID=19896 Package Microsoft-Windows-Wifi-Client-Intel-Netwsw00-FOD-Package~31bf3856ad364e35~amd64~~10.0.26100.9444 with CBS state 7(CbsInstallStateInstalled) being mapped to dism state 5(DISM_INSTALL_STATE_INSTALLED) - CDISMPackage::LogInstallStateMapping
2026-09-14 11:09:49, Info                  DISM   DISM Package Manager: PID=8352 TID=19896 Package Microsoft-Windows-Wifi-Client-Intel-Netwtw02-FOD-Package~31bf3856ad364e35~amd64~~10.0.26100.1742 with CBS state 4(CbsInstallStateStaged) being mapped to dism state 3(DISM_INSTALL_STATE_STAGED) - CDISMPackage::LogInstallStateMapping
2026-09-14 11:09:49, Info                  DISM   DISM Package Manager: PID=8352 TID=19896 Package Microsoft-Windows-Wifi-Client-Intel-Netwtw02-FOD-Package~31bf3856ad364e35~amd64~~10.0.26100.8894 with CBS state -17(CbsInstallStateSuperseded) being mapped to dism state 7(DISM_INSTALL_STATE_SUPERSEDED) - CDISMPackage::LogInstallStateMapping
2026-09-14 11:09:49, Info                  DISM   DISM Package Manager: PID=8352 TID=19896 Package Microsoft-Windows-Wifi-Client-Intel-Netwtw02-FOD-Package~31bf3856ad364e35~amd64~~10.0.26100.9168 with CBS state -17(CbsInstallStateSuperseded) being mapped to dism state 7(DISM_INSTALL_STATE_SUPERSEDED) - CDISMPackage::LogInstallStateMapping
2026-09-14 11:09:49, Info                  DISM   DISM Package Manager: PID=8352 TID=19896 Package Microsoft-Windows-Wifi-Client-Intel-Netwtw02-FOD-Package~31bf3856ad364e35~amd64~~10.0.26100.9444 with CBS state 7(CbsInstallStateInstalled) being mapped to dism state 5(DISM_INSTALL_STATE_INSTALLED) - CDISMPackage::LogInstallStateMapping
2026-09-14 11:09:49, Info                  DISM   DISM Package Manager: PID=8352 TID=19896 Package Microsoft-Windows-Wifi-Client-Intel-Netwtw04-FOD-Package~31bf3856ad364e35~amd64~~10.0.26100.1742 with CBS state 4(CbsInstallStateStaged) being mapped to dism state 3(DISM_INSTALL_STATE_STAGED) - CDISMPackage::LogInstallStateMapping
2026-09-14 11:09:49, Info                  DISM   DISM Package Manager: PID=8352 TID=19896 Package Microsoft-Windows-Wifi-Client-Intel-Netwtw04-FOD-Package~31bf3856ad364e35~amd64~~10.0.26100.8894 with CBS state -17(CbsInstallStateSuperseded) being mapped to dism state 7(DISM_INSTALL_STATE_SUPERSEDED) - CDISMPackage::LogInstallStateMapping
2026-09-14 11:09:49, Info                  DISM   DISM Package Manager: PID=8352 TID=19896 Package Microsoft-Windows-Wifi-Client-Intel-Netwtw04-FOD-Package~31bf3856ad364e35~amd64~~10.0.26100.9168 with CBS state -17(CbsInstallStateSuperseded) being mapped to dism state 7(DISM_INSTALL_STATE_SUPERSEDED) - CDISMPackage::LogInstallStateMapping
2026-09-14 11:09:49, Info                  DISM   DISM Package Manager: PID=8352 TID=19896 Package Microsoft-Windows-Wifi-Client-Intel-Netwtw04-FOD-Package~31bf3856ad364e35~amd64~~10.0.26100.9444 with CBS state 7(CbsInstallStateInstalled) being mapped to dism state 5(DISM_INSTALL_STATE_INSTALLED) - CDISMPackage::LogInstallStateMapping
2026-09-14 11:09:49, Info                  DISM   DISM Package Manager: PID=8352 TID=19896 Package Microsoft-Windows-Wifi-Client-Intel-Netwtw06-FOD-Package~31bf3856ad364e35~amd64~~10.0.26100.1742 with CBS state 4(CbsInstallStateStaged) being mapped to dism state 3(DISM_INSTALL_STATE_STAGED) - CDISMPackage::LogInstallStateMapping
2026-09-14 11:09:49, Info                  DISM   DISM Package Manager: PID=8352 TID=19896 Package Microsoft-Windows-Wifi-Client-Intel-Netwtw06-FOD-Package~31bf3856ad364e35~amd64~~10.0.26100.8894 with CBS state -17(CbsInstallStateSuperseded) being mapped to dism state 7(DISM_INSTALL_STATE_SUPERSEDED) - CDISMPackage::LogInstallStateMapping
2026-09-14 11:09:49, Info                  DISM   DISM Package Manager: PID=8352 TID=19896 Package Microsoft-Windows-Wifi-Client-Intel-Netwtw06-FOD-Package~31bf3856ad364e35~amd64~~10.0.26100.9168 with CBS state -17(CbsInstallStateSuperseded) being mapped to dism state 7(DISM_INSTALL_STATE_SUPERSEDED) - CDISMPackage::LogInstallStateMapping
2026-09-14 11:09:49, Info                  DISM   DISM Package Manager: PID=8352 TID=19896 Package Microsoft-Windows-Wifi-Client-Intel-Netwtw06-FOD-Package~31bf3856ad364e35~amd64~~10.0.26100.9444 with CBS state 7(CbsInstallStateInstalled) being mapped to dism state 5(DISM_INSTALL_STATE_INSTALLED) - CDISMPackage::LogInstallStateMapping
2026-09-14 11:09:49, Info                  DISM   DISM Package Manager: PID=8352 TID=19896 Package Microsoft-Windows-Wifi-Client-Intel-Netwtw08-FOD-Package~31bf3856ad364e35~amd64~~10.0.26100.1742 with CBS state 4(CbsInstallStateStaged) being mapped to dism state 3(DISM_INSTALL_STATE_STAGED) - CDISMPackage::LogInstallStateMapping
2026-09-14 11:09:49, Info                  DISM   DISM Package Manager: PID=8352 TID=19896 Package Microsoft-Windows-Wifi-Client-Intel-Netwtw08-FOD-Package~31bf3856ad364e35~amd64~~10.0.26100.8894 with CBS state -17(CbsInstallStateSuperseded) being mapped to dism state 7(DISM_INSTALL_STATE_SUPERSEDED) - CDISMPackage::LogInstallStateMapping
2026-09-14 11:09:49, Info                  DISM   DISM Package Manager: PID=8352 TID=19896 Package Microsoft-Windows-Wifi-Client-Intel-Netwtw08-FOD-Package~31bf3856ad364e35~amd64~~10.0.26100.9168 with CBS state -17(CbsInstallStateSuperseded) being mapped to dism state 7(DISM_INSTALL_STATE_SUPERSEDED) - CDISMPackage::LogInstallStateMapping
2026-09-14 11:09:49, Info                  DISM   DISM Package Manager: PID=8352 TID=19896 Package Microsoft-Windows-Wifi-Client-Intel-Netwtw08-FOD-Package~31bf3856ad364e35~amd64~~10.0.26100.9444 with CBS state 7(CbsInstallStateInstalled) being mapped to dism state 5(DISM_INSTALL_STATE_INSTALLED) - CDISMPackage::LogInstallStateMapping
2026-09-14 11:09:49, Info                  DISM   DISM Package Manager: PID=8352 TID=19896 Package Microsoft-Windows-Wifi-Client-Intel-Netwtw10-FOD-Package~31bf3856ad364e35~amd64~~10.0.26100.1742 with CBS state 4(CbsInstallStateStaged) being mapped to dism state 3(DISM_INSTALL_STATE_STAGED) - CDISMPackage::LogInstallStateMapping
2026-09-14 11:09:49, Info                  DISM   DISM Package Manager: PID=8352 TID=19896 Package Microsoft-Windows-Wifi-Client-Intel-Netwtw10-FOD-Package~31bf3856ad364e35~amd64~~10.0.26100.8894 with CBS state -17(CbsInstallStateSuperseded) being mapped to dism state 7(DISM_INSTALL_STATE_SUPERSEDED) - CDISMPackage::LogInstallStateMapping
2026-09-14 11:09:49, Info                  DISM   DISM Package Manager: PID=8352 TID=19896 Package Microsoft-Windows-Wifi-Client-Intel-Netwtw10-FOD-Package~31bf3856ad364e35~amd64~~10.0.26100.9168 with CBS state -17(CbsInstallStateSuperseded) being mapped to dism state 7(DISM_INSTALL_STATE_SUPERSEDED) - CDISMPackage::LogInstallStateMapping
2026-09-14 11:09:49, Info                  DISM   DISM Package Manager: PID=8352 TID=19896 Package Microsoft-Windows-Wifi-Client-Intel-Netwtw10-FOD-Package~31bf3856ad364e35~amd64~~10.0.26100.9444 with CBS state 7(CbsInstallStateInstalled) being mapped to dism state 5(DISM_INSTALL_STATE_INSTALLED) - CDISMPackage::LogInstallStateMapping
2026-09-14 11:09:49, Info                  DISM   DISM Package Manager: PID=8352 TID=19896 Package Microsoft-Windows-Wifi-Client-Marvel-Mrvlpcie8897-FOD-Package~31bf3856ad364e35~amd64~~10.0.26100.1742 with CBS state 4(CbsInstallStateStaged) being mapped to dism state 3(DISM_INSTALL_STATE_STAGED) - CDISMPackage::LogInstallStateMapping
2026-09-14 11:09:49, Info                  DISM   DISM Package Manager: PID=8352 TID=19896 Package Microsoft-Windows-Wifi-Client-Marvel-Mrvlpcie8897-FOD-Package~31bf3856ad364e35~amd64~~10.0.26100.8894 with CBS state -17(CbsInstallStateSuperseded) being mapped to dism state 7(DISM_INSTALL_STATE_SUPERSEDED) - CDISMPackage::LogInstallStateMapping
2026-09-14 11:09:49, Info                  DISM   DISM Package Manager: PID=8352 TID=19896 Package Microsoft-Windows-Wifi-Client-Marvel-Mrvlpcie8897-FOD-Package~31bf3856ad364e35~amd64~~10.0.26100.9168 with CBS state -17(CbsInstallStateSuperseded) being mapped to dism state 7(DISM_INSTALL_STATE_SUPERSEDED) - CDISMPackage::LogInstallStateMapping
2026-09-14 11:09:49, Info                  DISM   DISM Package Manager: PID=8352 TID=19896 Package Microsoft-Windows-Wifi-Client-Marvel-Mrvlpcie8897-FOD-Package~31bf3856ad364e35~amd64~~10.0.26100.9444 with CBS state 7(CbsInstallStateInstalled) being mapped to dism state 5(DISM_INSTALL_STATE_INSTALLED) - CDISMPackage::LogInstallStateMapping
2026-09-14 11:09:49, Info                  DISM   DISM Package Manager: PID=8352 TID=19896 Package Microsoft-Windows-Wifi-Client-Qualcomm-Athw8x-FOD-Package~31bf3856ad364e35~amd64~~10.0.26100.1742 with CBS state 4(CbsInstallStateStaged) being mapped to dism state 3(DISM_INSTALL_STATE_STAGED) - CDISMPackage::LogInstallStateMapping
2026-09-14 11:09:49, Info                  DISM   DISM Package Manager: PID=8352 TID=19896 Package Microsoft-Windows-Wifi-Client-Qualcomm-Athw8x-FOD-Package~31bf3856ad364e35~amd64~~10.0.26100.8894 with CBS state -17(CbsInstallStateSuperseded) being mapped to dism state 7(DISM_INSTALL_STATE_SUPERSEDED) - CDISMPackage::LogInstallStateMapping
2026-09-14 11:09:49, Info                  DISM   DISM Package Manager: PID=8352 TID=19896 Package Microsoft-Windows-Wifi-Client-Qualcomm-Athw8x-FOD-Package~31bf3856ad364e35~amd64~~10.0.26100.9168 with CBS state -17(CbsInstallStateSuperseded) being mapped to dism state 7(DISM_INSTALL_STATE_SUPERSEDED) - CDISMPackage::LogInstallStateMapping
2026-09-14 11:09:49, Info                  DISM   DISM Package Manager: PID=8352 TID=19896 Package Microsoft-Windows-Wifi-Client-Qualcomm-Athw8x-FOD-Package~31bf3856ad364e35~amd64~~10.0.26100.9444 with CBS state 7(CbsInstallStateInstalled) being mapped to dism state 5(DISM_INSTALL_STATE_INSTALLED) - CDISMPackage::LogInstallStateMapping
2026-09-14 11:09:49, Info                  DISM   DISM Package Manager: PID=8352 TID=19896 Package Microsoft-Windows-Wifi-Client-Qualcomm-Athwnx-FOD-Package~31bf3856ad364e35~amd64~~10.0.26100.1742 with CBS state 4(CbsInstallStateStaged) being mapped to dism state 3(DISM_INSTALL_STATE_STAGED) - CDISMPackage::LogInstallStateMapping
2026-09-14 11:09:49, Info                  DISM   DISM Package Manager: PID=8352 TID=19896 Package Microsoft-Windows-Wifi-Client-Qualcomm-Athwnx-FOD-Package~31bf3856ad364e35~amd64~~10.0.26100.8894 with CBS state -17(CbsInstallStateSuperseded) being mapped to dism state 7(DISM_INSTALL_STATE_SUPERSEDED) - CDISMPackage::LogInstallStateMapping
2026-09-14 11:09:49, Info                  DISM   DISM Package Manager: PID=8352 TID=19896 Package Microsoft-Windows-Wifi-Client-Qualcomm-Athwnx-FOD-Package~31bf3856ad364e35~amd64~~10.0.26100.9168 with CBS state -17(CbsInstallStateSuperseded) being mapped to dism state 7(DISM_INSTALL_STATE_SUPERSEDED) - CDISMPackage::LogInstallStateMapping
2026-09-14 11:09:49, Info                  DISM   DISM Package Manager: PID=8352 TID=19896 Package Microsoft-Windows-Wifi-Client-Qualcomm-Athwnx-FOD-Package~31bf3856ad364e35~amd64~~10.0.26100.9444 with CBS state 7(CbsInstallStateInstalled) being mapped to dism state 5(DISM_INSTALL_STATE_INSTALLED) - CDISMPackage::LogInstallStateMapping
2026-09-14 11:09:49, Info                  DISM   DISM Package Manager: PID=8352 TID=19896 Package Microsoft-Windows-Wifi-Client-Qualcomm-Qcamain10x64-FOD-Package~31bf3856ad364e35~amd64~~10.0.26100.1742 with CBS state 4(CbsInstallStateStaged) being mapped to dism state 3(DISM_INSTALL_STATE_STAGED) - CDISMPackage::LogInstallStateMapping
2026-09-14 11:09:49, Info                  DISM   DISM Package Manager: PID=8352 TID=19896 Package Microsoft-Windows-Wifi-Client-Qualcomm-Qcamain10x64-FOD-Package~31bf3856ad364e35~amd64~~10.0.26100.8894 with CBS state -17(CbsInstallStateSuperseded) being mapped to dism state 7(DISM_INSTALL_STATE_SUPERSEDED) - CDISMPackage::LogInstallStateMapping
2026-09-14 11:09:49, Info                  DISM   DISM Package Manager: PID=8352 TID=19896 Package Microsoft-Windows-Wifi-Client-Qualcomm-Qcamain10x64-FOD-Package~31bf3856ad364e35~amd64~~10.0.26100.9168 with CBS state -17(CbsInstallStateSuperseded) being mapped to dism state 7(DISM_INSTALL_STATE_SUPERSEDED) - CDISMPackage::LogInstallStateMapping
2026-09-14 11:09:49, Info                  DISM   DISM Package Manager: PID=8352 TID=19896 Package Microsoft-Windows-Wifi-Client-Qualcomm-Qcamain10x64-FOD-Package~31bf3856ad364e35~amd64~~10.0.26100.9444 with CBS state 7(CbsInstallStateInstalled) being mapped to dism state 5(DISM_INSTALL_STATE_INSTALLED) - CDISMPackage::LogInstallStateMapping
2026-09-14 11:09:49, Info                  DISM   DISM Package Manager: PID=8352 TID=19896 Package Microsoft-Windows-Wifi-Client-Ralink-Netr28x-FOD-Package~31bf3856ad364e35~amd64~~10.0.26100.1742 with CBS state 4(CbsInstallStateStaged) being mapped to dism state 3(DISM_INSTALL_STATE_STAGED) - CDISMPackage::LogInstallStateMapping
2026-09-14 11:09:49, Info                  DISM   DISM Package Manager: PID=8352 TID=19896 Package Microsoft-Windows-Wifi-Client-Ralink-Netr28x-FOD-Package~31bf3856ad364e35~amd64~~10.0.26100.8894 with CBS state -17(CbsInstallStateSuperseded) being mapped to dism state 7(DISM_INSTALL_STATE_SUPERSEDED) - CDISMPackage::LogInstallStateMapping
2026-09-14 11:09:49, Info                  DISM   DISM Package Manager: PID=8352 TID=19896 Package Microsoft-Windows-Wifi-Client-Ralink-Netr28x-FOD-Package~31bf3856ad364e35~amd64~~10.0.26100.9168 with CBS state -17(CbsInstallStateSuperseded) being mapped to dism state 7(DISM_INSTALL_STATE_SUPERSEDED) - CDISMPackage::LogInstallStateMapping
2026-09-14 11:09:49, Info                  DISM   DISM Package Manager: PID=8352 TID=19896 Package Microsoft-Windows-Wifi-Client-Ralink-Netr28x-FOD-Package~31bf3856ad364e35~amd64~~10.0.26100.9444 with CBS state 7(CbsInstallStateInstalled) being mapped to dism state 5(DISM_INSTALL_STATE_INSTALLED) - CDISMPackage::LogInstallStateMapping
2026-09-14 11:09:49, Info                  DISM   DISM Package Manager: PID=8352 TID=19896 Package Microsoft-Windows-Wifi-Client-Realtek-Rtl8187se-FOD-Package~31bf3856ad364e35~amd64~~10.0.26100.1742 with CBS state 4(CbsInstallStateStaged) being mapped to dism state 3(DISM_INSTALL_STATE_STAGED) - CDISMPackage::LogInstallStateMapping
2026-09-14 11:09:49, Info                  DISM   DISM Package Manager: PID=8352 TID=19896 Package Microsoft-Windows-Wifi-Client-Realtek-Rtl8187se-FOD-Package~31bf3856ad364e35~amd64~~10.0.26100.8894 with CBS state -17(CbsInstallStateSuperseded) being mapped to dism state 7(DISM_INSTALL_STATE_SUPERSEDED) - CDISMPackage::LogInstallStateMapping
2026-09-14 11:09:49, Info                  DISM   DISM Package Manager: PID=8352 TID=19896 Package Microsoft-Windows-Wifi-Client-Realtek-Rtl8187se-FOD-Package~31bf3856ad364e35~amd64~~10.0.26100.9168 with CBS state -17(CbsInstallStateSuperseded) being mapped to dism state 7(DISM_INSTALL_STATE_SUPERSEDED) - CDISMPackage::LogInstallStateMapping
2026-09-14 11:09:49, Info                  DISM   DISM Package Manager: PID=8352 TID=19896 Package Microsoft-Windows-Wifi-Client-Realtek-Rtl8187se-FOD-Package~31bf3856ad364e35~amd64~~10.0.26100.9444 with CBS state 7(CbsInstallStateInstalled) being mapped to dism state 5(DISM_INSTALL_STATE_INSTALLED) - CDISMPackage::LogInstallStateMapping
2026-09-14 11:09:49, Info                  DISM   DISM Package Manager: PID=8352 TID=19896 Package Microsoft-Windows-Wifi-Client-Realtek-Rtl8192se-FOD-Package~31bf3856ad364e35~amd64~~10.0.26100.1742 with CBS state 4(CbsInstallStateStaged) being mapped to dism state 3(DISM_INSTALL_STATE_STAGED) - CDISMPackage::LogInstallStateMapping
2026-09-14 11:09:49, Info                  DISM   DISM Package Manager: PID=8352 TID=19896 Package Microsoft-Windows-Wifi-Client-Realtek-Rtl8192se-FOD-Package~31bf3856ad364e35~amd64~~10.0.26100.8894 with CBS state -17(CbsInstallStateSuperseded) being mapped to dism state 7(DISM_INSTALL_STATE_SUPERSEDED) - CDISMPackage::LogInstallStateMapping
2026-09-14 11:09:49, Info                  DISM   DISM Package Manager: PID=8352 TID=19896 Package Microsoft-Windows-Wifi-Client-Realtek-Rtl8192se-FOD-Package~31bf3856ad364e35~amd64~~10.0.26100.9168 with CBS state -17(CbsInstallStateSuperseded) being mapped to dism state 7(DISM_INSTALL_STATE_SUPERSEDED) - CDISMPackage::LogInstallStateMapping
2026-09-14 11:09:49, Info                  DISM   DISM Package Manager: PID=8352 TID=19896 Package Microsoft-Windows-Wifi-Client-Realtek-Rtl8192se-FOD-Package~31bf3856ad364e35~amd64~~10.0.26100.9444 with CBS state 7(CbsInstallStateInstalled) being mapped to dism state 5(DISM_INSTALL_STATE_INSTALLED) - CDISMPackage::LogInstallStateMapping
2026-09-14 11:09:49, Info                  DISM   DISM Package Manager: PID=8352 TID=19896 Package Microsoft-Windows-Wifi-Client-Realtek-Rtl819xp-FOD-Package~31bf3856ad364e35~amd64~~10.0.26100.1742 with CBS state 4(CbsInstallStateStaged) being mapped to dism state 3(DISM_INSTALL_STATE_STAGED) - CDISMPackage::LogInstallStateMapping
2026-09-14 11:09:49, Info                  DISM   DISM Package Manager: PID=8352 TID=19896 Package Microsoft-Windows-Wifi-Client-Realtek-Rtl819xp-FOD-Package~31bf3856ad364e35~amd64~~10.0.26100.8894 with CBS state -17(CbsInstallStateSuperseded) being mapped to dism state 7(DISM_INSTALL_STATE_SUPERSEDED) - CDISMPackage::LogInstallStateMapping
2026-09-14 11:09:49, Info                  DISM   DISM Package Manager: PID=8352 TID=19896 Package Microsoft-Windows-Wifi-Client-Realtek-Rtl819xp-FOD-Package~31bf3856ad364e35~amd64~~10.0.26100.9168 with CBS state -17(CbsInstallStateSuperseded) being mapped to dism state 7(DISM_INSTALL_STATE_SUPERSEDED) - CDISMPackage::LogInstallStateMapping
2026-09-14 11:09:49, Info                  DISM   DISM Package Manager: PID=8352 TID=19896 Package Microsoft-Windows-Wifi-Client-Realtek-Rtl819xp-FOD-Package~31bf3856ad364e35~amd64~~10.0.26100.9444 with CBS state 7(CbsInstallStateInstalled) being mapped to dism state 5(DISM_INSTALL_STATE_INSTALLED) - CDISMPackage::LogInstallStateMapping
2026-09-14 11:09:49, Info                  DISM   DISM Package Manager: PID=8352 TID=19896 Package Microsoft-Windows-Wifi-Client-Realtek-Rtl85n64-FOD-Package~31bf3856ad364e35~amd64~~10.0.26100.1742 with CBS state 4(CbsInstallStateStaged) being mapped to dism state 3(DISM_INSTALL_STATE_STAGED) - CDISMPackage::LogInstallStateMapping
2026-09-14 11:09:49, Info                  DISM   DISM Package Manager: PID=8352 TID=19896 Package Microsoft-Windows-Wifi-Client-Realtek-Rtl85n64-FOD-Package~31bf3856ad364e35~amd64~~10.0.26100.8894 with CBS state -17(CbsInstallStateSuperseded) being mapped to dism state 7(DISM_INSTALL_STATE_SUPERSEDED) - CDISMPackage::LogInstallStateMapping
2026-09-14 11:09:49, Info                  DISM   DISM Package Manager: PID=8352 TID=19896 Package Microsoft-Windows-Wifi-Client-Realtek-Rtl85n64-FOD-Package~31bf3856ad364e35~amd64~~10.0.26100.9168 with CBS state -17(CbsInstallStateSuperseded) being mapped to dism state 7(DISM_INSTALL_STATE_SUPERSEDED) - CDISMPackage::LogInstallStateMapping
2026-09-14 11:09:49, Info                  DISM   DISM Package Manager: PID=8352 TID=19896 Package Microsoft-Windows-Wifi-Client-Realtek-Rtl85n64-FOD-Package~31bf3856ad364e35~amd64~~10.0.26100.9444 with CBS state 7(CbsInstallStateInstalled) being mapped to dism state 5(DISM_INSTALL_STATE_INSTALLED) - CDISMPackage::LogInstallStateMapping
2026-09-14 11:09:49, Info                  DISM   DISM Package Manager: PID=8352 TID=19896 Package Microsoft-Windows-Wifi-Client-Realtek-Rtwlane-FOD-Package~31bf3856ad364e35~amd64~~10.0.26100.1742 with CBS state 4(CbsInstallStateStaged) being mapped to dism state 3(DISM_INSTALL_STATE_STAGED) - CDISMPackage::LogInstallStateMapping
2026-09-14 11:09:49, Info                  DISM   DISM Package Manager: PID=8352 TID=19896 Package Microsoft-Windows-Wifi-Client-Realtek-Rtwlane-FOD-Package~31bf3856ad364e35~amd64~~10.0.26100.8894 with CBS state -17(CbsInstallStateSuperseded) being mapped to dism state 7(DISM_INSTALL_STATE_SUPERSEDED) - CDISMPackage::LogInstallStateMapping
2026-09-14 11:09:49, Info                  DISM   DISM Package Manager: PID=8352 TID=19896 Package Microsoft-Windows-Wifi-Client-Realtek-Rtwlane-FOD-Package~31bf3856ad364e35~amd64~~10.0.26100.9168 with CBS state -17(CbsInstallStateSuperseded) being mapped to dism state 7(DISM_INSTALL_STATE_SUPERSEDED) - CDISMPackage::LogInstallStateMapping
2026-09-14 11:09:49, Info                  DISM   DISM Package Manager: PID=8352 TID=19896 Package Microsoft-Windows-Wifi-Client-Realtek-Rtwlane-FOD-Package~31bf3856ad364e35~amd64~~10.0.26100.9444 with CBS state 7(CbsInstallStateInstalled) being mapped to dism state 5(DISM_INSTALL_STATE_INSTALLED) - CDISMPackage::LogInstallStateMapping
2026-09-14 11:09:49, Info                  DISM   DISM Package Manager: PID=8352 TID=19896 Package Microsoft-Windows-Wifi-Client-Realtek-Rtwlane01-FOD-Package~31bf3856ad364e35~amd64~~10.0.26100.1742 with CBS state 4(CbsInstallStateStaged) being mapped to dism state 3(DISM_INSTALL_STATE_STAGED) - CDISMPackage::LogInstallStateMapping
2026-09-14 11:09:49, Info                  DISM   DISM Package Manager: PID=8352 TID=19896 Package Microsoft-Windows-Wifi-Client-Realtek-Rtwlane01-FOD-Package~31bf3856ad364e35~amd64~~10.0.26100.8894 with CBS state -17(CbsInstallStateSuperseded) being mapped to dism state 7(DISM_INSTALL_STATE_SUPERSEDED) - CDISMPackage::LogInstallStateMapping
2026-09-14 11:09:49, Info                  DISM   DISM Package Manager: PID=8352 TID=19896 Package Microsoft-Windows-Wifi-Client-Realtek-Rtwlane01-FOD-Package~31bf3856ad364e35~amd64~~10.0.26100.9168 with CBS state -17(CbsInstallStateSuperseded) being mapped to dism state 7(DISM_INSTALL_STATE_SUPERSEDED) - CDISMPackage::LogInstallStateMapping
2026-09-14 11:09:49, Info                  DISM   DISM Package Manager: PID=8352 TID=19896 Package Microsoft-Windows-Wifi-Client-Realtek-Rtwlane01-FOD-Package~31bf3856ad364e35~amd64~~10.0.26100.9444 with CBS state 7(CbsInstallStateInstalled) being mapped to dism state 5(DISM_INSTALL_STATE_INSTALLED) - CDISMPackage::LogInstallStateMapping
2026-09-14 11:09:49, Info                  DISM   DISM Package Manager: PID=8352 TID=19896 Package Microsoft-Windows-Wifi-Client-Realtek-Rtwlane13-FOD-Package~31bf3856ad364e35~amd64~~10.0.26100.1742 with CBS state 4(CbsInstallStateStaged) being mapped to dism state 3(DISM_INSTALL_STATE_STAGED) - CDISMPackage::LogInstallStateMapping
2026-09-14 11:09:49, Info                  DISM   DISM Package Manager: PID=8352 TID=19896 Package Microsoft-Windows-Wifi-Client-Realtek-Rtwlane13-FOD-Package~31bf3856ad364e35~amd64~~10.0.26100.8894 with CBS state -17(CbsInstallStateSuperseded) being mapped to dism state 7(DISM_INSTALL_STATE_SUPERSEDED) - CDISMPackage::LogInstallStateMapping
2026-09-14 11:09:49, Info                  DISM   DISM Package Manager: PID=8352 TID=19896 Package Microsoft-Windows-Wifi-Client-Realtek-Rtwlane13-FOD-Package~31bf3856ad364e35~amd64~~10.0.26100.9168 with CBS state -17(CbsInstallStateSuperseded) being mapped to dism state 7(DISM_INSTALL_STATE_SUPERSEDED) - CDISMPackage::LogInstallStateMapping
2026-09-14 11:09:49, Info                  DISM   DISM Package Manager: PID=8352 TID=19896 Package Microsoft-Windows-Wifi-Client-Realtek-Rtwlane13-FOD-Package~31bf3856ad364e35~amd64~~10.0.26100.9444 with CBS state 7(CbsInstallStateInstalled) being mapped to dism state 5(DISM_INSTALL_STATE_INSTALLED) - CDISMPackage::LogInstallStateMapping
2026-09-14 11:09:49, Info                  DISM   DISM Package Manager: PID=8352 TID=19896 Package Microsoft-Windows-WinOcr-FOD-Package~31bf3856ad364e35~amd64~en-US~10.0.26100.1 with CBS state 4(CbsInstallStateStaged) being mapped to dism state 3(DISM_INSTALL_STATE_STAGED) - CDISMPackage::LogInstallStateMapping
2026-09-14 11:09:49, Info                  DISM   DISM Package Manager: PID=8352 TID=19896 Package Microsoft-Windows-WinOcr-FOD-Package~31bf3856ad364e35~amd64~en-US~10.0.26100.8894 with CBS state -17(CbsInstallStateSuperseded) being mapped to dism state 7(DISM_INSTALL_STATE_SUPERSEDED) - CDISMPackage::LogInstallStateMapping
2026-09-14 11:09:49, Info                  DISM   DISM Package Manager: PID=8352 TID=19896 Package Microsoft-Windows-WinOcr-FOD-Package~31bf3856ad364e35~amd64~en-US~10.0.26100.9168 with CBS state -17(CbsInstallStateSuperseded) being mapped to dism state 7(DISM_INSTALL_STATE_SUPERSEDED) - CDISMPackage::LogInstallStateMapping
2026-09-14 11:09:49, Info                  DISM   DISM Package Manager: PID=8352 TID=19896 Package Microsoft-Windows-WinOcr-FOD-Package~31bf3856ad364e35~amd64~en-US~10.0.26100.9444 with CBS state 7(CbsInstallStateInstalled) being mapped to dism state 5(DISM_INSTALL_STATE_INSTALLED) - CDISMPackage::LogInstallStateMapping
2026-09-14 11:09:49, Info                  DISM   DISM Package Manager: PID=8352 TID=19896 Package Microsoft-Windows-WinOcr-FOD-Package~31bf3856ad364e35~amd64~~10.0.26100.1742 with CBS state 4(CbsInstallStateStaged) being mapped to dism state 3(DISM_INSTALL_STATE_STAGED) - CDISMPackage::LogInstallStateMapping
2026-09-14 11:09:49, Info                  DISM   DISM Package Manager: PID=8352 TID=19896 Package Microsoft-Windows-WinOcr-FOD-Package~31bf3856ad364e35~amd64~~10.0.26100.8894 with CBS state -17(CbsInstallStateSuperseded) being mapped to dism state 7(DISM_INSTALL_STATE_SUPERSEDED) - CDISMPackage::LogInstallStateMapping
2026-09-14 11:09:49, Info                  DISM   DISM Package Manager: PID=8352 TID=19896 Package Microsoft-Windows-WinOcr-FOD-Package~31bf3856ad364e35~amd64~~10.0.26100.9168 with CBS state -17(CbsInstallStateSuperseded) being mapped to dism state 7(DISM_INSTALL_STATE_SUPERSEDED) - CDISMPackage::LogInstallStateMapping
2026-09-14 11:09:49, Info                  DISM   DISM Package Manager: PID=8352 TID=19896 Package Microsoft-Windows-WinOcr-FOD-Package~31bf3856ad364e35~amd64~~10.0.26100.9444 with CBS state 7(CbsInstallStateInstalled) being mapped to dism state 5(DISM_INSTALL_STATE_INSTALLED) - CDISMPackage::LogInstallStateMapping
2026-09-14 11:09:49, Info                  DISM   DISM Package Manager: PID=8352 TID=19896 Package Microsoft-Windows-WinOcr-FOD-Package~31bf3856ad364e35~wow64~en-US~10.0.26100.1 with CBS state 7(CbsInstallStateInstalled) being mapped to dism state 5(DISM_INSTALL_STATE_INSTALLED) - CDISMPackage::LogInstallStateMapping
2026-09-14 11:09:49, Info                  DISM   DISM Package Manager: PID=8352 TID=19896 Package Microsoft-Windows-WinOcr-FOD-Package~31bf3856ad364e35~wow64~~10.0.26100.1 with CBS state 4(CbsInstallStateStaged) being mapped to dism state 3(DISM_INSTALL_STATE_STAGED) - CDISMPackage::LogInstallStateMapping
2026-09-14 11:09:49, Info                  DISM   DISM Package Manager: PID=8352 TID=19896 Package Microsoft-Windows-WinOcr-FOD-Package~31bf3856ad364e35~wow64~~10.0.26100.8894 with CBS state -17(CbsInstallStateSuperseded) being mapped to dism state 7(DISM_INSTALL_STATE_SUPERSEDED) - CDISMPackage::LogInstallStateMapping
2026-09-14 11:09:49, Info                  DISM   DISM Package Manager: PID=8352 TID=19896 Package Microsoft-Windows-WinOcr-FOD-Package~31bf3856ad364e35~wow64~~10.0.26100.9168 with CBS state -17(CbsInstallStateSuperseded) being mapped to dism state 7(DISM_INSTALL_STATE_SUPERSEDED) - CDISMPackage::LogInstallStateMapping
2026-09-14 11:09:49, Info                  DISM   DISM Package Manager: PID=8352 TID=19896 Package Microsoft-Windows-WinOcr-FOD-Package~31bf3856ad364e35~wow64~~10.0.26100.9444 with CBS state 7(CbsInstallStateInstalled) being mapped to dism state 5(DISM_INSTALL_STATE_INSTALLED) - CDISMPackage::LogInstallStateMapping
2026-09-14 11:09:49, Info                  DISM   DISM Package Manager: PID=8352 TID=19896 Package Microsoft-Windows-WMIC-FoD-Package~31bf3856ad364e35~amd64~en-US~10.0.26100.1742 with CBS state 4(CbsInstallStateStaged) being mapped to dism state 3(DISM_INSTALL_STATE_STAGED) - CDISMPackage::LogInstallStateMapping
2026-09-14 11:09:49, Info                  DISM   DISM Package Manager: PID=8352 TID=19896 Package Microsoft-Windows-WMIC-FoD-Package~31bf3856ad364e35~amd64~en-US~10.0.26100.8894 with CBS state -17(CbsInstallStateSuperseded) being mapped to dism state 7(DISM_INSTALL_STATE_SUPERSEDED) - CDISMPackage::LogInstallStateMapping
2026-09-14 11:09:49, Info                  DISM   DISM Package Manager: PID=8352 TID=19896 Package Microsoft-Windows-WMIC-FoD-Package~31bf3856ad364e35~amd64~en-US~10.0.26100.9168 with CBS state -17(CbsInstallStateSuperseded) being mapped to dism state 7(DISM_INSTALL_STATE_SUPERSEDED) - CDISMPackage::LogInstallStateMapping
2026-09-14 11:09:49, Info                  DISM   DISM Package Manager: PID=8352 TID=19896 Package Microsoft-Windows-WMIC-FoD-Package~31bf3856ad364e35~amd64~en-US~10.0.26100.9444 with CBS state 7(CbsInstallStateInstalled) being mapped to dism state 5(DISM_INSTALL_STATE_INSTALLED) - CDISMPackage::LogInstallStateMapping
2026-09-14 11:09:49, Info                  DISM   DISM Package Manager: PID=8352 TID=19896 Package Microsoft-Windows-WMIC-FoD-Package~31bf3856ad364e35~amd64~~10.0.26100.1742 with CBS state 4(CbsInstallStateStaged) being mapped to dism state 3(DISM_INSTALL_STATE_STAGED) - CDISMPackage::LogInstallStateMapping
2026-09-14 11:09:49, Info                  DISM   DISM Package Manager: PID=8352 TID=19896 Package Microsoft-Windows-WMIC-FoD-Package~31bf3856ad364e35~amd64~~10.0.26100.8894 with CBS state -17(CbsInstallStateSuperseded) being mapped to dism state 7(DISM_INSTALL_STATE_SUPERSEDED) - CDISMPackage::LogInstallStateMapping
2026-09-14 11:09:49, Info                  DISM   DISM Package Manager: PID=8352 TID=19896 Package Microsoft-Windows-WMIC-FoD-Package~31bf3856ad364e35~amd64~~10.0.26100.9168 with CBS state -17(CbsInstallStateSuperseded) being mapped to dism state 7(DISM_INSTALL_STATE_SUPERSEDED) - CDISMPackage::LogInstallStateMapping
2026-09-14 11:09:49, Info                  DISM   DISM Package Manager: PID=8352 TID=19896 Package Microsoft-Windows-WMIC-FoD-Package~31bf3856ad364e35~amd64~~10.0.26100.9445 with CBS state 7(CbsInstallStateInstalled) being mapped to dism state 5(DISM_INSTALL_STATE_INSTALLED) - CDISMPackage::LogInstallStateMapping
2026-09-14 11:09:49, Info                  DISM   DISM Package Manager: PID=8352 TID=19896 Package Microsoft-Windows-WMIC-FoD-Package~31bf3856ad364e35~wow64~en-US~10.0.26100.1 with CBS state 7(CbsInstallStateInstalled) being mapped to dism state 5(DISM_INSTALL_STATE_INSTALLED) - CDISMPackage::LogInstallStateMapping
2026-09-14 11:09:49, Info                  DISM   DISM Package Manager: PID=8352 TID=19896 Package Microsoft-Windows-WMIC-FoD-Package~31bf3856ad364e35~wow64~~10.0.26100.1742 with CBS state 4(CbsInstallStateStaged) being mapped to dism state 3(DISM_INSTALL_STATE_STAGED) - CDISMPackage::LogInstallStateMapping
2026-09-14 11:09:49, Info                  DISM   DISM Package Manager: PID=8352 TID=19896 Package Microsoft-Windows-WMIC-FoD-Package~31bf3856ad364e35~wow64~~10.0.26100.8894 with CBS state -17(CbsInstallStateSuperseded) being mapped to dism state 7(DISM_INSTALL_STATE_SUPERSEDED) - CDISMPackage::LogInstallStateMapping
2026-09-14 11:09:49, Info                  DISM   DISM Package Manager: PID=8352 TID=19896 Package Microsoft-Windows-WMIC-FoD-Package~31bf3856ad364e35~wow64~~10.0.26100.9168 with CBS state -17(CbsInstallStateSuperseded) being mapped to dism state 7(DISM_INSTALL_STATE_SUPERSEDED) - CDISMPackage::LogInstallStateMapping
2026-09-14 11:09:49, Info                  DISM   DISM Package Manager: PID=8352 TID=19896 Package Microsoft-Windows-WMIC-FoD-Package~31bf3856ad364e35~wow64~~10.0.26100.9445 with CBS state 7(CbsInstallStateInstalled) being mapped to dism state 5(DISM_INSTALL_STATE_INSTALLED) - CDISMPackage::LogInstallStateMapping
2026-09-14 11:09:49, Info                  DISM   DISM Package Manager: PID=8352 TID=19896 Package OpenSSH-Client-Package~31bf3856ad364e35~amd64~~10.0.26100.1742 with CBS state 4(CbsInstallStateStaged) being mapped to dism state 3(DISM_INSTALL_STATE_STAGED) - CDISMPackage::LogInstallStateMapping
2026-09-14 11:09:49, Info                  DISM   DISM Package Manager: PID=8352 TID=19896 Package OpenSSH-Client-Package~31bf3856ad364e35~amd64~~10.0.26100.8894 with CBS state -17(CbsInstallStateSuperseded) being mapped to dism state 7(DISM_INSTALL_STATE_SUPERSEDED) - CDISMPackage::LogInstallStateMapping
2026-09-14 11:09:49, Info                  DISM   DISM Package Manager: PID=8352 TID=19896 Package OpenSSH-Client-Package~31bf3856ad364e35~amd64~~10.0.26100.9168 with CBS state -17(CbsInstallStateSuperseded) being mapped to dism state 7(DISM_INSTALL_STATE_SUPERSEDED) - CDISMPackage::LogInstallStateMapping
2026-09-14 11:09:49, Info                  DISM   DISM Package Manager: PID=8352 TID=19896 Package OpenSSH-Client-Package~31bf3856ad364e35~amd64~~10.0.26100.9444 with CBS state 7(CbsInstallStateInstalled) being mapped to dism state 5(DISM_INSTALL_STATE_INSTALLED) - CDISMPackage::LogInstallStateMapping
2026-09-14 11:09:49, Info                  DISM   DISM Package Manager: PID=8352 TID=19896 Package Package_for_DotNetRollup_481~31bf3856ad364e35~amd64~~10.0.9335.3 with CBS state -17(CbsInstallStateSuperseded) being mapped to dism state 7(DISM_INSTALL_STATE_SUPERSEDED) - CDISMPackage::LogInstallStateMapping
2026-09-14 11:09:49, Info                  DISM   DISM Package Manager: PID=8352 TID=19896 Package Package_for_DotNetRollup_481~31bf3856ad364e35~amd64~~10.0.9340.4 with CBS state -17(CbsInstallStateSuperseded) being mapped to dism state 7(DISM_INSTALL_STATE_SUPERSEDED) - CDISMPackage::LogInstallStateMapping
2026-09-14 11:09:49, Info                  DISM   DISM Package Manager: PID=8352 TID=19896 Package Package_for_DotNetRollup_481~31bf3856ad364e35~amd64~~10.0.9344.1 with CBS state -17(CbsInstallStateSuperseded) being mapped to dism state 7(DISM_INSTALL_STATE_SUPERSEDED) - CDISMPackage::LogInstallStateMapping
2026-09-14 11:09:49, Info                  DISM   DISM Package Manager: PID=8352 TID=19896 Package Package_for_DotNetRollup_481~31bf3856ad364e35~amd64~~10.0.9347.1 with CBS state 7(CbsInstallStateInstalled) being mapped to dism state 5(DISM_INSTALL_STATE_INSTALLED) - CDISMPackage::LogInstallStateMapping
2026-09-14 11:09:49, Info                  DISM   DISM Package Manager: PID=8352 TID=19896 Package Package_for_KB5054156~31bf3856ad364e35~amd64~~26100.6717.1.4 with CBS state 7(CbsInstallStateInstalled) being mapped to dism state 5(DISM_INSTALL_STATE_INSTALLED) - CDISMPackage::LogInstallStateMapping
2026-09-14 11:09:49, Info                  DISM   DISM Package Manager: PID=8352 TID=19896 Package Package_for_RollupFix~31bf3856ad364e35~amd64~~26100.1742.1.10 with CBS state 4(CbsInstallStateStaged) being mapped to dism state 3(DISM_INSTALL_STATE_STAGED) - CDISMPackage::LogInstallStateMapping
2026-09-14 11:09:49, Info                  DISM   DISM Package Manager: PID=8352 TID=19896 Package Package_for_RollupFix~31bf3856ad364e35~amd64~~26100.8894.1.8 with CBS state -17(CbsInstallStateSuperseded) being mapped to dism state 7(DISM_INSTALL_STATE_SUPERSEDED) - CDISMPackage::LogInstallStateMapping
2026-09-14 11:09:49, Info                  DISM   DISM Package Manager: PID=8352 TID=19896 Package Package_for_RollupFix~31bf3856ad364e35~amd64~~26100.9168.1.19 with CBS state -17(CbsInstallStateSuperseded) being mapped to dism state 7(DISM_INSTALL_STATE_SUPERSEDED) - CDISMPackage::LogInstallStateMapping
2026-09-14 11:09:49, Info                  DISM   DISM Package Manager: PID=8352 TID=19896 Package Package_for_RollupFix~31bf3856ad364e35~amd64~~26100.9445.1.26 with CBS state 7(CbsInstallStateInstalled) being mapped to dism state 5(DISM_INSTALL_STATE_INSTALLED) - CDISMPackage::LogInstallStateMapping
2026-09-14 11:09:49, Info                  DISM   DISM Package Manager: PID=8352 TID=19896 Package Package_for_ServicingStack_9441~31bf3856ad364e35~amd64~~26100.9441.1.11 with CBS state 7(CbsInstallStateInstalled) being mapped to dism state 5(DISM_INSTALL_STATE_INSTALLED) - CDISMPackage::LogInstallStateMapping
2026-09-14 11:09:49, Info                  DISM   API: PID=16500 TID=5968 Input parameters: Session: 2, Identifier: Microsoft-OneCore-DirectX-Database-FOD-Package-Wrapper~31bf3856ad364e35~amd64~~10.0.26100.1742, PackageIdentifier: 1, CancelEvent: 0x0000000000000000, Progress: 0x0000000000000000, UserData: 0x0000000000000000 - DismRemovePackageInternal
2026-09-14 11:09:49, Info                  DISM   API: PID=16500 TID=5968 Successfully enqueued command object - CCommandThread::EnqueueCommandObject
2026-09-14 11:09:49, Info                  DISM   API: PID=16500 TID=5180 ExecuteLoop: CommandQueue signaled - CCommandThread::ExecuteLoop
2026-09-14 11:09:49, Info                  DISM   API: PID=16500 TID=5180 Successfully dequeued command object - CCommandThread::DequeueCommandObject
2026-09-14 11:09:49, Info                  DISM   DISM Package Manager: PID=8352 TID=19896 Initiating Changes on Package with values: 5, 5 - CDISMPackage::Internal_ChangePackageState
2026-09-14 11:09:49, Info                  DISM   DISM Package Manager: PID=8352 TID=19896 CBS session options=0x100! - CDISMPackageManager::Internal_Finalize
2026-09-14 11:09:50, Info                  CSI    00000001 Shim considered [l:123]'\??\C:\WINDOWS\WinSxS\amd64_microsoft-windows-servicingstack_31bf3856ad364e35_10.0.26100.9441_none_a5253a19774da03c\wcp.dll' : got STATUS_SUCCESS
2026-09-14 11:09:50, Info                  DISM   API: PID=16500 TID=5968 Input parameters: Session: 2 - DismCloseSessionInternal
2026-09-14 11:09:50, Info                  DISM   API: PID=16500 TID=5968 GetReferenceCount hr: 0x0 - CSessionTable::RemoveSession
2026-09-14 11:09:50, Info                  DISM   API: PID=16500 TID=5968 Refcount for DismSession= 2s 0 - CSessionTable::RemoveSession
2026-09-14 11:09:50, Info                  DISM   API: PID=16500 TID=5968 Successfully enqueued command object - CCommandThread::EnqueueCommandObject
2026-09-14 11:09:50, Info                  DISM   API: PID=16500 TID=5180 ExecuteLoop: CommandQueue signaled - CCommandThread::ExecuteLoop
2026-09-14 11:09:50, Info                  DISM   API: PID=16500 TID=5180 Successfully dequeued command object - CCommandThread::DequeueCommandObject
2026-09-14 11:09:50, Info                  DISM   API: PID=16500 TID=5180 ExecuteLoop: Cancel signaled - CCommandThread::ExecuteLoop
2026-09-14 11:09:50, Info                  DISM   API: PID=16500 TID=5180 Leave CCommandThread::ExecuteLoop - CCommandThread::ExecuteLoop
2026-09-14 11:09:50, Info                  DISM   DISM Package Manager: PID=8352 TID=19896 Finalizing CBS core. - CDISMPackageManager::Finalize
2026-09-14 11:09:50, Info                  DISM   DISM Manager: PID=16500 TID=5180 Closing session event handle 0x3e4 - CDISMManager::CleanupImageSessionEntry
2026-09-14 11:09:50, Info                  DISM   API: PID=16500 TID=5180 Leave CCommandThread::CommandThreadProcedureStub - CCommandThread::CommandThreadProcedureStub
2026-09-14 11:09:50, Info                  DISM   API: PID=16500 TID=5968 GetReferenceCount hr: 0x0 - CSessionTable::RemoveSession
2026-09-14 11:09:50, Info                  DISM   API: PID=16500 TID=5968 Refcount for DismSession= 1s 0 - CSessionTable::RemoveSession
2026-09-14 11:09:50, Info                  DISM   API: PID=16500 TID=5968 Successfully enqueued command object - CCommandThread::EnqueueCommandObject
2026-09-14 11:09:50, Info                  DISM   API: PID=16500 TID=18200 ExecuteLoop: CommandQueue signaled - CCommandThread::ExecuteLoop
2026-09-14 11:09:50, Info                  DISM   API: PID=16500 TID=18200 Successfully dequeued command object - CCommandThread::DequeueCommandObject
2026-09-14 11:09:50, Info                  DISM   API: PID=16500 TID=18200 ExecuteLoop: Cancel signaled - CCommandThread::ExecuteLoop
2026-09-14 11:09:50, Info                  DISM   API: PID=16500 TID=18200 Leave CCommandThread::ExecuteLoop - CCommandThread::ExecuteLoop
2026-09-14 11:09:50, Info                  DISM   PID=16500 TID=18200 Temporarily setting the scratch directory. This may be overridden by user later. - CDISMManager::FinalConstruct
2026-09-14 11:09:50, Info                  DISM   PID=16500 TID=18200 Scratch directory set to 'C:\WINDOWS\SystemTemp\'. - CDISMManager::put_ScratchDir
2026-09-14 11:09:50, Info                  DISM   PID=16500 TID=18200 DismCore.dll version: 10.0.26100.9278 - CDISMManager::FinalConstruct
2026-09-14 11:09:50, Info                  DISM   Initialized Panther logging at C:\WINDOWS\Logs\DISM\dism.log
2026-09-14 11:09:50, Info                  DISM   API: PID=16500 TID=18200 Leave CCommandThread::CommandThreadProcedureStub - CCommandThread::CommandThreadProcedureStub
2026-09-14 11:09:50, Info                  DISM   API: PID=16500 TID=5968 Deleted g_internalDismSession - DismShutdownInternal
2026-09-14 11:09:50, Info                  DISM   API: PID=16500 TID=5968 Shutdown SessionTable - DismShutdownInternal
2026-09-14 11:09:50, Info                  DISM   API: PID=16500 TID=5968 DismApi.dll:                                          - DismShutdownInternal
2026-09-14 11:09:50, Info                  DISM   API: PID=16500 TID=5968 DismApi.dll: <----- Ending DismApi.dll session -----> - DismShutdownInternal
2026-09-14 11:09:50, Info                  DISM   API: PID=16500 TID=5968 DismApi.dll:                                          - DismShutdownInternal
2026-09-14 11:56:35, Info                  DISM   DISM Package Manager: PID=11568 TID=18876  Error in operation: (null) (CBS HRESULT=0x800f0820) - CCbsConUIHandler::Error
2026-09-14 11:56:35, Error                 DISM   DISM Package Manager: PID=11568 TID=11764 Failed finalizing changes. - CDISMPackageManager::Internal_Finalize(hr:0x800f0820)
2026-09-14 11:56:35, Error                 DISM   DISM Package Manager: PID=11568 TID=11764 Failed processing package changes with session options - CDISMPackageManager::Internal_ProcessChangesWithOptions(hr:0x800704c7)
2026-09-14 11:56:35, Error                 DISM   DISM Package Manager: PID=11568 TID=11764 Failed processing package changes with session option CbsSessionOptionRepairStoreCorruption - CDISMPackageManager::RestoreHealth(hr:0x800704c7)
[5200.7448] [0x8007007b] FIOReadFileIntoBuffer:(1454): The filename, directory name, or volume label syntax is incorrect.
[5200.7448] [0xc142011c] UnmarshallImageHandleFromDirectory:(641)
[5200.7448] [0xc142011c] WIMGetMountedImageHandle:(2910)
[5200.7448] [0x8007007b] FIOReadFileIntoBuffer:(1454): The filename, directory name, or volume label syntax is incorrect.
[5200.7448] [0xc142011c] UnmarshallImageHandleFromDirectory:(641)
[5200.7448] [0xc142011c] WIMGetMountedImageHandle:(2910)
2026-09-14 12:03:39, Info                  DISM   PID=5200 TID=7348 Temporarily setting the scratch directory. This may be overridden by user later. - CDISMManager::FinalConstruct
2026-09-14 12:03:39, Info                  DISM   PID=5200 TID=7348 Scratch directory set to 'C:\WINDOWS\SystemTemp\'. - CDISMManager::put_ScratchDir
2026-09-14 12:03:39, Info                  DISM   PID=5200 TID=7348 DismCore.dll version: 10.0.26100.9278 - CDISMManager::FinalConstruct
2026-09-14 12:03:39, Info                  DISM   Initialized Panther logging at C:\WINDOWS\Logs\DISM\dism.log
[6172.7488] [0x8007007b] FIOReadFileIntoBuffer:(1454): The filename, directory name, or volume label syntax is incorrect.
[6172.7488] [0xc142011c] UnmarshallImageHandleFromDirectory:(641)
[6172.7488] [0xc142011c] WIMGetMountedImageHandle:(2910)
[6172.7488] [0x8007007b] FIOReadFileIntoBuffer:(1454): The filename, directory name, or volume label syntax is incorrect.
[6172.7488] [0xc142011c] UnmarshallImageHandleFromDirectory:(641)
[6172.7488] [0xc142011c] WIMGetMountedImageHandle:(2910)
2026-09-14 14:57:23, Info                  DISM   PID=6172 TID=7456 Temporarily setting the scratch directory. This may be overridden by user later. - CDISMManager::FinalConstruct
2026-09-14 14:57:23, Info                  DISM   PID=6172 TID=7456 Scratch directory set to 'C:\WINDOWS\SystemTemp\'. - CDISMManager::put_ScratchDir
2026-09-14 14:57:23, Info                  DISM   PID=6172 TID=7456 DismCore.dll version: 10.0.26100.9278 - CDISMManager::FinalConstruct
2026-09-14 14:57:23, Info                  DISM   Initialized Panther logging at C:\WINDOWS\Logs\DISM\dism.log
2026-09-14 15:13:23, Info                  DISM   PID=8852 TID=3988 Scratch directory set to 'C:\Users\kriba\AppData\Local\Temp\'. - CDISMManager::put_ScratchDir
2026-09-14 15:13:23, Info                  DISM   PID=8852 TID=3988 DismCore.dll version: 10.0.26100.9278 - CDISMManager::FinalConstruct
2026-09-14 15:13:23, Info                  DISM   Initialized Panther logging at C:\WINDOWS\Logs\DISM\dism.log
2026-09-14 15:13:23, Info                  DISM   PID=8852 TID=3988 Successfully loaded the ImageSession at "C:\Windows\System32\Dism" - CDISMManager::LoadLocalImageSession
2026-09-14 15:13:23, Info                  DISM   Initialized Panther logging at C:\WINDOWS\Logs\DISM\dism.log
2026-09-14 15:13:23, Info                  DISM   DISM Provider Store: PID=8852 TID=3988 Found and Initialized the DISM Logger. - CDISMProviderStore::Internal_InitializeLogger
2026-09-14 15:13:23, Info                  DISM   Initialized Panther logging at C:\WINDOWS\Logs\DISM\dism.log
2026-09-14 15:13:23, Info                  DISM   DISM Manager: PID=8852 TID=3988 Successfully created the local image session and provider store. - CDISMManager::CreateLocalImageSession
2026-09-14 15:13:23, Info                  DISM   DISM.EXE: 
2026-09-14 15:13:23, Info                  DISM   DISM.EXE: <----- Starting Dism.exe session ----->
2026-09-14 15:13:23, Info                  DISM   DISM.EXE: 
2026-09-14 15:13:23, Info                  DISM   DISM.EXE: Host machine information: OS Version=10.0.26200, Running architecture=amd64, Number of processors=16
2026-09-14 15:13:23, Info                  DISM   DISM.EXE: Instance information: Parent process=C:\Windows\System32\WindowsPowerShell\v1.0\powershell.exe, Parent process PID=9976
2026-09-14 15:13:23, Info                  DISM   DISM.EXE: Dism.exe version: 10.0.26100.8972
2026-09-14 15:13:23, Info                  DISM   DISM.EXE: Executing command line: "C:\Windows\System32\Dism.exe" /Online /Cleanup-Image /RestoreHealth
2026-09-14 15:13:23, Info                  DISM   DISM Manager: PID=8852 TID=3988 physical location path: C:\ - CDISMManager::CreateImageSession
2026-09-14 15:13:23, Info                  DISM   DISM Manager: PID=8852 TID=3988 Event name for current DISM session is Global\{48B9B8AA-D4BF-49C0-A7B7-01AD714FF51F} - CDISMManager::CheckSessionAndLock
2026-09-14 15:13:23, Info                  DISM   DISM Manager: PID=8852 TID=3988 Create session event 0x26c for current DISM session and event name is Global\{48B9B8AA-D4BF-49C0-A7B7-01AD714FF51F}  - CDISMManager::CheckSessionAndLock
2026-09-14 15:13:23, Info                  DISM   DISM Manager: PID=8852 TID=3988 Copying DISM from "C:\WINDOWS\System32\Dism" - CDISMManager::CreateImageSessionFromLocation
2026-09-14 15:13:23, Info                  DISM   DISM Manager: PID=8852 TID=3988 No Sandbox was created, DISM running in-place. - CDISMManager::CreateImageSessionFromLocation
2026-09-14 15:13:23, Info                  DISM   DISM Manager: PID=8852 TID=3988 Successfully loaded the ImageSession at "C:\WINDOWS\System32\Dism" - CDISMManager::LoadRemoteImageSession
2026-09-14 15:13:23, Info                  DISM   DISM Image Session: PID=8680 TID=2116 Instantiating the Provider Store. - CDISMImageSession::get_ProviderStore
2026-09-14 15:13:23, Info                  DISM   DISM OS Provider: PID=8680 TID=2116 Defaulting SystemPath to C:\ - CDISMOSServiceManager::Final_OnConnect
2026-09-14 15:13:23, Info                  DISM   DISM OS Provider: PID=8680 TID=2116 Defaulting Windows folder to C:\Windows - CDISMOSServiceManager::Final_OnConnect
2026-09-14 15:13:23, Info                  DISM   DISM Provider Store: PID=8680 TID=2116 Attempting to initialize the logger from the Image Session. - CDISMProviderStore::Final_OnConnect
2026-09-14 15:13:23, Info                  DISM   Initialized Panther logging at C:\WINDOWS\Logs\DISM\dism.log
2026-09-14 15:13:23, Info                  DISM   DISM Provider Store: PID=8680 TID=2116 Found and Initialized the DISM Logger. - CDISMProviderStore::Internal_InitializeLogger
2026-09-14 15:13:23, Info                  DISM   Initialized Panther logging at C:\WINDOWS\Logs\DISM\dism.log
2026-09-14 15:13:23, Info                  DISM   Initialized Panther logging at C:\WINDOWS\Logs\DISM\dism.log
2026-09-14 15:13:23, Info                  DISM   DISM Manager: PID=8852 TID=3988 Image session successfully loaded from location: C:\WINDOWS\System32\Dism - CDISMManager::CreateImageSession
2026-09-14 15:13:23, Info                  DISM   DISM.EXE: Target image information: OS Version=10.0.26200.9445, Image architecture=amd64
2026-09-14 15:13:23, Info                  DISM   DISM.EXE: Image session version: 10.0.26100.9278
2026-09-14 15:13:23, Info                  DISM   DISM Transmog Provider: PID=8680 TID=2116 Current image session is [ONLINE] - CTransmogManager::GetMode
2026-09-14 15:13:23, Info                  DISM   DISM Transmog Provider: PID=8680 TID=2116 Audit Mode: [No] - CTransmogManager::Initialize
2026-09-14 15:13:23, Info                  DISM   DISM Transmog Provider: PID=8680 TID=2116 GetProductType: ProductType = [WinNT] - CTransmogManager::GetProductType
2026-09-14 15:13:23, Info                  DISM   DISM Transmog Provider: PID=8680 TID=2116 Product Type: [WinNT] - CTransmogManager::Initialize
2026-09-14 15:13:23, Info                  DISM   DISM Transmog Provider: PID=8680 TID=2116 Product Type ServerNT : [No] - CTransmogManager::Initialize
2026-09-14 15:13:23, Info                  DISM   DISM OS Provider: PID=8680 TID=2116 Determined System directory to be C:\Windows\System32 - CDISMOSServiceManager::get_SystemDirectory
2026-09-14 15:13:23, Info                  CSI    00000001 Shim considered [l:123]'\??\C:\WINDOWS\WinSxS\amd64_microsoft-windows-servicingstack_31bf3856ad364e35_10.0.26100.9441_none_a5253a19774da03c\wcp.dll' : got STATUS_SUCCESS
2026-09-14 15:13:23, Info                  DISM   DISM Driver Manager: PID=8680 TID=2116 Further logs for driver related operations can be found in the target operating system at %WINDIR%\inf\setupapi.offline.log - CDriverManager::Initialize
2026-09-14 15:13:23, Info                  DISM   DISM Package Manager: PID=8680 TID=2116 Finished initializing the CbsConUI Handler. - CCbsConUIHandler::Initialize
2026-09-14 15:13:23, Info                  DISM   DISM Package Manager: PID=8680 TID=2116 CBS is being initialized for online use. More information about CBS actions can be located at: %windir%\logs\CBS\CBS.log - CDISMPackageManager::Initialize
2026-09-14 15:13:23, Info                  DISM   DISM Package Manager: PID=8680 TID=2116 Loaded servicing stack for online use. - CDISMPackageManager::CreateCbsSession
2026-09-14 15:13:23, Info                  CSI    00000001 Shim considered [l:123]'\??\C:\WINDOWS\WinSxS\amd64_microsoft-windows-servicingstack_31bf3856ad364e35_10.0.26100.9441_none_a5253a19774da03c\wcp.dll' : got STATUS_SUCCESS
2026-09-14 15:13:23, Info                  DISM   DISM Package Manager: PID=8680 TID=2116 Processing the top level command token(cleanup-image). - CPackageManagerCLIHandler::Private_ValidateCmdLine
2026-09-14 15:13:23, Info                  DISM   DISM Package Manager: PID=8680 TID=2116 Attempting to route to appropriate command handler. - CPackageManagerCLIHandler::ExecuteCmdLine
2026-09-14 15:13:23, Info                  DISM   DISM Package Manager: PID=8680 TID=2116 Routing the command... - CPackageManagerCLIHandler::ExecuteCmdLine
2026-09-14 15:13:23, Info                  DISM   DISM Package Manager: PID=8680 TID=2116 CBS session options=0x40100! - CDISMPackageManager::Internal_Finalize
2026-09-14 15:41:15, Info                  DISM   DISM Package Manager: PID=8680 TID=9772  Error in operation: (null) (CBS HRESULT=0x800f0820) - CCbsConUIHandler::Error
2026-09-14 15:41:15, Error                 DISM   DISM Package Manager: PID=8680 TID=2116 Failed finalizing changes. - CDISMPackageManager::Internal_Finalize(hr:0x800f0820)
2026-09-14 15:41:15, Error                 DISM   DISM Package Manager: PID=8680 TID=2116 Failed processing package changes with session options - CDISMPackageManager::Internal_ProcessChangesWithOptions(hr:0x800704c7)
2026-09-14 15:41:15, Error                 DISM   DISM Package Manager: PID=8680 TID=2116 Failed processing package changes with session option CbsSessionOptionRepairStoreCorruption - CDISMPackageManager::RestoreHealth(hr:0x800704c7)
2026-09-14 17:05:26, Error                 DISM   DISM Package Manager: PID=8680 TID=2116 Failed to restore the image health. - CPackageManagerCLIHandler::ProcessCmdLine_CleanupImage(hr:0x800704c7)
2026-09-14 17:05:26, Error                 DISM   DISM Package Manager: PID=8680 TID=2116 Failed while processing command cleanup-image. - CPackageManagerCLIHandler::ExecuteCmdLine(hr:0x800704c7)
2026-09-14 17:05:26, Info                  DISM   DISM Package Manager: PID=8680 TID=2116 Further logs for online package and feature related operations can be found at %WINDIR%\logs\CBS\cbs.log - CPackageManagerCLIHandler::ExecuteCmdLine
2026-09-14 17:05:26, Error                 DISM   DISM.EXE: DISM Package Manager processed the command line but failed. HRESULT=800704C7
2026-09-14 17:05:26, Info                  DISM   DISM Package Manager: PID=8680 TID=2116 Finalizing CBS core. - CDISMPackageManager::Finalize
2026-09-14 17:05:26, Info                  DISM   DISM Manager: PID=8852 TID=3988 Closing session event handle 0x26c - CDISMManager::CleanupImageSessionEntry
2026-09-14 17:05:26, Info                  DISM   DISM.EXE: Image session has been closed. Reboot required=no.
2026-09-14 17:05:26, Info                  DISM   DISM.EXE: 
2026-09-14 17:05:26, Info                  DISM   DISM.EXE: <----- Ending Dism.exe session ----->
2026-09-14 17:05:26, Info                  DISM   DISM.EXE: 
[6160.6576] [0x8007007b] FIOReadFileIntoBuffer:(1454): The filename, directory name, or volume label syntax is incorrect.
[6160.6576] [0xc142011c] UnmarshallImageHandleFromDirectory:(641)
[6160.6576] [0xc142011c] WIMGetMountedImageHandle:(2910)
[6160.6576] [0x8007007b] FIOReadFileIntoBuffer:(1454): The filename, directory name, or volume label syntax is incorrect.
[6160.6576] [0xc142011c] UnmarshallImageHandleFromDirectory:(641)
[6160.6576] [0xc142011c] WIMGetMountedImageHandle:(2910)
2026-09-14 17:30:24, Info                  DISM   PID=6160 TID=6496 Temporarily setting the scratch directory. This may be overridden by user later. - CDISMManager::FinalConstruct
2026-09-14 17:30:24, Info                  DISM   PID=6160 TID=6496 Scratch directory set to 'C:\WINDOWS\SystemTemp\'. - CDISMManager::put_ScratchDir
2026-09-14 17:30:24, Info                  DISM   PID=6160 TID=6496 DismCore.dll version: 10.0.26100.9278 - CDISMManager::FinalConstruct
2026-09-14 17:30:24, Info                  DISM   Initialized Panther logging at C:\WINDOWS\Logs\DISM\dism.log
2026-09-14 17:33:44, Info                  DISM   PID=19680 TID=20876 Scratch directory set to 'C:\Users\kriba\AppData\Local\Temp\'. - CDISMManager::put_ScratchDir
2026-09-14 17:33:44, Info                  DISM   PID=19680 TID=20876 DismCore.dll version: 10.0.26100.9278 - CDISMManager::FinalConstruct
2026-09-14 17:33:44, Info                  DISM   Initialized Panther logging at C:\WINDOWS\Logs\DISM\dism.log
2026-09-14 17:33:44, Info                  DISM   PID=19680 TID=20876 Successfully loaded the ImageSession at "C:\Windows\System32\Dism" - CDISMManager::LoadLocalImageSession
2026-09-14 17:33:44, Info                  DISM   Initialized Panther logging at C:\WINDOWS\Logs\DISM\dism.log
2026-09-14 17:33:44, Info                  DISM   DISM Provider Store: PID=19680 TID=20876 Found and Initialized the DISM Logger. - CDISMProviderStore::Internal_InitializeLogger
2026-09-14 17:33:44, Info                  DISM   Initialized Panther logging at C:\WINDOWS\Logs\DISM\dism.log
2026-09-14 17:33:44, Info                  DISM   DISM Manager: PID=19680 TID=20876 Successfully created the local image session and provider store. - CDISMManager::CreateLocalImageSession
2026-09-14 17:33:44, Info                  DISM   DISM.EXE: 
2026-09-14 17:33:44, Info                  DISM   DISM.EXE: <----- Starting Dism.exe session ----->
2026-09-14 17:33:44, Info                  DISM   DISM.EXE: 
2026-09-14 17:33:44, Info                  DISM   DISM.EXE: Host machine information: OS Version=10.0.26200, Running architecture=amd64, Number of processors=16
2026-09-14 17:33:44, Info                  DISM   DISM.EXE: Instance information: Parent process=C:\Windows\System32\WindowsPowerShell\v1.0\powershell.exe, Parent process PID=7104
2026-09-14 17:33:44, Info                  DISM   DISM.EXE: Dism.exe version: 10.0.26100.8972
2026-09-14 17:33:44, Info                  DISM   DISM.EXE: Executing command line: "C:\Windows\System32\Dism.exe" /Online /Cleanup-Image /RestoreHealth
2026-09-14 17:33:44, Info                  DISM   DISM Manager: PID=19680 TID=20876 physical location path: C:\ - CDISMManager::CreateImageSession
2026-09-14 17:33:44, Info                  DISM   DISM Manager: PID=19680 TID=20876 Event name for current DISM session is Global\{1847DA09-1C07-4CEF-B3E3-23ED38175356} - CDISMManager::CheckSessionAndLock
2026-09-14 17:33:44, Info                  DISM   DISM Manager: PID=19680 TID=20876 Create session event 0x280 for current DISM session and event name is Global\{1847DA09-1C07-4CEF-B3E3-23ED38175356}  - CDISMManager::CheckSessionAndLock
2026-09-14 17:33:44, Info                  DISM   DISM Manager: PID=19680 TID=20876 Copying DISM from "C:\WINDOWS\System32\Dism" - CDISMManager::CreateImageSessionFromLocation
2026-09-14 17:33:44, Info                  DISM   DISM Manager: PID=19680 TID=20876 No Sandbox was created, DISM running in-place. - CDISMManager::CreateImageSessionFromLocation
2026-09-14 17:33:44, Info                  DISM   DISM Manager: PID=19680 TID=20876 Successfully loaded the ImageSession at "C:\WINDOWS\System32\Dism" - CDISMManager::LoadRemoteImageSession
2026-09-14 17:33:44, Info                  DISM   DISM Image Session: PID=19084 TID=20996 Instantiating the Provider Store. - CDISMImageSession::get_ProviderStore
2026-09-14 17:33:44, Info                  DISM   DISM OS Provider: PID=19084 TID=20996 Defaulting SystemPath to C:\ - CDISMOSServiceManager::Final_OnConnect
2026-09-14 17:33:44, Info                  DISM   DISM OS Provider: PID=19084 TID=20996 Defaulting Windows folder to C:\Windows - CDISMOSServiceManager::Final_OnConnect
2026-09-14 17:33:44, Info                  DISM   DISM Provider Store: PID=19084 TID=20996 Attempting to initialize the logger from the Image Session. - CDISMProviderStore::Final_OnConnect
2026-09-14 17:33:44, Info                  DISM   Initialized Panther logging at C:\WINDOWS\Logs\DISM\dism.log
2026-09-14 17:33:44, Info                  DISM   DISM Provider Store: PID=19084 TID=20996 Found and Initialized the DISM Logger. - CDISMProviderStore::Internal_InitializeLogger
2026-09-14 17:33:44, Info                  DISM   Initialized Panther logging at C:\WINDOWS\Logs\DISM\dism.log
2026-09-14 17:33:44, Info                  DISM   Initialized Panther logging at C:\WINDOWS\Logs\DISM\dism.log
2026-09-14 17:33:44, Info                  DISM   DISM Manager: PID=19680 TID=20876 Image session successfully loaded from location: C:\WINDOWS\System32\Dism - CDISMManager::CreateImageSession
2026-09-14 17:33:44, Info                  DISM   DISM.EXE: Target image information: OS Version=10.0.26200.9445, Image architecture=amd64
2026-09-14 17:33:44, Info                  DISM   DISM.EXE: Image session version: 10.0.26100.9278
2026-09-14 17:33:44, Info                  DISM   DISM Transmog Provider: PID=19084 TID=20996 Current image session is [ONLINE] - CTransmogManager::GetMode
2026-09-14 17:33:44, Info                  DISM   DISM Transmog Provider: PID=19084 TID=20996 Audit Mode: [No] - CTransmogManager::Initialize
2026-09-14 17:33:44, Info                  DISM   DISM Transmog Provider: PID=19084 TID=20996 GetProductType: ProductType = [WinNT] - CTransmogManager::GetProductType
2026-09-14 17:33:44, Info                  DISM   DISM Transmog Provider: PID=19084 TID=20996 Product Type: [WinNT] - CTransmogManager::Initialize
2026-09-14 17:33:44, Info                  DISM   DISM Transmog Provider: PID=19084 TID=20996 Product Type ServerNT : [No] - CTransmogManager::Initialize
2026-09-14 17:33:44, Info                  DISM   DISM OS Provider: PID=19084 TID=20996 Determined System directory to be C:\Windows\System32 - CDISMOSServiceManager::get_SystemDirectory
2026-09-14 17:33:44, Info                  CSI    00000001 Shim considered [l:123]'\??\C:\WINDOWS\WinSxS\amd64_microsoft-windows-servicingstack_31bf3856ad364e35_10.0.26100.9441_none_a5253a19774da03c\wcp.dll' : got STATUS_SUCCESS
2026-09-14 17:33:44, Info                  DISM   DISM Driver Manager: PID=19084 TID=20996 Further logs for driver related operations can be found in the target operating system at %WINDIR%\inf\setupapi.offline.log - CDriverManager::Initialize
2026-09-14 17:33:44, Info                  DISM   DISM Package Manager: PID=19084 TID=20996 Finished initializing the CbsConUI Handler. - CCbsConUIHandler::Initialize
2026-09-14 17:33:44, Info                  DISM   DISM Package Manager: PID=19084 TID=20996 CBS is being initialized for online use. More information about CBS actions can be located at: %windir%\logs\CBS\CBS.log - CDISMPackageManager::Initialize
2026-09-14 17:33:44, Info                  DISM   DISM Package Manager: PID=19084 TID=20996 Loaded servicing stack for online use. - CDISMPackageManager::CreateCbsSession
2026-09-14 17:33:44, Info                  CSI    00000001 Shim considered [l:123]'\??\C:\WINDOWS\WinSxS\amd64_microsoft-windows-servicingstack_31bf3856ad364e35_10.0.26100.9441_none_a5253a19774da03c\wcp.dll' : got STATUS_SUCCESS
2026-09-14 17:33:44, Info                  DISM   DISM Package Manager: PID=19084 TID=8636 Processing the top level command token(cleanup-image). - CPackageManagerCLIHandler::Private_ValidateCmdLine
2026-09-14 17:33:44, Info                  DISM   DISM Package Manager: PID=19084 TID=8636 Attempting to route to appropriate command handler. - CPackageManagerCLIHandler::ExecuteCmdLine
2026-09-14 17:33:44, Info                  DISM   DISM Package Manager: PID=19084 TID=8636 Routing the command... - CPackageManagerCLIHandler::ExecuteCmdLine
2026-09-14 17:33:44, Info                  DISM   DISM Package Manager: PID=19084 TID=8636 CBS session options=0x40100! - CDISMPackageManager::Internal_Finalize
2026-09-14 17:42:20, Info                  DISM   API: PID=6984 TID=4156 DismApi.dll:                                            - DismInitializeInternal
2026-09-14 17:42:20, Info                  DISM   API: PID=6984 TID=4156 DismApi.dll: <----- Starting DismApi.dll session -----> - DismInitializeInternal
2026-09-14 17:42:20, Info                  DISM   API: PID=6984 TID=4156 DismApi.dll:                                            - DismInitializeInternal
2026-09-14 17:42:20, Info                  DISM   API: PID=6984 TID=4156 DismApi.dll: Host machine information: OS Version=10.0.26200, Running architecture=amd64, Number of processors=16 - DismInitializeInternal
2026-09-14 17:42:20, Info                  DISM   API: PID=6984 TID=4156 DismApi.dll: API Version 10.0.26100.9278 - DismInitializeInternal
2026-09-14 17:42:20, Info                  DISM   API: PID=6984 TID=4156 DismApi.dll: Parent process command line: "C:\WINDOWS\system32\la57setup.exe" - DismInitializeInternal
2026-09-14 17:42:20, Info                  DISM   API: PID=6984 TID=4156 Input parameters: LogLevel: 2, LogFilePath: (null), ScratchDirectory: (null) - DismInitializeInternal
2026-09-14 17:42:20, Info                  DISM   Initialized Panther logging at C:\WINDOWS\Logs\DISM\dism.log
2026-09-14 17:42:20, Info                  DISM   API: PID=6984 TID=4156 Initialized GlobalConfig - DismInitializeInternal
2026-09-14 17:42:20, Info                  DISM   API: PID=6984 TID=4156 Initialized SessionTable - DismInitializeInternal
2026-09-14 17:42:20, Info                  DISM   API: PID=6984 TID=4156 Lookup in table by path failed for: DummyPath-2BA51B78-C7F7-4910-B99D-BB7345357CDC - CTransactionalImageTable::LookupImagePath
2026-09-14 17:42:20, Info                  DISM   API: PID=6984 TID=4156 Waiting for m_pInternalThread to start - CCommandThread::Start
2026-09-14 17:42:20, Info                  DISM   API: PID=6984 TID=18164 Enter CCommandThread::CommandThreadProcedureStub - CCommandThread::CommandThreadProcedureStub
2026-09-14 17:42:20, Info                  DISM   API: PID=6984 TID=18164 Enter CCommandThread::ExecuteLoop - CCommandThread::ExecuteLoop
2026-09-14 17:42:20, Info                  DISM   API: PID=6984 TID=4156 CommandThread StartupEvent signaled - CCommandThread::WaitForStartup
2026-09-14 17:42:20, Info                  DISM   API: PID=6984 TID=4156 m_pInternalThread started - CCommandThread::Start
2026-09-14 17:42:20, Info                  DISM   API: PID=6984 TID=4156 Created g_internalDismSession - DismInitializeInternal
2026-09-14 17:42:20, Info                  DISM   API: PID=6984 TID=4156 Input parameters: ImagePath: DISM_{53BFAE52-B167-4E2F-A258-0A37B57FF845}, WindowsDirectory: (null), SystemDrive: (null) - DismOpenSessionInternal
2026-09-14 17:42:20, Info                  DISM   API: PID=6984 TID=4156 Lookup in table by path failed for: DRIVE_C - CTransactionalImageTable::LookupImagePath
2026-09-14 17:42:20, Info                  DISM   API: PID=6984 TID=4156 Waiting for m_pInternalThread to start - CCommandThread::Start
2026-09-14 17:42:20, Info                  DISM   API: PID=6984 TID=19584 Enter CCommandThread::CommandThreadProcedureStub - CCommandThread::CommandThreadProcedureStub
2026-09-14 17:42:20, Info                  DISM   API: PID=6984 TID=19584 Enter CCommandThread::ExecuteLoop - CCommandThread::ExecuteLoop
2026-09-14 17:42:20, Info                  DISM   API: PID=6984 TID=4156 CommandThread StartupEvent signaled - CCommandThread::WaitForStartup
2026-09-14 17:42:20, Info                  DISM   API: PID=6984 TID=4156 m_pInternalThread started - CCommandThread::Start
2026-09-14 17:42:20, Info                  DISM   API: PID=6984 TID=4156 Successfully enqueued command object - CCommandThread::EnqueueCommandObject
2026-09-14 17:42:20, Info                  DISM   API: PID=6984 TID=19584 ExecuteLoop: CommandQueue signaled - CCommandThread::ExecuteLoop
2026-09-14 17:42:20, Info                  DISM   API: PID=6984 TID=19584 Successfully dequeued command object - CCommandThread::DequeueCommandObject
2026-09-14 17:42:20, Info                  DISM   PID=6984 TID=19584 Scratch directory set to 'C:\WINDOWS\SystemTemp\'. - CDISMManager::put_ScratchDir
2026-09-14 17:42:20, Info                  DISM   PID=6984 TID=19584 DismCore.dll version: 10.0.26100.9278 - CDISMManager::FinalConstruct
2026-09-14 17:42:20, Info                  DISM   Initialized Panther logging at C:\WINDOWS\Logs\DISM\dism.log
2026-09-14 17:42:20, Info                  DISM   PID=6984 TID=19584 Successfully loaded the ImageSession at "C:\WINDOWS\system32\Dism" - CDISMManager::LoadLocalImageSession
2026-09-14 17:42:20, Info                  DISM   Initialized Panther logging at C:\WINDOWS\Logs\DISM\dism.log
2026-09-14 17:42:20, Info                  DISM   DISM Provider Store: PID=6984 TID=19584 Found and Initialized the DISM Logger. - CDISMProviderStore::Internal_InitializeLogger
2026-09-14 17:42:20, Info                  DISM   Initialized Panther logging at C:\WINDOWS\Logs\DISM\dism.log
2026-09-14 17:42:20, Info                  DISM   DISM Manager: PID=6984 TID=19584 Successfully created the local image session and provider store. - CDISMManager::CreateLocalImageSession
2026-09-14 17:42:20, Info                  DISM   DISM FFU Provider: PID=6984 TID=19584 [C:\] is not recognized by the DISM FFU provider. - CFfuImage::Initialize
2026-09-14 17:42:20, Info                  DISM   DISM Imaging Provider: PID=6984 TID=19584 The provider FfuManager does not support CreateDismImage on C:\ - CGenericImagingManager::CreateDismImage
2026-09-14 17:42:20, Info                  DISM   DISM VHD Provider: PID=6984 TID=19584 [C:\] is not recognized by the DISM VHD provider. - CVhdImage::Initialize
2026-09-14 17:42:20, Info                  DISM   DISM Imaging Provider: PID=6984 TID=19584 The provider VHDManager does not support CreateDismImage on C:\ - CGenericImagingManager::CreateDismImage
[6984.19584] [0x8007007b] FIOReadFileIntoBuffer:(1454): The filename, directory name, or volume label syntax is incorrect.
[6984.19584] [0xc142011c] UnmarshallImageHandleFromDirectory:(641)
[6984.19584] [0xc142011c] WIMGetMountedImageHandle:(2910)
2026-09-14 17:42:20, Info                  DISM   DISM WIM Provider: PID=6984 TID=19584 [C:\] is not a WIM mount point. - CWimMountedImageInfo::Initialize
2026-09-14 17:42:20, Info                  DISM   DISM Imaging Provider: PID=6984 TID=19584 The provider WimManager does not support CreateDismImage on C:\ - CGenericImagingManager::CreateDismImage
2026-09-14 17:42:20, Info                  DISM   DISM Imaging Provider: PID=6984 TID=19584 No imaging provider supported CreateDismImage for this path - CGenericImagingManager::CreateDismImage
[6984.19584] [0x8007007b] FIOReadFileIntoBuffer:(1454): The filename, directory name, or volume label syntax is incorrect.
[6984.19584] [0xc142011c] UnmarshallImageHandleFromDirectory:(641)
[6984.19584] [0xc142011c] WIMGetMountedImageHandle:(2910)
2026-09-14 17:42:20, Info                  DISM   DISM WIM Provider: PID=6984 TID=19584 [C:\] is not a WIM mount point. - CWimMountedImageInfo::Initialize
2026-09-14 17:42:20, Info                  DISM   DISM FFU Provider: PID=6984 TID=19584 [C:\] is not recognized by the DISM FFU provider. - CFfuImage::Initialize
2026-09-14 17:42:20, Info                  DISM   DISM VHD Provider: PID=6984 TID=19584 [C:\] is not recognized by the DISM VHD provider. - CVhdImage::Initialize
2026-09-14 17:42:20, Info                  DISM   DISM Manager: PID=6984 TID=19584 physical location path: C:\ - CDISMManager::CreateImageSession
2026-09-14 17:42:20, Info                  DISM   DISM Manager: PID=6984 TID=19584 Event name for current DISM session is Global\{392F3BFA-0188-49F1-8ACF-1152FAB34515} - CDISMManager::CheckSessionAndLock
2026-09-14 17:42:20, Info                  DISM   DISM Manager: PID=6984 TID=19584 Create session event 0x144 for current DISM session and event name is Global\{392F3BFA-0188-49F1-8ACF-1152FAB34515}  - CDISMManager::CheckSessionAndLock
2026-09-14 17:42:20, Info                  DISM   DISM Manager: PID=6984 TID=19584 Copying DISM from "C:\Windows\System32\Dism" - CDISMManager::CreateImageSessionFromLocation
2026-09-14 17:42:20, Info                  DISM   DISM Manager: PID=6984 TID=19584 No Sandbox was created, DISM running in-place. - CDISMManager::CreateImageSessionFromLocation
2026-09-14 17:42:21, Info                  DISM   DISM Manager: PID=6984 TID=19584 Successfully loaded the ImageSession at "C:\Windows\System32\Dism" - CDISMManager::LoadRemoteImageSession
2026-09-14 17:42:21, Info                  DISM   DISM Image Session: PID=20556 TID=4300 Instantiating the Provider Store. - CDISMImageSession::get_ProviderStore
2026-09-14 17:42:21, Info                  DISM   DISM OS Provider: PID=20556 TID=4300 Defaulting SystemPath to C:\ - CDISMOSServiceManager::Final_OnConnect
2026-09-14 17:42:21, Info                  DISM   DISM OS Provider: PID=20556 TID=4300 Defaulting Windows folder to C:\Windows - CDISMOSServiceManager::Final_OnConnect
2026-09-14 17:42:21, Info                  DISM   DISM Provider Store: PID=20556 TID=4300 Attempting to initialize the logger from the Image Session. - CDISMProviderStore::Final_OnConnect
2026-09-14 17:42:21, Info                  DISM   Initialized Panther logging at C:\WINDOWS\Logs\DISM\dism.log
2026-09-14 17:42:21, Info                  DISM   DISM Provider Store: PID=20556 TID=4300 Found and Initialized the DISM Logger. - CDISMProviderStore::Internal_InitializeLogger
2026-09-14 17:42:21, Info                  DISM   Initialized Panther logging at C:\WINDOWS\Logs\DISM\dism.log
2026-09-14 17:42:21, Info                  DISM   Initialized Panther logging at C:\WINDOWS\Logs\DISM\dism.log
2026-09-14 17:42:21, Info                  DISM   DISM Manager: PID=6984 TID=19584 Image session successfully loaded from location: C:\Windows\System32\Dism - CDISMManager::CreateImageSession
2026-09-14 17:42:21, Info                  DISM   API: PID=6984 TID=19584 Target image information: OS Version=10.0.26200.9445, Image architecture=amd64 - CDismCore::LogImageSessionDetails
2026-09-14 17:42:21, Info                  DISM   API: PID=6984 TID=4156 Session id is: 2 - DismOpenSessionInternal
2026-09-14 17:42:21, Info                  DISM   API: PID=6984 TID=4156 Input parameter: Session: 2, Name:Windows.Kernel.LA57 - DismGetCapabilityInfoInternal
2026-09-14 17:42:21, Info                  DISM   API: PID=6984 TID=4156 Successfully enqueued command object - CCommandThread::EnqueueCommandObject
2026-09-14 17:42:21, Info                  DISM   API: PID=6984 TID=19584 ExecuteLoop: CommandQueue signaled - CCommandThread::ExecuteLoop
2026-09-14 17:42:21, Info                  DISM   API: PID=6984 TID=19584 Successfully dequeued command object - CCommandThread::DequeueCommandObject
2026-09-14 17:42:21, Info                  DISM   DISM Package Manager: PID=20556 TID=19996 Finished initializing the CbsConUI Handler. - CCbsConUIHandler::Initialize
2026-09-14 17:42:21, Info                  DISM   DISM Package Manager: PID=20556 TID=19996 CBS is being initialized for online use. More information about CBS actions can be located at: %windir%\logs\CBS\CBS.log - CDISMPackageManager::Initialize
2026-09-14 17:42:21, Info                  DISM   DISM Package Manager: PID=20556 TID=19996 Loaded servicing stack for online use. - CDISMPackageManager::CreateCbsSession
2026-09-14 17:42:21, Info                  CSI    00000001 Shim considered [l:123]'\??\C:\WINDOWS\WinSxS\amd64_microsoft-windows-servicingstack_31bf3856ad364e35_10.0.26100.9441_none_a5253a19774da03c\wcp.dll' : got STATUS_SUCCESS
2026-09-14 17:42:24, Info                  DISM   API: PID=6984 TID=4156 Input parameters: Session: 2 - DismCloseSessionInternal
2026-09-14 17:42:24, Info                  DISM   API: PID=6984 TID=4156 GetReferenceCount hr: 0x0 - CSessionTable::RemoveSession
2026-09-14 17:42:24, Info                  DISM   API: PID=6984 TID=4156 Refcount for DismSession= 2s 0 - CSessionTable::RemoveSession
2026-09-14 17:42:24, Info                  DISM   API: PID=6984 TID=4156 Successfully enqueued command object - CCommandThread::EnqueueCommandObject
2026-09-14 17:42:24, Info                  DISM   API: PID=6984 TID=19584 ExecuteLoop: CommandQueue signaled - CCommandThread::ExecuteLoop
2026-09-14 17:42:24, Info                  DISM   API: PID=6984 TID=19584 Successfully dequeued command object - CCommandThread::DequeueCommandObject
2026-09-14 17:42:24, Info                  DISM   API: PID=6984 TID=19584 ExecuteLoop: Cancel signaled - CCommandThread::ExecuteLoop
2026-09-14 17:42:24, Info                  DISM   API: PID=6984 TID=19584 Leave CCommandThread::ExecuteLoop - CCommandThread::ExecuteLoop
2026-09-14 17:42:27, Info                  DISM   DISM Package Manager: PID=20556 TID=10148 Finalizing CBS core. - CDISMPackageManager::Finalize
2026-09-14 17:42:29, Info                  DISM   DISM Manager: PID=6984 TID=19584 Closing session event handle 0x144 - CDISMManager::CleanupImageSessionEntry
2026-09-14 17:42:29, Info                  DISM   API: PID=6984 TID=19584 Leave CCommandThread::CommandThreadProcedureStub - CCommandThread::CommandThreadProcedureStub
2026-09-14 17:42:29, Info                  DISM   API: PID=6984 TID=4156 GetReferenceCount hr: 0x0 - CSessionTable::RemoveSession
2026-09-14 17:42:29, Info                  DISM   API: PID=6984 TID=4156 Refcount for DismSession= 1s 0 - CSessionTable::RemoveSession
2026-09-14 17:42:29, Info                  DISM   API: PID=6984 TID=4156 Successfully enqueued command object - CCommandThread::EnqueueCommandObject
2026-09-14 17:42:29, Info                  DISM   API: PID=6984 TID=18164 ExecuteLoop: CommandQueue signaled - CCommandThread::ExecuteLoop
2026-09-14 17:42:29, Info                  DISM   API: PID=6984 TID=18164 Successfully dequeued command object - CCommandThread::DequeueCommandObject
2026-09-14 17:42:29, Info                  DISM   API: PID=6984 TID=18164 ExecuteLoop: Cancel signaled - CCommandThread::ExecuteLoop
2026-09-14 17:42:29, Info                  DISM   API: PID=6984 TID=18164 Leave CCommandThread::ExecuteLoop - CCommandThread::ExecuteLoop
2026-09-14 17:42:29, Info                  DISM   PID=6984 TID=18164 Temporarily setting the scratch directory. This may be overridden by user later. - CDISMManager::FinalConstruct
2026-09-14 17:42:29, Info                  DISM   PID=6984 TID=18164 Scratch directory set to 'C:\WINDOWS\SystemTemp\'. - CDISMManager::put_ScratchDir
2026-09-14 17:42:29, Info                  DISM   PID=6984 TID=18164 DismCore.dll version: 10.0.26100.9278 - CDISMManager::FinalConstruct
2026-09-14 17:42:29, Info                  DISM   Initialized Panther logging at C:\WINDOWS\Logs\DISM\dism.log
2026-09-14 17:42:29, Info                  DISM   API: PID=6984 TID=18164 Leave CCommandThread::CommandThreadProcedureStub - CCommandThread::CommandThreadProcedureStub
2026-09-14 17:42:29, Info                  DISM   API: PID=6984 TID=4156 Deleted g_internalDismSession - DismShutdownInternal
2026-09-14 17:42:29, Info                  DISM   API: PID=6984 TID=4156 Shutdown SessionTable - DismShutdownInternal
2026-09-14 17:42:29, Info                  DISM   API: PID=6984 TID=4156 DismApi.dll:                                          - DismShutdownInternal
2026-09-14 17:42:29, Info                  DISM   API: PID=6984 TID=4156 DismApi.dll: <----- Ending DismApi.dll session -----> - DismShutdownInternal
2026-09-14 17:42:29, Info                  DISM   API: PID=6984 TID=4156 DismApi.dll:                                          - DismShutdownInternal
2026-09-14 17:42:51, Info                  DISM   API: PID=21356 TID=14848 DismApi.dll:                                            - DismInitializeInternal
2026-09-14 17:42:51, Info                  DISM   API: PID=21356 TID=14848 DismApi.dll: <----- Starting DismApi.dll session -----> - DismInitializeInternal
2026-09-14 17:42:51, Info                  DISM   API: PID=21356 TID=14848 DismApi.dll:                                            - DismInitializeInternal
2026-09-14 17:42:51, Info                  DISM   API: PID=21356 TID=14848 DismApi.dll: Host machine information: OS Version=10.0.26200, Running architecture=amd64, Number of processors=16 - DismInitializeInternal
2026-09-14 17:42:51, Info                  DISM   API: PID=21356 TID=14848 DismApi.dll: API Version 10.0.26100.9278 - DismInitializeInternal
2026-09-14 17:42:51, Info                  DISM   API: PID=21356 TID=14848 DismApi.dll: Parent process command line: "C:\WINDOWS\system32\cleanmgr.exe" /autocleanstoragesense /d C: - DismInitializeInternal
2026-09-14 17:42:51, Info                  DISM   API: PID=21356 TID=14848 Input parameters: LogLevel: 2, LogFilePath: (null), ScratchDirectory: (null) - DismInitializeInternal
2026-09-14 17:42:51, Info                  DISM   Initialized Panther logging at C:\WINDOWS\Logs\DISM\dism.log
2026-09-14 17:42:51, Info                  DISM   API: PID=21356 TID=14848 Initialized GlobalConfig - DismInitializeInternal
2026-09-14 17:42:51, Info                  DISM   API: PID=21356 TID=14848 Initialized SessionTable - DismInitializeInternal
2026-09-14 17:42:51, Info                  DISM   API: PID=21356 TID=14848 Lookup in table by path failed for: DummyPath-2BA51B78-C7F7-4910-B99D-BB7345357CDC - CTransactionalImageTable::LookupImagePath
2026-09-14 17:42:51, Info                  DISM   API: PID=21356 TID=14848 Waiting for m_pInternalThread to start - CCommandThread::Start
2026-09-14 17:42:51, Info                  DISM   API: PID=21356 TID=16712 Enter CCommandThread::CommandThreadProcedureStub - CCommandThread::CommandThreadProcedureStub
2026-09-14 17:42:51, Info                  DISM   API: PID=21356 TID=16712 Enter CCommandThread::ExecuteLoop - CCommandThread::ExecuteLoop
2026-09-14 17:42:51, Info                  DISM   API: PID=21356 TID=14848 CommandThread StartupEvent signaled - CCommandThread::WaitForStartup
2026-09-14 17:42:51, Info                  DISM   API: PID=21356 TID=14848 m_pInternalThread started - CCommandThread::Start
2026-09-14 17:42:51, Info                  DISM   API: PID=21356 TID=14848 Created g_internalDismSession - DismInitializeInternal
2026-09-14 17:42:51, Info                  DISM   API: PID=21356 TID=14848 Input parameters: ImagePath: DISM_{53BFAE52-B167-4E2F-A258-0A37B57FF845}, WindowsDirectory: (null), SystemDrive: (null) - DismOpenSessionInternal
2026-09-14 17:42:51, Info                  DISM   API: PID=21356 TID=14848 Lookup in table by path failed for: DRIVE_C - CTransactionalImageTable::LookupImagePath
2026-09-14 17:42:51, Info                  DISM   API: PID=21356 TID=14848 Waiting for m_pInternalThread to start - CCommandThread::Start
2026-09-14 17:42:51, Info                  DISM   API: PID=21356 TID=18060 Enter CCommandThread::CommandThreadProcedureStub - CCommandThread::CommandThreadProcedureStub
2026-09-14 17:42:51, Info                  DISM   API: PID=21356 TID=14848 CommandThread StartupEvent signaled - CCommandThread::WaitForStartup
2026-09-14 17:42:51, Info                  DISM   API: PID=21356 TID=18060 Enter CCommandThread::ExecuteLoop - CCommandThread::ExecuteLoop
2026-09-14 17:42:51, Info                  DISM   API: PID=21356 TID=14848 m_pInternalThread started - CCommandThread::Start
2026-09-14 17:42:51, Info                  DISM   API: PID=21356 TID=14848 Successfully enqueued command object - CCommandThread::EnqueueCommandObject
2026-09-14 17:42:51, Info                  DISM   API: PID=21356 TID=18060 ExecuteLoop: CommandQueue signaled - CCommandThread::ExecuteLoop
2026-09-14 17:42:51, Info                  DISM   API: PID=21356 TID=18060 Successfully dequeued command object - CCommandThread::DequeueCommandObject
2026-09-14 17:42:51, Info                  DISM   PID=21356 TID=18060 Scratch directory set to 'C:\Users\kriba\AppData\Local\Temp\'. - CDISMManager::put_ScratchDir
2026-09-14 17:42:51, Info                  DISM   PID=21356 TID=18060 DismCore.dll version: 10.0.26100.9278 - CDISMManager::FinalConstruct
2026-09-14 17:42:51, Info                  DISM   Initialized Panther logging at C:\WINDOWS\Logs\DISM\dism.log
2026-09-14 17:42:51, Info                  DISM   PID=21356 TID=18060 Successfully loaded the ImageSession at "C:\WINDOWS\system32\Dism" - CDISMManager::LoadLocalImageSession
2026-09-14 17:42:51, Info                  DISM   Initialized Panther logging at C:\WINDOWS\Logs\DISM\dism.log
[21356.18060] [0x8007007b] FIOReadFileIntoBuffer:(1454): The filename, directory name, or volume label syntax is incorrect.
[21356.18060] [0xc142011c] UnmarshallImageHandleFromDirectory:(641)
[21356.18060] [0xc142011c] WIMGetMountedImageHandle:(2910)
[21356.18060] [0x8007007b] FIOReadFileIntoBuffer:(1454): The filename, directory name, or volume label syntax is incorrect.
[21356.18060] [0xc142011c] UnmarshallImageHandleFromDirectory:(641)
[21356.18060] [0xc142011c] WIMGetMountedImageHandle:(2910)
2026-09-14 17:42:51, Info                  DISM   Initialized Panther logging at C:\WINDOWS\Logs\DISM\dism.log
2026-09-14 17:42:51, Info                  DISM   DISM Provider Store: PID=1452 TID=1412 Found and Initialized the DISM Logger. - CDISMProviderStore::Internal_InitializeLogger
2026-09-14 17:42:51, Info                  DISM   Initialized Panther logging at C:\WINDOWS\Logs\DISM\dism.log
2026-09-14 17:42:51, Info                  DISM   Initialized Panther logging at C:\WINDOWS\Logs\DISM\dism.log
2026-09-14 17:42:51, Info                  DISM   API: PID=21356 TID=18060 Target image information: OS Version=10.0.26200.9445, Image architecture=amd64 - CDismCore::LogImageSessionDetails
2026-09-14 17:42:51, Info                  DISM   API: PID=21356 TID=14848 Session id is: 2 - DismOpenSessionInternal
2026-09-14 17:42:53, Info                  DISM   API: PID=21356 TID=14848 Input parameter: Session: 2 - DismGetPackagesInternal
2026-09-14 17:42:53, Info                  DISM   API: PID=21356 TID=14848 Successfully enqueued command object - CCommandThread::EnqueueCommandObject
2026-09-14 17:42:53, Info                  DISM   API: PID=21356 TID=18060 ExecuteLoop: CommandQueue signaled - CCommandThread::ExecuteLoop
2026-09-14 17:42:53, Info                  DISM   API: PID=21356 TID=18060 Successfully dequeued command object - CCommandThread::DequeueCommandObject
2026-09-14 17:42:53, Info                  DISM   DISM Package Manager: PID=1452 TID=1412 Finished initializing the CbsConUI Handler. - CCbsConUIHandler::Initialize
2026-09-14 17:42:53, Info                  DISM   DISM Package Manager: PID=1452 TID=1412 CBS is being initialized for online use. More information about CBS actions can be located at: %windir%\logs\CBS\CBS.log - CDISMPackageManager::Initialize
2026-09-14 17:42:53, Info                  DISM   DISM Package Manager: PID=1452 TID=1412 Loaded servicing stack for online use. - CDISMPackageManager::CreateCbsSession
2026-09-14 17:42:53, Info                  CSI    00000001 Shim considered [l:123]'\??\C:\WINDOWS\WinSxS\amd64_microsoft-windows-servicingstack_31bf3856ad364e35_10.0.26100.9441_none_a5253a19774da03c\wcp.dll' : got STATUS_SUCCESS
2026-09-14 17:42:55, Info                  DISM   DISM Package Manager: PID=1452 TID=1412 Package HyperV-OptionalFeature-VirtualMachinePlatform-Client-Disabled-FOD-Package~31bf3856ad364e35~amd64~en-US~10.0.26100.1 with CBS state 7(CbsInstallStateInstalled) being mapped to dism state 5(DISM_INSTALL_STATE_INSTALLED) - CDISMPackage::LogInstallStateMapping
2026-09-14 17:42:55, Info                  DISM   DISM Package Manager: PID=1452 TID=300 Package HyperV-OptionalFeature-VirtualMachinePlatform-Client-Disabled-FOD-Package~31bf3856ad364e35~amd64~~10.0.26100.1742 with CBS state 4(CbsInstallStateStaged) being mapped to dism state 3(DISM_INSTALL_STATE_STAGED) - CDISMPackage::LogInstallStateMapping
2026-09-14 17:42:55, Info                  DISM   DISM Package Manager: PID=1452 TID=300 Package HyperV-OptionalFeature-VirtualMachinePlatform-Client-Disabled-FOD-Package~31bf3856ad364e35~amd64~~10.0.26100.8894 with CBS state -17(CbsInstallStateSuperseded) being mapped to dism state 7(DISM_INSTALL_STATE_SUPERSEDED) - CDISMPackage::LogInstallStateMapping
2026-09-14 17:42:55, Info                  DISM   DISM Package Manager: PID=1452 TID=300 Package HyperV-OptionalFeature-VirtualMachinePlatform-Client-Disabled-FOD-Package~31bf3856ad364e35~amd64~~10.0.26100.9168 with CBS state -17(CbsInstallStateSuperseded) being mapped to dism state 7(DISM_INSTALL_STATE_SUPERSEDED) - CDISMPackage::LogInstallStateMapping
2026-09-14 17:42:55, Info                  DISM   DISM Package Manager: PID=1452 TID=300 Package HyperV-OptionalFeature-VirtualMachinePlatform-Client-Disabled-FOD-Package~31bf3856ad364e35~amd64~~10.0.26100.9445 with CBS state 7(CbsInstallStateInstalled) being mapped to dism state 5(DISM_INSTALL_STATE_INSTALLED) - CDISMPackage::LogInstallStateMapping
2026-09-14 17:42:55, Info                  DISM   DISM Package Manager: PID=1452 TID=300 Package Microsoft-Edge-WebView-FOD-Package~31bf3856ad364e35~amd64~~10.0.26100.1 with CBS state 4(CbsInstallStateStaged) being mapped to dism state 3(DISM_INSTALL_STATE_STAGED) - CDISMPackage::LogInstallStateMapping
2026-09-14 17:42:55, Info                  DISM   DISM Package Manager: PID=1452 TID=300 Package Microsoft-Edge-WebView-FOD-Package~31bf3856ad364e35~amd64~~10.0.26100.8894 with CBS state -17(CbsInstallStateSuperseded) being mapped to dism state 7(DISM_INSTALL_STATE_SUPERSEDED) - CDISMPackage::LogInstallStateMapping
2026-09-14 17:42:55, Info                  DISM   DISM Package Manager: PID=1452 TID=300 Package Microsoft-Edge-WebView-FOD-Package~31bf3856ad364e35~amd64~~10.0.26100.9168 with CBS state -17(CbsInstallStateSuperseded) being mapped to dism state 7(DISM_INSTALL_STATE_SUPERSEDED) - CDISMPackage::LogInstallStateMapping
2026-09-14 17:42:55, Info                  DISM   DISM Package Manager: PID=1452 TID=300 Package Microsoft-Edge-WebView-FOD-Package~31bf3856ad364e35~amd64~~10.0.26100.9444 with CBS state 7(CbsInstallStateInstalled) being mapped to dism state 5(DISM_INSTALL_STATE_INSTALLED) - CDISMPackage::LogInstallStateMapping
2026-09-14 17:42:55, Info                  DISM   DISM Package Manager: PID=1452 TID=300 Package Microsoft-OneCore-ApplicationModel-Sync-Desktop-FOD-Package~31bf3856ad364e35~amd64~~10.0.26100.1742 with CBS state 4(CbsInstallStateStaged) being mapped to dism state 3(DISM_INSTALL_STATE_STAGED) - CDISMPackage::LogInstallStateMapping
2026-09-14 17:42:55, Info                  DISM   DISM Package Manager: PID=1452 TID=300 Package Microsoft-OneCore-ApplicationModel-Sync-Desktop-FOD-Package~31bf3856ad364e35~amd64~~10.0.26100.8894 with CBS state -17(CbsInstallStateSuperseded) being mapped to dism state 7(DISM_INSTALL_STATE_SUPERSEDED) - CDISMPackage::LogInstallStateMapping
2026-09-14 17:42:55, Info                  DISM   DISM Package Manager: PID=1452 TID=300 Package Microsoft-OneCore-ApplicationModel-Sync-Desktop-FOD-Package~31bf3856ad364e35~amd64~~10.0.26100.9168 with CBS state -17(CbsInstallStateSuperseded) being mapped to dism state 7(DISM_INSTALL_STATE_SUPERSEDED) - CDISMPackage::LogInstallStateMapping
2026-09-14 17:42:55, Info                  DISM   DISM Package Manager: PID=1452 TID=300 Package Microsoft-OneCore-ApplicationModel-Sync-Desktop-FOD-Package~31bf3856ad364e35~amd64~~10.0.26100.9444 with CBS state 7(CbsInstallStateInstalled) being mapped to dism state 5(DISM_INSTALL_STATE_INSTALLED) - CDISMPackage::LogInstallStateMapping
2026-09-14 17:42:55, Info                  DISM   DISM Package Manager: PID=1452 TID=300 Package Microsoft-OneCore-DirectX-Database-FOD-Package-Wrapper~31bf3856ad364e35~amd64~~10.0.26100.1742 with CBS state 4(CbsInstallStateStaged) being mapped to dism state 3(DISM_INSTALL_STATE_STAGED) - CDISMPackage::LogInstallStateMapping
2026-09-14 17:42:55, Info                  DISM   DISM Package Manager: PID=1452 TID=300 Package Microsoft-OneCore-Graphics-Tools-Package~31bf3856ad364e35~amd64~~10.0.26100.1742 with CBS state 4(CbsInstallStateStaged) being mapped to dism state 3(DISM_INSTALL_STATE_STAGED) - CDISMPackage::LogInstallStateMapping
2026-09-14 17:42:55, Info                  DISM   DISM Package Manager: PID=1452 TID=300 Package Microsoft-OneCore-Graphics-Tools-Package~31bf3856ad364e35~amd64~~10.0.26100.8894 with CBS state -17(CbsInstallStateSuperseded) being mapped to dism state 7(DISM_INSTALL_STATE_SUPERSEDED) - CDISMPackage::LogInstallStateMapping
2026-09-14 17:42:55, Info                  DISM   DISM Package Manager: PID=1452 TID=300 Package Microsoft-OneCore-Graphics-Tools-Package~31bf3856ad364e35~amd64~~10.0.26100.9168 with CBS state -17(CbsInstallStateSuperseded) being mapped to dism state 7(DISM_INSTALL_STATE_SUPERSEDED) - CDISMPackage::LogInstallStateMapping
2026-09-14 17:42:55, Info                  DISM   DISM Package Manager: PID=1452 TID=300 Package Microsoft-OneCore-Graphics-Tools-Package~31bf3856ad364e35~amd64~~10.0.26100.9444 with CBS state 7(CbsInstallStateInstalled) being mapped to dism state 5(DISM_INSTALL_STATE_INSTALLED) - CDISMPackage::LogInstallStateMapping
2026-09-14 17:42:55, Info                  DISM   DISM Package Manager: PID=1452 TID=300 Package Microsoft-Windows-Client-LanguagePack-Package~31bf3856ad364e35~amd64~en-US~10.0.26100.1742 with CBS state 4(CbsInstallStateStaged) being mapped to dism state 3(DISM_INSTALL_STATE_STAGED) - CDISMPackage::LogInstallStateMapping
2026-09-14 17:42:55, Info                  DISM   DISM Package Manager: PID=1452 TID=300 Package Microsoft-Windows-Client-LanguagePack-Package~31bf3856ad364e35~amd64~en-US~10.0.26100.8894 with CBS state -17(CbsInstallStateSuperseded) being mapped to dism state 7(DISM_INSTALL_STATE_SUPERSEDED) - CDISMPackage::LogInstallStateMapping
2026-09-14 17:42:55, Info                  DISM   DISM Package Manager: PID=1452 TID=300 Package Microsoft-Windows-Client-LanguagePack-Package~31bf3856ad364e35~amd64~en-US~10.0.26100.9168 with CBS state -17(CbsInstallStateSuperseded) being mapped to dism state 7(DISM_INSTALL_STATE_SUPERSEDED) - CDISMPackage::LogInstallStateMapping
2026-09-14 17:42:55, Info                  DISM   DISM Package Manager: PID=1452 TID=300 Package Microsoft-Windows-Client-LanguagePack-Package~31bf3856ad364e35~amd64~en-US~10.0.26100.9444 with CBS state 7(CbsInstallStateInstalled) being mapped to dism state 5(DISM_INSTALL_STATE_INSTALLED) - CDISMPackage::LogInstallStateMapping
2026-09-14 17:42:55, Info                  DISM   DISM Package Manager: PID=1452 TID=300 Package Microsoft-Windows-DirectoryServices-ADAM-Client-FOD-Package~31bf3856ad364e35~amd64~en-US~10.0.26100.1 with CBS state 7(CbsInstallStateInstalled) being mapped to dism state 5(DISM_INSTALL_STATE_INSTALLED) - CDISMPackage::LogInstallStateMapping
2026-09-14 17:42:55, Info                  DISM   DISM Package Manager: PID=1452 TID=300 Package Microsoft-Windows-DirectoryServices-ADAM-Client-FOD-Package~31bf3856ad364e35~amd64~~10.0.26100.1742 with CBS state 4(CbsInstallStateStaged) being mapped to dism state 3(DISM_INSTALL_STATE_STAGED) - CDISMPackage::LogInstallStateMapping
2026-09-14 17:42:55, Info                  DISM   DISM Package Manager: PID=1452 TID=300 Package Microsoft-Windows-DirectoryServices-ADAM-Client-FOD-Package~31bf3856ad364e35~amd64~~10.0.26100.8894 with CBS state -17(CbsInstallStateSuperseded) being mapped to dism state 7(DISM_INSTALL_STATE_SUPERSEDED) - CDISMPackage::LogInstallStateMapping
2026-09-14 17:42:55, Info                  DISM   DISM Package Manager: PID=1452 TID=300 Package Microsoft-Windows-DirectoryServices-ADAM-Client-FOD-Package~31bf3856ad364e35~amd64~~10.0.26100.9168 with CBS state -17(CbsInstallStateSuperseded) being mapped to dism state 7(DISM_INSTALL_STATE_SUPERSEDED) - CDISMPackage::LogInstallStateMapping
2026-09-14 17:42:55, Info                  DISM   DISM Package Manager: PID=1452 TID=300 Package Microsoft-Windows-DirectoryServices-ADAM-Client-FOD-Package~31bf3856ad364e35~amd64~~10.0.26100.9445 with CBS state 7(CbsInstallStateInstalled) being mapped to dism state 5(DISM_INSTALL_STATE_INSTALLED) - CDISMPackage::LogInstallStateMapping
2026-09-14 17:42:55, Info                  DISM   DISM Package Manager: PID=1452 TID=300 Package Microsoft-Windows-DirectoryServices-ADAM-Client-FOD-Package~31bf3856ad364e35~wow64~en-US~10.0.26100.1 with CBS state 7(CbsInstallStateInstalled) being mapped to dism state 5(DISM_INSTALL_STATE_INSTALLED) - CDISMPackage::LogInstallStateMapping
2026-09-14 17:42:55, Info                  DISM   DISM Package Manager: PID=1452 TID=300 Package Microsoft-Windows-DirectoryServices-ADAM-Client-FOD-Package~31bf3856ad364e35~wow64~~10.0.26100.1742 with CBS state 4(CbsInstallStateStaged) being mapped to dism state 3(DISM_INSTALL_STATE_STAGED) - CDISMPackage::LogInstallStateMapping
2026-09-14 17:42:55, Info                  DISM   DISM Package Manager: PID=1452 TID=300 Package Microsoft-Windows-DirectoryServices-ADAM-Client-FOD-Package~31bf3856ad364e35~wow64~~10.0.26100.8894 with CBS state -17(CbsInstallStateSuperseded) being mapped to dism state 7(DISM_INSTALL_STATE_SUPERSEDED) - CDISMPackage::LogInstallStateMapping
2026-09-14 17:42:55, Info                  DISM   DISM Package Manager: PID=1452 TID=300 Package Microsoft-Windows-DirectoryServices-ADAM-Client-FOD-Package~31bf3856ad364e35~wow64~~10.0.26100.9168 with CBS state -17(CbsInstallStateSuperseded) being mapped to dism state 7(DISM_INSTALL_STATE_SUPERSEDED) - CDISMPackage::LogInstallStateMapping
2026-09-14 17:42:55, Info                  DISM   DISM Package Manager: PID=1452 TID=300 Package Microsoft-Windows-DirectoryServices-ADAM-Client-FOD-Package~31bf3856ad364e35~wow64~~10.0.26100.9444 with CBS state 7(CbsInstallStateInstalled) being mapped to dism state 5(DISM_INSTALL_STATE_INSTALLED) - CDISMPackage::LogInstallStateMapping
2026-09-14 17:42:55, Info                  DISM   DISM Package Manager: PID=1452 TID=300 Package Microsoft-Windows-Dolby-Features-FoD-Package~31bf3856ad364e35~amd64~~10.0.26100.1742 with CBS state 4(CbsInstallStateStaged) being mapped to dism state 3(DISM_INSTALL_STATE_STAGED) - CDISMPackage::LogInstallStateMapping
2026-09-14 17:42:55, Info                  DISM   DISM Package Manager: PID=1452 TID=300 Package Microsoft-Windows-Dolby-Features-FoD-Package~31bf3856ad364e35~amd64~~10.0.26100.8894 with CBS state -17(CbsInstallStateSuperseded) being mapped to dism state 7(DISM_INSTALL_STATE_SUPERSEDED) - CDISMPackage::LogInstallStateMapping
2026-09-14 17:42:55, Info                  DISM   DISM Package Manager: PID=1452 TID=300 Package Microsoft-Windows-Dolby-Features-FoD-Package~31bf3856ad364e35~amd64~~10.0.26100.9168 with CBS state -17(CbsInstallStateSuperseded) being mapped to dism state 7(DISM_INSTALL_STATE_SUPERSEDED) - CDISMPackage::LogInstallStateMapping
2026-09-14 17:42:55, Info                  DISM   DISM Package Manager: PID=1452 TID=300 Package Microsoft-Windows-Dolby-Features-FoD-Package~31bf3856ad364e35~amd64~~10.0.26100.9444 with CBS state 7(CbsInstallStateInstalled) being mapped to dism state 5(DISM_INSTALL_STATE_INSTALLED) - CDISMPackage::LogInstallStateMapping
2026-09-14 17:42:55, Info                  DISM   DISM Package Manager: PID=1452 TID=300 Package Microsoft-Windows-EnterpriseClientSync-Host-FOD-Package~31bf3856ad364e35~amd64~en-US~10.0.26100.1 with CBS state 7(CbsInstallStateInstalled) being mapped to dism state 5(DISM_INSTALL_STATE_INSTALLED) - CDISMPackage::LogInstallStateMapping
2026-09-14 17:42:55, Info                  DISM   DISM Package Manager: PID=1452 TID=300 Package Microsoft-Windows-EnterpriseClientSync-Host-FOD-Package~31bf3856ad364e35~amd64~~10.0.26100.1742 with CBS state 4(CbsInstallStateStaged) being mapped to dism state 3(DISM_INSTALL_STATE_STAGED) - CDISMPackage::LogInstallStateMapping
2026-09-14 17:42:55, Info                  DISM   DISM Package Manager: PID=1452 TID=300 Package Microsoft-Windows-EnterpriseClientSync-Host-FOD-Package~31bf3856ad364e35~amd64~~10.0.26100.8894 with CBS state -17(CbsInstallStateSuperseded) being mapped to dism state 7(DISM_INSTALL_STATE_SUPERSEDED) - CDISMPackage::LogInstallStateMapping
2026-09-14 17:42:55, Info                  DISM   DISM Package Manager: PID=1452 TID=300 Package Microsoft-Windows-EnterpriseClientSync-Host-FOD-Package~31bf3856ad364e35~amd64~~10.0.26100.9168 with CBS state -17(CbsInstallStateSuperseded) being mapped to dism state 7(DISM_INSTALL_STATE_SUPERSEDED) - CDISMPackage::LogInstallStateMapping
2026-09-14 17:42:55, Info                  DISM   DISM Package Manager: PID=1452 TID=300 Package Microsoft-Windows-EnterpriseClientSync-Host-FOD-Package~31bf3856ad364e35~amd64~~10.0.26100.9445 with CBS state 7(CbsInstallStateInstalled) being mapped to dism state 5(DISM_INSTALL_STATE_INSTALLED) - CDISMPackage::LogInstallStateMapping
2026-09-14 17:42:55, Info                  DISM   DISM Package Manager: PID=1452 TID=300 Package Microsoft-Windows-EnterpriseClientSync-Host-FOD-Package~31bf3856ad364e35~wow64~en-US~10.0.26100.1 with CBS state 7(CbsInstallStateInstalled) being mapped to dism state 5(DISM_INSTALL_STATE_INSTALLED) - CDISMPackage::LogInstallStateMapping
2026-09-14 17:42:55, Info                  DISM   DISM Package Manager: PID=1452 TID=300 Package Microsoft-Windows-EnterpriseClientSync-Host-FOD-Package~31bf3856ad364e35~wow64~~10.0.26100.1 with CBS state 4(CbsInstallStateStaged) being mapped to dism state 3(DISM_INSTALL_STATE_STAGED) - CDISMPackage::LogInstallStateMapping
2026-09-14 17:42:55, Info                  DISM   DISM Package Manager: PID=1452 TID=300 Package Microsoft-Windows-EnterpriseClientSync-Host-FOD-Package~31bf3856ad364e35~wow64~~10.0.26100.8894 with CBS state -17(CbsInstallStateSuperseded) being mapped to dism state 7(DISM_INSTALL_STATE_SUPERSEDED) - CDISMPackage::LogInstallStateMapping
2026-09-14 17:42:55, Info                  DISM   DISM Package Manager: PID=1452 TID=300 Package Microsoft-Windows-EnterpriseClientSync-Host-FOD-Package~31bf3856ad364e35~wow64~~10.0.26100.9168 with CBS state -17(CbsInstallStateSuperseded) being mapped to dism state 7(DISM_INSTALL_STATE_SUPERSEDED) - CDISMPackage::LogInstallStateMapping
2026-09-14 17:42:55, Info                  DISM   DISM Package Manager: PID=1452 TID=300 Package Microsoft-Windows-EnterpriseClientSync-Host-FOD-Package~31bf3856ad364e35~wow64~~10.0.26100.9445 with CBS state 7(CbsInstallStateInstalled) being mapped to dism state 5(DISM_INSTALL_STATE_INSTALLED) - CDISMPackage::LogInstallStateMapping
2026-09-14 17:42:55, Info                  DISM   DISM Package Manager: PID=1452 TID=300 Package Microsoft-Windows-Ethernet-Client-Intel-E1i68x64-FOD-Package~31bf3856ad364e35~amd64~~10.0.26100.1742 with CBS state 4(CbsInstallStateStaged) being mapped to dism state 3(DISM_INSTALL_STATE_STAGED) - CDISMPackage::LogInstallStateMapping
2026-09-14 17:42:55, Info                  DISM   DISM Package Manager: PID=1452 TID=300 Package Microsoft-Windows-Ethernet-Client-Intel-E1i68x64-FOD-Package~31bf3856ad364e35~amd64~~10.0.26100.8894 with CBS state -17(CbsInstallStateSuperseded) being mapped to dism state 7(DISM_INSTALL_STATE_SUPERSEDED) - CDISMPackage::LogInstallStateMapping
2026-09-14 17:42:55, Info                  DISM   DISM Package Manager: PID=1452 TID=300 Package Microsoft-Windows-Ethernet-Client-Intel-E1i68x64-FOD-Package~31bf3856ad364e35~amd64~~10.0.26100.9168 with CBS state -17(CbsInstallStateSuperseded) being mapped to dism state 7(DISM_INSTALL_STATE_SUPERSEDED) - CDISMPackage::LogInstallStateMapping
2026-09-14 17:42:55, Info                  DISM   DISM Package Manager: PID=1452 TID=300 Package Microsoft-Windows-Ethernet-Client-Intel-E1i68x64-FOD-Package~31bf3856ad364e35~amd64~~10.0.26100.9444 with CBS state 7(CbsInstallStateInstalled) being mapped to dism state 5(DISM_INSTALL_STATE_INSTALLED) - CDISMPackage::LogInstallStateMapping
2026-09-14 17:42:55, Info                  DISM   DISM Package Manager: PID=1452 TID=300 Package Microsoft-Windows-Ethernet-Client-Intel-E2f68-FOD-Package~31bf3856ad364e35~amd64~~10.0.26100.1742 with CBS state 4(CbsInstallStateStaged) being mapped to dism state 3(DISM_INSTALL_STATE_STAGED) - CDISMPackage::LogInstallStateMapping
2026-09-14 17:42:55, Info                  DISM   DISM Package Manager: PID=1452 TID=300 Package Microsoft-Windows-Ethernet-Client-Intel-E2f68-FOD-Package~31bf3856ad364e35~amd64~~10.0.26100.8894 with CBS state -17(CbsInstallStateSuperseded) being mapped to dism state 7(DISM_INSTALL_STATE_SUPERSEDED) - CDISMPackage::LogInstallStateMapping
2026-09-14 17:42:55, Info                  DISM   DISM Package Manager: PID=1452 TID=300 Package Microsoft-Windows-Ethernet-Client-Intel-E2f68-FOD-Package~31bf3856ad364e35~amd64~~10.0.26100.9168 with CBS state -17(CbsInstallStateSuperseded) being mapped to dism state 7(DISM_INSTALL_STATE_SUPERSEDED) - CDISMPackage::LogInstallStateMapping
2026-09-14 17:42:55, Info                  DISM   DISM Package Manager: PID=1452 TID=300 Package Microsoft-Windows-Ethernet-Client-Intel-E2f68-FOD-Package~31bf3856ad364e35~amd64~~10.0.26100.9444 with CBS state 7(CbsInstallStateInstalled) being mapped to dism state 5(DISM_INSTALL_STATE_INSTALLED) - CDISMPackage::LogInstallStateMapping
2026-09-14 17:42:55, Info                  DISM   DISM Package Manager: PID=1452 TID=300 Package Microsoft-Windows-Ethernet-Client-Realtek-Rtcx21x64-FOD-Package~31bf3856ad364e35~amd64~~10.0.26100.1742 with CBS state 4(CbsInstallStateStaged) being mapped to dism state 3(DISM_INSTALL_STATE_STAGED) - CDISMPackage::LogInstallStateMapping
2026-09-14 17:42:55, Info                  DISM   DISM Package Manager: PID=1452 TID=300 Package Microsoft-Windows-Ethernet-Client-Realtek-Rtcx21x64-FOD-Package~31bf3856ad364e35~amd64~~10.0.26100.8894 with CBS state -17(CbsInstallStateSuperseded) being mapped to dism state 7(DISM_INSTALL_STATE_SUPERSEDED) - CDISMPackage::LogInstallStateMapping
2026-09-14 17:42:55, Info                  DISM   DISM Package Manager: PID=1452 TID=300 Package Microsoft-Windows-Ethernet-Client-Realtek-Rtcx21x64-FOD-Package~31bf3856ad364e35~amd64~~10.0.26100.9168 with CBS state -17(CbsInstallStateSuperseded) being mapped to dism state 7(DISM_INSTALL_STATE_SUPERSEDED) - CDISMPackage::LogInstallStateMapping
2026-09-14 17:42:55, Info                  DISM   DISM Package Manager: PID=1452 TID=300 Package Microsoft-Windows-Ethernet-Client-Realtek-Rtcx21x64-FOD-Package~31bf3856ad364e35~amd64~~10.0.26100.9444 with CBS state 7(CbsInstallStateInstalled) being mapped to dism state 5(DISM_INSTALL_STATE_INSTALLED) - CDISMPackage::LogInstallStateMapping
2026-09-14 17:42:55, Info                  DISM   DISM Package Manager: PID=1452 TID=300 Package Microsoft-Windows-Ethernet-Client-Vmware-Vmxnet3-FOD-Package~31bf3856ad364e35~amd64~~10.0.26100.1742 with CBS state 4(CbsInstallStateStaged) being mapped to dism state 3(DISM_INSTALL_STATE_STAGED) - CDISMPackage::LogInstallStateMapping
2026-09-14 17:42:55, Info                  DISM   DISM Package Manager: PID=1452 TID=300 Package Microsoft-Windows-Ethernet-Client-Vmware-Vmxnet3-FOD-Package~31bf3856ad364e35~amd64~~10.0.26100.8894 with CBS state -17(CbsInstallStateSuperseded) being mapped to dism state 7(DISM_INSTALL_STATE_SUPERSEDED) - CDISMPackage::LogInstallStateMapping
2026-09-14 17:42:55, Info                  DISM   DISM Package Manager: PID=1452 TID=300 Package Microsoft-Windows-Ethernet-Client-Vmware-Vmxnet3-FOD-Package~31bf3856ad364e35~amd64~~10.0.26100.9168 with CBS state -17(CbsInstallStateSuperseded) being mapped to dism state 7(DISM_INSTALL_STATE_SUPERSEDED) - CDISMPackage::LogInstallStateMapping
2026-09-14 17:42:55, Info                  DISM   DISM Package Manager: PID=1452 TID=300 Package Microsoft-Windows-Ethernet-Client-Vmware-Vmxnet3-FOD-Package~31bf3856ad364e35~amd64~~10.0.26100.9444 with CBS state 7(CbsInstallStateInstalled) being mapped to dism state 5(DISM_INSTALL_STATE_INSTALLED) - CDISMPackage::LogInstallStateMapping
2026-09-14 17:42:55, Info                  DISM   DISM Package Manager: PID=1452 TID=300 Package Microsoft-Windows-FodMetadata-Package~31bf3856ad364e35~amd64~~10.0.26100.1 with CBS state 7(CbsInstallStateInstalled) being mapped to dism state 5(DISM_INSTALL_STATE_INSTALLED) - CDISMPackage::LogInstallStateMapping
2026-09-14 17:42:55, Info                  DISM   DISM Package Manager: PID=1452 TID=300 Package Microsoft-Windows-FodMetadataServicing-Desktop-CompDB-Package~31bf3856ad364e35~amd64~~10.0.26100.1 with CBS state 7(CbsInstallStateInstalled) being mapped to dism state 5(DISM_INSTALL_STATE_INSTALLED) - CDISMPackage::LogInstallStateMapping
2026-09-14 17:42:55, Info                  DISM   DISM Package Manager: PID=1452 TID=300 Package Microsoft-Windows-FodMetadataServicing-Desktop-Metadata-Package~31bf3856ad364e35~amd64~~10.0.26100.1742 with CBS state -17(CbsInstallStateSuperseded) being mapped to dism state 7(DISM_INSTALL_STATE_SUPERSEDED) - CDISMPackage::LogInstallStateMapping
2026-09-14 17:42:55, Info                  DISM   DISM Package Manager: PID=1452 TID=300 Package Microsoft-Windows-FodMetadataServicing-Desktop-Metadata-Package~31bf3856ad364e35~amd64~~10.0.26100.8894 with CBS state -17(CbsInstallStateSuperseded) being mapped to dism state 7(DISM_INSTALL_STATE_SUPERSEDED) - CDISMPackage::LogInstallStateMapping
2026-09-14 17:42:55, Info                  DISM   DISM Package Manager: PID=1452 TID=300 Package Microsoft-Windows-FodMetadataServicing-Desktop-Metadata-Package~31bf3856ad364e35~amd64~~10.0.26100.9168 with CBS state -17(CbsInstallStateSuperseded) being mapped to dism state 7(DISM_INSTALL_STATE_SUPERSEDED) - CDISMPackage::LogInstallStateMapping
2026-09-14 17:42:55, Info                  DISM   DISM Package Manager: PID=1452 TID=300 Package Microsoft-Windows-FodMetadataServicing-Desktop-Metadata-Package~31bf3856ad364e35~amd64~~10.0.26100.9444 with CBS state 7(CbsInstallStateInstalled) being mapped to dism state 5(DISM_INSTALL_STATE_INSTALLED) - CDISMPackage::LogInstallStateMapping
2026-09-14 17:42:55, Info                  DISM   DISM Package Manager: PID=1452 TID=300 Package Microsoft-Windows-Foundation-Package~31bf3856ad364e35~amd64~~10.0.26100.1 with CBS state 7(CbsInstallStateInstalled) being mapped to dism state 5(DISM_INSTALL_STATE_INSTALLED) - CDISMPackage::LogInstallStateMapping
2026-09-14 17:42:55, Info                  DISM   DISM Package Manager: PID=1452 TID=300 Package Microsoft-Windows-Hello-Face-Package-Wrapper~31bf3856ad364e35~amd64~~10.0.26100.1742 with CBS state 4(CbsInstallStateStaged) being mapped to dism state 3(DISM_INSTALL_STATE_STAGED) - CDISMPackage::LogInstallStateMapping
2026-09-14 17:42:55, Info                  DISM   DISM Package Manager: PID=1452 TID=300 Package Microsoft-Windows-InternetExplorer-Optional-Package~31bf3856ad364e35~amd64~en-US~11.0.26100.1742 with CBS state 4(CbsInstallStateStaged) being mapped to dism state 3(DISM_INSTALL_STATE_STAGED) - CDISMPackage::LogInstallStateMapping
2026-09-14 17:42:55, Info                  DISM   DISM Package Manager: PID=1452 TID=300 Package Microsoft-Windows-InternetExplorer-Optional-Package~31bf3856ad364e35~amd64~en-US~11.0.26100.8894 with CBS state -17(CbsInstallStateSuperseded) being mapped to dism state 7(DISM_INSTALL_STATE_SUPERSEDED) - CDISMPackage::LogInstallStateMapping
2026-09-14 17:42:55, Info                  DISM   DISM Package Manager: PID=1452 TID=300 Package Microsoft-Windows-InternetExplorer-Optional-Package~31bf3856ad364e35~amd64~en-US~11.0.26100.9168 with CBS state -17(CbsInstallStateSuperseded) being mapped to dism state 7(DISM_INSTALL_STATE_SUPERSEDED) - CDISMPackage::LogInstallStateMapping
2026-09-14 17:42:55, Info                  DISM   DISM Package Manager: PID=1452 TID=300 Package Microsoft-Windows-InternetExplorer-Optional-Package~31bf3856ad364e35~amd64~en-US~11.0.26100.9444 with CBS state 7(CbsInstallStateInstalled) being mapped to dism state 5(DISM_INSTALL_STATE_INSTALLED) - CDISMPackage::LogInstallStateMapping
2026-09-14 17:42:55, Info                  DISM   DISM Package Manager: PID=1452 TID=300 Package Microsoft-Windows-InternetExplorer-Optional-Package~31bf3856ad364e35~amd64~~11.0.26100.1742 with CBS state 4(CbsInstallStateStaged) being mapped to dism state 3(DISM_INSTALL_STATE_STAGED) - CDISMPackage::LogInstallStateMapping
2026-09-14 17:42:55, Info                  DISM   DISM Package Manager: PID=1452 TID=300 Package Microsoft-Windows-InternetExplorer-Optional-Package~31bf3856ad364e35~amd64~~11.0.26100.8894 with CBS state -17(CbsInstallStateSuperseded) being mapped to dism state 7(DISM_INSTALL_STATE_SUPERSEDED) - CDISMPackage::LogInstallStateMapping
2026-09-14 17:42:55, Info                  DISM   DISM Package Manager: PID=1452 TID=300 Package Microsoft-Windows-InternetExplorer-Optional-Package~31bf3856ad364e35~amd64~~11.0.26100.9168 with CBS state -17(CbsInstallStateSuperseded) being mapped to dism state 7(DISM_INSTALL_STATE_SUPERSEDED) - CDISMPackage::LogInstallStateMapping
2026-09-14 17:42:55, Info                  DISM   DISM Package Manager: PID=1452 TID=300 Package Microsoft-Windows-InternetExplorer-Optional-Package~31bf3856ad364e35~amd64~~11.0.26100.9444 with CBS state 7(CbsInstallStateInstalled) being mapped to dism state 5(DISM_INSTALL_STATE_INSTALLED) - CDISMPackage::LogInstallStateMapping
2026-09-14 17:42:55, Info                  DISM   DISM Package Manager: PID=1452 TID=300 Package Microsoft-Windows-LanguageFeatures-Basic-en-us-Package~31bf3856ad364e35~amd64~~10.0.26100.1742 with CBS state 4(CbsInstallStateStaged) being mapped to dism state 3(DISM_INSTALL_STATE_STAGED) - CDISMPackage::LogInstallStateMapping
2026-09-14 17:42:55, Info                  DISM   DISM Package Manager: PID=1452 TID=300 Package Microsoft-Windows-LanguageFeatures-Basic-en-us-Package~31bf3856ad364e35~amd64~~10.0.26100.8894 with CBS state -17(CbsInstallStateSuperseded) being mapped to dism state 7(DISM_INSTALL_STATE_SUPERSEDED) - CDISMPackage::LogInstallStateMapping
2026-09-14 17:42:55, Info                  DISM   DISM Package Manager: PID=1452 TID=300 Package Microsoft-Windows-LanguageFeatures-Basic-en-us-Package~31bf3856ad364e35~amd64~~10.0.26100.9168 with CBS state -17(CbsInstallStateSuperseded) being mapped to dism state 7(DISM_INSTALL_STATE_SUPERSEDED) - CDISMPackage::LogInstallStateMapping
2026-09-14 17:42:55, Info                  DISM   DISM Package Manager: PID=1452 TID=300 Package Microsoft-Windows-LanguageFeatures-Basic-en-us-Package~31bf3856ad364e35~amd64~~10.0.26100.9444 with CBS state 7(CbsInstallStateInstalled) being mapped to dism state 5(DISM_INSTALL_STATE_INSTALLED) - CDISMPackage::LogInstallStateMapping
2026-09-14 17:42:55, Info                  DISM   DISM Package Manager: PID=1452 TID=300 Package Microsoft-Windows-LanguageFeatures-Basic-ur-pk-Package~31bf3856ad364e35~amd64~~10.0.26100.1742 with CBS state 4(CbsInstallStateStaged) being mapped to dism state 3(DISM_INSTALL_STATE_STAGED) - CDISMPackage::LogInstallStateMapping
2026-09-14 17:42:55, Info                  DISM   DISM Package Manager: PID=1452 TID=300 Package Microsoft-Windows-LanguageFeatures-Basic-ur-pk-Package~31bf3856ad364e35~amd64~~10.0.26100.8894 with CBS state -17(CbsInstallStateSuperseded) being mapped to dism state 7(DISM_INSTALL_STATE_SUPERSEDED) - CDISMPackage::LogInstallStateMapping
2026-09-14 17:42:55, Info                  DISM   DISM Package Manager: PID=1452 TID=300 Package Microsoft-Windows-LanguageFeatures-Basic-ur-pk-Package~31bf3856ad364e35~amd64~~10.0.26100.9168 with CBS state -17(CbsInstallStateSuperseded) being mapped to dism state 7(DISM_INSTALL_STATE_SUPERSEDED) - CDISMPackage::LogInstallStateMapping
2026-09-14 17:42:55, Info                  DISM   DISM Package Manager: PID=1452 TID=300 Package Microsoft-Windows-LanguageFeatures-Basic-ur-pk-Package~31bf3856ad364e35~amd64~~10.0.26100.9444 with CBS state 7(CbsInstallStateInstalled) being mapped to dism state 5(DISM_INSTALL_STATE_INSTALLED) - CDISMPackage::LogInstallStateMapping
2026-09-14 17:42:55, Info                  DISM   DISM Package Manager: PID=1452 TID=300 Package Microsoft-Windows-LanguageFeatures-Fonts-Arab-Package~31bf3856ad364e35~amd64~~10.0.26100.1742 with CBS state 4(CbsInstallStateStaged) being mapped to dism state 3(DISM_INSTALL_STATE_STAGED) - CDISMPackage::LogInstallStateMapping
2026-09-14 17:42:55, Info                  DISM   DISM Package Manager: PID=1452 TID=300 Package Microsoft-Windows-LanguageFeatures-Fonts-Arab-Package~31bf3856ad364e35~amd64~~10.0.26100.8894 with CBS state -17(CbsInstallStateSuperseded) being mapped to dism state 7(DISM_INSTALL_STATE_SUPERSEDED) - CDISMPackage::LogInstallStateMapping
2026-09-14 17:42:55, Info                  DISM   DISM Package Manager: PID=1452 TID=300 Package Microsoft-Windows-LanguageFeatures-Fonts-Arab-Package~31bf3856ad364e35~amd64~~10.0.26100.9168 with CBS state -17(CbsInstallStateSuperseded) being mapped to dism state 7(DISM_INSTALL_STATE_SUPERSEDED) - CDISMPackage::LogInstallStateMapping
2026-09-14 17:42:55, Info                  DISM   DISM Package Manager: PID=1452 TID=300 Package Microsoft-Windows-LanguageFeatures-Fonts-Arab-Package~31bf3856ad364e35~amd64~~10.0.26100.9444 with CBS state 7(CbsInstallStateInstalled) being mapped to dism state 5(DISM_INSTALL_STATE_INSTALLED) - CDISMPackage::LogInstallStateMapping
2026-09-14 17:42:55, Info                  DISM   DISM Package Manager: PID=1452 TID=300 Package Microsoft-Windows-LanguageFeatures-Handwriting-en-us-Package~31bf3856ad364e35~amd64~~10.0.26100.1742 with CBS state 4(CbsInstallStateStaged) being mapped to dism state 3(DISM_INSTALL_STATE_STAGED) - CDISMPackage::LogInstallStateMapping
2026-09-14 17:42:55, Info                  DISM   DISM Package Manager: PID=1452 TID=300 Package Microsoft-Windows-LanguageFeatures-Handwriting-en-us-Package~31bf3856ad364e35~amd64~~10.0.26100.8894 with CBS state -17(CbsInstallStateSuperseded) being mapped to dism state 7(DISM_INSTALL_STATE_SUPERSEDED) - CDISMPackage::LogInstallStateMapping
2026-09-14 17:42:55, Info                  DISM   DISM Package Manager: PID=1452 TID=300 Package Microsoft-Windows-LanguageFeatures-Handwriting-en-us-Package~31bf3856ad364e35~amd64~~10.0.26100.9168 with CBS state -17(CbsInstallStateSuperseded) being mapped to dism state 7(DISM_INSTALL_STATE_SUPERSEDED) - CDISMPackage::LogInstallStateMapping
2026-09-14 17:42:55, Info                  DISM   DISM Package Manager: PID=1452 TID=300 Package Microsoft-Windows-LanguageFeatures-Handwriting-en-us-Package~31bf3856ad364e35~amd64~~10.0.26100.9444 with CBS state 7(CbsInstallStateInstalled) being mapped to dism state 5(DISM_INSTALL_STATE_INSTALLED) - CDISMPackage::LogInstallStateMapping
2026-09-14 17:42:55, Info                  DISM   DISM Package Manager: PID=1452 TID=300 Package Microsoft-Windows-LanguageFeatures-OCR-en-us-Package~31bf3856ad364e35~amd64~~10.0.26100.1742 with CBS state 4(CbsInstallStateStaged) being mapped to dism state 3(DISM_INSTALL_STATE_STAGED) - CDISMPackage::LogInstallStateMapping
2026-09-14 17:42:55, Info                  DISM   DISM Package Manager: PID=1452 TID=300 Package Microsoft-Windows-LanguageFeatures-OCR-en-us-Package~31bf3856ad364e35~amd64~~10.0.26100.8894 with CBS state -17(CbsInstallStateSuperseded) being mapped to dism state 7(DISM_INSTALL_STATE_SUPERSEDED) - CDISMPackage::LogInstallStateMapping
2026-09-14 17:42:55, Info                  DISM   DISM Package Manager: PID=1452 TID=300 Package Microsoft-Windows-LanguageFeatures-OCR-en-us-Package~31bf3856ad364e35~amd64~~10.0.26100.9168 with CBS state -17(CbsInstallStateSuperseded) being mapped to dism state 7(DISM_INSTALL_STATE_SUPERSEDED) - CDISMPackage::LogInstallStateMapping
2026-09-14 17:42:55, Info                  DISM   DISM Package Manager: PID=1452 TID=300 Package Microsoft-Windows-LanguageFeatures-OCR-en-us-Package~31bf3856ad364e35~amd64~~10.0.26100.9444 with CBS state 7(CbsInstallStateInstalled) being mapped to dism state 5(DISM_INSTALL_STATE_INSTALLED) - CDISMPackage::LogInstallStateMapping
2026-09-14 17:42:55, Info                  DISM   DISM Package Manager: PID=1452 TID=300 Package Microsoft-Windows-LanguageFeatures-Speech-en-us-Package~31bf3856ad364e35~amd64~~10.0.26100.1742 with CBS state 4(CbsInstallStateStaged) being mapped to dism state 3(DISM_INSTALL_STATE_STAGED) - CDISMPackage::LogInstallStateMapping
2026-09-14 17:42:55, Info                  DISM   DISM Package Manager: PID=1452 TID=300 Package Microsoft-Windows-LanguageFeatures-Speech-en-us-Package~31bf3856ad364e35~amd64~~10.0.26100.8894 with CBS state -17(CbsInstallStateSuperseded) being mapped to dism state 7(DISM_INSTALL_STATE_SUPERSEDED) - CDISMPackage::LogInstallStateMapping
2026-09-14 17:42:55, Info                  DISM   DISM Package Manager: PID=1452 TID=300 Package Microsoft-Windows-LanguageFeatures-Speech-en-us-Package~31bf3856ad364e35~amd64~~10.0.26100.9168 with CBS state -17(CbsInstallStateSuperseded) being mapped to dism state 7(DISM_INSTALL_STATE_SUPERSEDED) - CDISMPackage::LogInstallStateMapping
2026-09-14 17:42:55, Info                  DISM   DISM Package Manager: PID=1452 TID=300 Package Microsoft-Windows-LanguageFeatures-Speech-en-us-Package~31bf3856ad364e35~amd64~~10.0.26100.9444 with CBS state 7(CbsInstallStateInstalled) being mapped to dism state 5(DISM_INSTALL_STATE_INSTALLED) - CDISMPackage::LogInstallStateMapping
2026-09-14 17:42:55, Info                  DISM   DISM Package Manager: PID=1452 TID=300 Package Microsoft-Windows-LanguageFeatures-TextToSpeech-en-us-Package~31bf3856ad364e35~amd64~~10.0.26100.1742 with CBS state 4(CbsInstallStateStaged) being mapped to dism state 3(DISM_INSTALL_STATE_STAGED) - CDISMPackage::LogInstallStateMapping
2026-09-14 17:42:55, Info                  DISM   DISM Package Manager: PID=1452 TID=300 Package Microsoft-Windows-LanguageFeatures-TextToSpeech-en-us-Package~31bf3856ad364e35~amd64~~10.0.26100.8894 with CBS state -17(CbsInstallStateSuperseded) being mapped to dism state 7(DISM_INSTALL_STATE_SUPERSEDED) - CDISMPackage::LogInstallStateMapping
2026-09-14 17:42:55, Info                  DISM   DISM Package Manager: PID=1452 TID=300 Package Microsoft-Windows-LanguageFeatures-TextToSpeech-en-us-Package~31bf3856ad364e35~amd64~~10.0.26100.9168 with CBS state -17(CbsInstallStateSuperseded) being mapped to dism state 7(DISM_INSTALL_STATE_SUPERSEDED) - CDISMPackage::LogInstallStateMapping
2026-09-14 17:42:55, Info                  DISM   DISM Package Manager: PID=1452 TID=300 Package Microsoft-Windows-LanguageFeatures-TextToSpeech-en-us-Package~31bf3856ad364e35~amd64~~10.0.26100.9444 with CBS state 7(CbsInstallStateInstalled) being mapped to dism state 5(DISM_INSTALL_STATE_INSTALLED) - CDISMPackage::LogInstallStateMapping
2026-09-14 17:42:55, Info                  DISM   DISM Package Manager: PID=1452 TID=300 Package Microsoft-Windows-Licenses-Professional-Package~31bf3856ad364e35~amd64~en-US~10.0.26100.1742 with CBS state 4(CbsInstallStateStaged) being mapped to dism state 3(DISM_INSTALL_STATE_STAGED) - CDISMPackage::LogInstallStateMapping
2026-09-14 17:42:55, Info                  DISM   DISM Package Manager: PID=1452 TID=300 Package Microsoft-Windows-Licenses-Professional-Package~31bf3856ad364e35~amd64~en-US~10.0.26100.8117 with CBS state 7(CbsInstallStateInstalled) being mapped to dism state 5(DISM_INSTALL_STATE_INSTALLED) - CDISMPackage::LogInstallStateMapping
2026-09-14 17:42:55, Info                  DISM   DISM Package Manager: PID=1452 TID=300 Package Microsoft-Windows-Licenses-Professional-Package~31bf3856ad364e35~amd64~~10.0.26100.1742 with CBS state 4(CbsInstallStateStaged) being mapped to dism state 3(DISM_INSTALL_STATE_STAGED) - CDISMPackage::LogInstallStateMapping
2026-09-14 17:42:55, Info                  DISM   DISM Package Manager: PID=1452 TID=300 Package Microsoft-Windows-Licenses-Professional-Package~31bf3856ad364e35~amd64~~10.0.26100.8037 with CBS state 7(CbsInstallStateInstalled) being mapped to dism state 5(DISM_INSTALL_STATE_INSTALLED) - CDISMPackage::LogInstallStateMapping
2026-09-14 17:42:55, Info                  DISM   DISM Package Manager: PID=1452 TID=300 Package Microsoft-Windows-MediaPlayer-Package~31bf3856ad364e35~amd64~en-US~10.0.26100.1742 with CBS state 4(CbsInstallStateStaged) being mapped to dism state 3(DISM_INSTALL_STATE_STAGED) - CDISMPackage::LogInstallStateMapping
2026-09-14 17:42:55, Info                  DISM   DISM Package Manager: PID=1452 TID=300 Package Microsoft-Windows-MediaPlayer-Package~31bf3856ad364e35~amd64~en-US~10.0.26100.8894 with CBS state -17(CbsInstallStateSuperseded) being mapped to dism state 7(DISM_INSTALL_STATE_SUPERSEDED) - CDISMPackage::LogInstallStateMapping
2026-09-14 17:42:55, Info                  DISM   DISM Package Manager: PID=1452 TID=300 Package Microsoft-Windows-MediaPlayer-Package~31bf3856ad364e35~amd64~en-US~10.0.26100.9168 with CBS state -17(CbsInstallStateSuperseded) being mapped to dism state 7(DISM_INSTALL_STATE_SUPERSEDED) - CDISMPackage::LogInstallStateMapping
2026-09-14 17:42:55, Info                  DISM   DISM Package Manager: PID=1452 TID=300 Package Microsoft-Windows-MediaPlayer-Package~31bf3856ad364e35~amd64~en-US~10.0.26100.9444 with CBS state 7(CbsInstallStateInstalled) being mapped to dism state 5(DISM_INSTALL_STATE_INSTALLED) - CDISMPackage::LogInstallStateMapping
2026-09-14 17:42:55, Info                  DISM   DISM Package Manager: PID=1452 TID=300 Package Microsoft-Windows-MediaPlayer-Package~31bf3856ad364e35~amd64~~10.0.26100.1742 with CBS state 4(CbsInstallStateStaged) being mapped to dism state 3(DISM_INSTALL_STATE_STAGED) - CDISMPackage::LogInstallStateMapping
2026-09-14 17:42:55, Info                  DISM   DISM Package Manager: PID=1452 TID=300 Package Microsoft-Windows-MediaPlayer-Package~31bf3856ad364e35~amd64~~10.0.26100.8894 with CBS state -17(CbsInstallStateSuperseded) being mapped to dism state 7(DISM_INSTALL_STATE_SUPERSEDED) - CDISMPackage::LogInstallStateMapping
2026-09-14 17:42:55, Info                  DISM   DISM Package Manager: PID=1452 TID=300 Package Microsoft-Windows-MediaPlayer-Package~31bf3856ad364e35~amd64~~10.0.26100.9168 with CBS state -17(CbsInstallStateSuperseded) being mapped to dism state 7(DISM_INSTALL_STATE_SUPERSEDED) - CDISMPackage::LogInstallStateMapping
2026-09-14 17:42:55, Info                  DISM   DISM Package Manager: PID=1452 TID=300 Package Microsoft-Windows-MediaPlayer-Package~31bf3856ad364e35~amd64~~10.0.26100.9444 with CBS state 7(CbsInstallStateInstalled) being mapped to dism state 5(DISM_INSTALL_STATE_INSTALLED) - CDISMPackage::LogInstallStateMapping
2026-09-14 17:42:55, Info                  DISM   DISM Package Manager: PID=1452 TID=300 Package Microsoft-Windows-MediaPlayer-Package~31bf3856ad364e35~wow64~en-US~10.0.26100.1 with CBS state 7(CbsInstallStateInstalled) being mapped to dism state 5(DISM_INSTALL_STATE_INSTALLED) - CDISMPackage::LogInstallStateMapping
2026-09-14 17:42:55, Info                  DISM   DISM Package Manager: PID=1452 TID=300 Package Microsoft-Windows-MediaPlayer-Package~31bf3856ad364e35~wow64~~10.0.26100.1742 with CBS state 4(CbsInstallStateStaged) being mapped to dism state 3(DISM_INSTALL_STATE_STAGED) - CDISMPackage::LogInstallStateMapping
2026-09-14 17:42:55, Info                  DISM   DISM Package Manager: PID=1452 TID=300 Package Microsoft-Windows-MediaPlayer-Package~31bf3856ad364e35~wow64~~10.0.26100.8894 with CBS state -17(CbsInstallStateSuperseded) being mapped to dism state 7(DISM_INSTALL_STATE_SUPERSEDED) - CDISMPackage::LogInstallStateMapping
2026-09-14 17:42:55, Info                  DISM   DISM Package Manager: PID=1452 TID=300 Package Microsoft-Windows-MediaPlayer-Package~31bf3856ad364e35~wow64~~10.0.26100.9168 with CBS state -17(CbsInstallStateSuperseded) being mapped to dism state 7(DISM_INSTALL_STATE_SUPERSEDED) - CDISMPackage::LogInstallStateMapping
2026-09-14 17:42:55, Info                  DISM   DISM Package Manager: PID=1452 TID=300 Package Microsoft-Windows-MediaPlayer-Package~31bf3856ad364e35~wow64~~10.0.26100.9444 with CBS state 7(CbsInstallStateInstalled) being mapped to dism state 5(DISM_INSTALL_STATE_INSTALLED) - CDISMPackage::LogInstallStateMapping
2026-09-14 17:42:55, Info                  DISM   DISM Package Manager: PID=1452 TID=300 Package Microsoft-Windows-NetFx3-OnDemand-Package~31bf3856ad364e35~amd64~~10.0.26100.1742 with CBS state 4(CbsInstallStateStaged) being mapped to dism state 3(DISM_INSTALL_STATE_STAGED) - CDISMPackage::LogInstallStateMapping
2026-09-14 17:42:55, Info                  DISM   DISM Package Manager: PID=1452 TID=300 Package Microsoft-Windows-NetFx3-OnDemand-Package~31bf3856ad364e35~amd64~~10.0.26100.8894 with CBS state -17(CbsInstallStateSuperseded) being mapped to dism state 7(DISM_INSTALL_STATE_SUPERSEDED) - CDISMPackage::LogInstallStateMapping
2026-09-14 17:42:55, Info                  DISM   DISM Package Manager: PID=1452 TID=300 Package Microsoft-Windows-NetFx3-OnDemand-Package~31bf3856ad364e35~amd64~~10.0.26100.9168 with CBS state -17(CbsInstallStateSuperseded) being mapped to dism state 7(DISM_INSTALL_STATE_SUPERSEDED) - CDISMPackage::LogInstallStateMapping
2026-09-14 17:42:55, Info                  DISM   DISM Package Manager: PID=1452 TID=300 Package Microsoft-Windows-NetFx3-OnDemand-Package~31bf3856ad364e35~amd64~~10.0.26100.9444 with CBS state 7(CbsInstallStateInstalled) being mapped to dism state 5(DISM_INSTALL_STATE_INSTALLED) - CDISMPackage::LogInstallStateMapping
2026-09-14 17:42:55, Info                  DISM   DISM Package Manager: PID=1452 TID=300 Package Microsoft-Windows-Notepad-System-FoD-Package~31bf3856ad364e35~amd64~en-US~10.0.26100.1742 with CBS state 4(CbsInstallStateStaged) being mapped to dism state 3(DISM_INSTALL_STATE_STAGED) - CDISMPackage::LogInstallStateMapping
2026-09-14 17:42:55, Info                  DISM   DISM Package Manager: PID=1452 TID=300 Package Microsoft-Windows-Notepad-System-FoD-Package~31bf3856ad364e35~amd64~en-US~10.0.26100.8894 with CBS state -17(CbsInstallStateSuperseded) being mapped to dism state 7(DISM_INSTALL_STATE_SUPERSEDED) - CDISMPackage::LogInstallStateMapping
2026-09-14 17:42:55, Info                  DISM   DISM Package Manager: PID=1452 TID=300 Package Microsoft-Windows-Notepad-System-FoD-Package~31bf3856ad364e35~amd64~en-US~10.0.26100.9168 with CBS state -17(CbsInstallStateSuperseded) being mapped to dism state 7(DISM_INSTALL_STATE_SUPERSEDED) - CDISMPackage::LogInstallStateMapping
2026-09-14 17:42:55, Info                  DISM   DISM Package Manager: PID=1452 TID=300 Package Microsoft-Windows-Notepad-System-FoD-Package~31bf3856ad364e35~amd64~en-US~10.0.26100.9444 with CBS state 7(CbsInstallStateInstalled) being mapped to dism state 5(DISM_INSTALL_STATE_INSTALLED) - CDISMPackage::LogInstallStateMapping
2026-09-14 17:42:55, Info                  DISM   DISM Package Manager: PID=1452 TID=300 Package Microsoft-Windows-Notepad-System-FoD-Package~31bf3856ad364e35~amd64~~10.0.26100.1742 with CBS state 4(CbsInstallStateStaged) being mapped to dism state 3(DISM_INSTALL_STATE_STAGED) - CDISMPackage::LogInstallStateMapping
2026-09-14 17:42:55, Info                  DISM   DISM Package Manager: PID=1452 TID=300 Package Microsoft-Windows-Notepad-System-FoD-Package~31bf3856ad364e35~amd64~~10.0.26100.8894 with CBS state -17(CbsInstallStateSuperseded) being mapped to dism state 7(DISM_INSTALL_STATE_SUPERSEDED) - CDISMPackage::LogInstallStateMapping
2026-09-14 17:42:55, Info                  DISM   DISM Package Manager: PID=1452 TID=300 Package Microsoft-Windows-Notepad-System-FoD-Package~31bf3856ad364e35~amd64~~10.0.26100.9168 with CBS state -17(CbsInstallStateSuperseded) being mapped to dism state 7(DISM_INSTALL_STATE_SUPERSEDED) - CDISMPackage::LogInstallStateMapping
2026-09-14 17:42:55, Info                  DISM   DISM Package Manager: PID=1452 TID=300 Package Microsoft-Windows-Notepad-System-FoD-Package~31bf3856ad364e35~amd64~~10.0.26100.9444 with CBS state 7(CbsInstallStateInstalled) being mapped to dism state 5(DISM_INSTALL_STATE_INSTALLED) - CDISMPackage::LogInstallStateMapping
2026-09-14 17:42:55, Info                  DISM   DISM Package Manager: PID=1452 TID=300 Package Microsoft-Windows-Notepad-System-FoD-Package~31bf3856ad364e35~wow64~en-US~10.0.26100.1 with CBS state 7(CbsInstallStateInstalled) being mapped to dism state 5(DISM_INSTALL_STATE_INSTALLED) - CDISMPackage::LogInstallStateMapping
2026-09-14 17:42:55, Info                  DISM   DISM Package Manager: PID=1452 TID=300 Package Microsoft-Windows-Notepad-System-FoD-Package~31bf3856ad364e35~wow64~~10.0.26100.1742 with CBS state 4(CbsInstallStateStaged) being mapped to dism state 3(DISM_INSTALL_STATE_STAGED) - CDISMPackage::LogInstallStateMapping
2026-09-14 17:42:55, Info                  DISM   DISM Package Manager: PID=1452 TID=300 Package Microsoft-Windows-Notepad-System-FoD-Package~31bf3856ad364e35~wow64~~10.0.26100.8894 with CBS state -17(CbsInstallStateSuperseded) being mapped to dism state 7(DISM_INSTALL_STATE_SUPERSEDED) - CDISMPackage::LogInstallStateMapping
2026-09-14 17:42:55, Info                  DISM   DISM Package Manager: PID=1452 TID=300 Package Microsoft-Windows-Notepad-System-FoD-Package~31bf3856ad364e35~wow64~~10.0.26100.9168 with CBS state -17(CbsInstallStateSuperseded) being mapped to dism state 7(DISM_INSTALL_STATE_SUPERSEDED) - CDISMPackage::LogInstallStateMapping
2026-09-14 17:42:55, Info                  DISM   DISM Package Manager: PID=1452 TID=300 Package Microsoft-Windows-Notepad-System-FoD-Package~31bf3856ad364e35~wow64~~10.0.26100.9444 with CBS state 7(CbsInstallStateInstalled) being mapped to dism state 5(DISM_INSTALL_STATE_INSTALLED) - CDISMPackage::LogInstallStateMapping
2026-09-14 17:42:55, Info                  DISM   DISM Package Manager: PID=1452 TID=300 Package Microsoft-Windows-PowerShell-ISE-FOD-Package~31bf3856ad364e35~amd64~en-US~10.0.26100.1742 with CBS state 4(CbsInstallStateStaged) being mapped to dism state 3(DISM_INSTALL_STATE_STAGED) - CDISMPackage::LogInstallStateMapping
2026-09-14 17:42:55, Info                  DISM   DISM Package Manager: PID=1452 TID=300 Package Microsoft-Windows-PowerShell-ISE-FOD-Package~31bf3856ad364e35~amd64~en-US~10.0.26100.8894 with CBS state -17(CbsInstallStateSuperseded) being mapped to dism state 7(DISM_INSTALL_STATE_SUPERSEDED) - CDISMPackage::LogInstallStateMapping
2026-09-14 17:42:55, Info                  DISM   DISM Package Manager: PID=1452 TID=300 Package Microsoft-Windows-PowerShell-ISE-FOD-Package~31bf3856ad364e35~amd64~en-US~10.0.26100.9168 with CBS state -17(CbsInstallStateSuperseded) being mapped to dism state 7(DISM_INSTALL_STATE_SUPERSEDED) - CDISMPackage::LogInstallStateMapping
2026-09-14 17:42:55, Info                  DISM   DISM Package Manager: PID=1452 TID=300 Package Microsoft-Windows-PowerShell-ISE-FOD-Package~31bf3856ad364e35~amd64~en-US~10.0.26100.9444 with CBS state 7(CbsInstallStateInstalled) being mapped to dism state 5(DISM_INSTALL_STATE_INSTALLED) - CDISMPackage::LogInstallStateMapping
2026-09-14 17:42:55, Info                  DISM   DISM Package Manager: PID=1452 TID=300 Package Microsoft-Windows-PowerShell-ISE-FOD-Package~31bf3856ad364e35~amd64~~10.0.26100.1742 with CBS state 4(CbsInstallStateStaged) being mapped to dism state 3(DISM_INSTALL_STATE_STAGED) - CDISMPackage::LogInstallStateMapping
2026-09-14 17:42:55, Info                  DISM   DISM Package Manager: PID=1452 TID=300 Package Microsoft-Windows-PowerShell-ISE-FOD-Package~31bf3856ad364e35~amd64~~10.0.26100.8894 with CBS state -17(CbsInstallStateSuperseded) being mapped to dism state 7(DISM_INSTALL_STATE_SUPERSEDED) - CDISMPackage::LogInstallStateMapping
2026-09-14 17:42:55, Info                  DISM   DISM Package Manager: PID=1452 TID=300 Package Microsoft-Windows-PowerShell-ISE-FOD-Package~31bf3856ad364e35~amd64~~10.0.26100.9168 with CBS state -17(CbsInstallStateSuperseded) being mapped to dism state 7(DISM_INSTALL_STATE_SUPERSEDED) - CDISMPackage::LogInstallStateMapping
2026-09-14 17:42:55, Info                  DISM   DISM Package Manager: PID=1452 TID=300 Package Microsoft-Windows-PowerShell-ISE-FOD-Package~31bf3856ad364e35~amd64~~10.0.26100.9444 with CBS state 7(CbsInstallStateInstalled) being mapped to dism state 5(DISM_INSTALL_STATE_INSTALLED) - CDISMPackage::LogInstallStateMapping
2026-09-14 17:42:55, Info                  DISM   DISM Package Manager: PID=1452 TID=300 Package Microsoft-Windows-PowerShell-ISE-FOD-Package~31bf3856ad364e35~wow64~en-US~10.0.26100.1 with CBS state 7(CbsInstallStateInstalled) being mapped to dism state 5(DISM_INSTALL_STATE_INSTALLED) - CDISMPackage::LogInstallStateMapping
2026-09-14 17:42:55, Info                  DISM   DISM Package Manager: PID=1452 TID=300 Package Microsoft-Windows-PowerShell-ISE-FOD-Package~31bf3856ad364e35~wow64~~10.0.26100.1742 with CBS state 4(CbsInstallStateStaged) being mapped to dism state 3(DISM_INSTALL_STATE_STAGED) - CDISMPackage::LogInstallStateMapping
2026-09-14 17:42:55, Info                  DISM   DISM Package Manager: PID=1452 TID=300 Package Microsoft-Windows-PowerShell-ISE-FOD-Package~31bf3856ad364e35~wow64~~10.0.26100.8894 with CBS state -17(CbsInstallStateSuperseded) being mapped to dism state 7(DISM_INSTALL_STATE_SUPERSEDED) - CDISMPackage::LogInstallStateMapping
2026-09-14 17:42:55, Info                  DISM   DISM Package Manager: PID=1452 TID=300 Package Microsoft-Windows-PowerShell-ISE-FOD-Package~31bf3856ad364e35~wow64~~10.0.26100.9168 with CBS state -17(CbsInstallStateSuperseded) being mapped to dism state 7(DISM_INSTALL_STATE_SUPERSEDED) - CDISMPackage::LogInstallStateMapping
2026-09-14 17:42:55, Info                  DISM   DISM Package Manager: PID=1452 TID=300 Package Microsoft-Windows-PowerShell-ISE-FOD-Package~31bf3856ad364e35~wow64~~10.0.26100.9444 with CBS state 7(CbsInstallStateInstalled) being mapped to dism state 5(DISM_INSTALL_STATE_INSTALLED) - CDISMPackage::LogInstallStateMapping
2026-09-14 17:42:55, Info                  DISM   DISM Package Manager: PID=1452 TID=300 Package Microsoft-Windows-Printing-PMCPPC-FoD-Package~31bf3856ad364e35~amd64~en-US~10.0.26100.1742 with CBS state 4(CbsInstallStateStaged) being mapped to dism state 3(DISM_INSTALL_STATE_STAGED) - CDISMPackage::LogInstallStateMapping
2026-09-14 17:42:55, Info                  DISM   DISM Package Manager: PID=1452 TID=300 Package Microsoft-Windows-Printing-PMCPPC-FoD-Package~31bf3856ad364e35~amd64~en-US~10.0.26100.8894 with CBS state -17(CbsInstallStateSuperseded) being mapped to dism state 7(DISM_INSTALL_STATE_SUPERSEDED) - CDISMPackage::LogInstallStateMapping
2026-09-14 17:42:55, Info                  DISM   DISM Package Manager: PID=1452 TID=300 Package Microsoft-Windows-Printing-PMCPPC-FoD-Package~31bf3856ad364e35~amd64~en-US~10.0.26100.9168 with CBS state -17(CbsInstallStateSuperseded) being mapped to dism state 7(DISM_INSTALL_STATE_SUPERSEDED) - CDISMPackage::LogInstallStateMapping
2026-09-14 17:42:55, Info                  DISM   DISM Package Manager: PID=1452 TID=300 Package Microsoft-Windows-Printing-PMCPPC-FoD-Package~31bf3856ad364e35~amd64~en-US~10.0.26100.9444 with CBS state 7(CbsInstallStateInstalled) being mapped to dism state 5(DISM_INSTALL_STATE_INSTALLED) - CDISMPackage::LogInstallStateMapping
2026-09-14 17:42:55, Info                  DISM   DISM Package Manager: PID=1452 TID=300 Package Microsoft-Windows-Printing-PMCPPC-FoD-Package~31bf3856ad364e35~amd64~~10.0.26100.1742 with CBS state 4(CbsInstallStateStaged) being mapped to dism state 3(DISM_INSTALL_STATE_STAGED) - CDISMPackage::LogInstallStateMapping
2026-09-14 17:42:55, Info                  DISM   DISM Package Manager: PID=1452 TID=300 Package Microsoft-Windows-Printing-PMCPPC-FoD-Package~31bf3856ad364e35~amd64~~10.0.26100.8894 with CBS state -17(CbsInstallStateSuperseded) being mapped to dism state 7(DISM_INSTALL_STATE_SUPERSEDED) - CDISMPackage::LogInstallStateMapping
2026-09-14 17:42:55, Info                  DISM   DISM Package Manager: PID=1452 TID=300 Package Microsoft-Windows-Printing-PMCPPC-FoD-Package~31bf3856ad364e35~amd64~~10.0.26100.9168 with CBS state -17(CbsInstallStateSuperseded) being mapped to dism state 7(DISM_INSTALL_STATE_SUPERSEDED) - CDISMPackage::LogInstallStateMapping
2026-09-14 17:42:55, Info                  DISM   DISM Package Manager: PID=1452 TID=300 Package Microsoft-Windows-Printing-PMCPPC-FoD-Package~31bf3856ad364e35~amd64~~10.0.26100.9444 with CBS state 7(CbsInstallStateInstalled) being mapped to dism state 5(DISM_INSTALL_STATE_INSTALLED) - CDISMPackage::LogInstallStateMapping
2026-09-14 17:42:55, Info                  DISM   DISM Package Manager: PID=1452 TID=300 Package Microsoft-Windows-ProjFS-OptionalFeature-FOD-Package~31bf3856ad364e35~amd64~en-US~10.0.26100.1742 with CBS state 4(CbsInstallStateStaged) being mapped to dism state 3(DISM_INSTALL_STATE_STAGED) - CDISMPackage::LogInstallStateMapping
2026-09-14 17:42:55, Info                  DISM   DISM Package Manager: PID=1452 TID=300 Package Microsoft-Windows-ProjFS-OptionalFeature-FOD-Package~31bf3856ad364e35~amd64~en-US~10.0.26100.8894 with CBS state -17(CbsInstallStateSuperseded) being mapped to dism state 7(DISM_INSTALL_STATE_SUPERSEDED) - CDISMPackage::LogInstallStateMapping
2026-09-14 17:42:55, Info                  DISM   DISM Package Manager: PID=1452 TID=300 Package Microsoft-Windows-ProjFS-OptionalFeature-FOD-Package~31bf3856ad364e35~amd64~en-US~10.0.26100.9168 with CBS state -17(CbsInstallStateSuperseded) being mapped to dism state 7(DISM_INSTALL_STATE_SUPERSEDED) - CDISMPackage::LogInstallStateMapping
2026-09-14 17:42:55, Info                  DISM   DISM Package Manager: PID=1452 TID=300 Package Microsoft-Windows-ProjFS-OptionalFeature-FOD-Package~31bf3856ad364e35~amd64~en-US~10.0.26100.9444 with CBS state 7(CbsInstallStateInstalled) being mapped to dism state 5(DISM_INSTALL_STATE_INSTALLED) - CDISMPackage::LogInstallStateMapping
2026-09-14 17:42:55, Info                  DISM   DISM Package Manager: PID=1452 TID=300 Package Microsoft-Windows-ProjFS-OptionalFeature-FOD-Package~31bf3856ad364e35~amd64~~10.0.26100.1742 with CBS state 4(CbsInstallStateStaged) being mapped to dism state 3(DISM_INSTALL_STATE_STAGED) - CDISMPackage::LogInstallStateMapping
2026-09-14 17:42:55, Info                  DISM   DISM Package Manager: PID=1452 TID=300 Package Microsoft-Windows-ProjFS-OptionalFeature-FOD-Package~31bf3856ad364e35~amd64~~10.0.26100.8894 with CBS state -17(CbsInstallStateSuperseded) being mapped to dism state 7(DISM_INSTALL_STATE_SUPERSEDED) - CDISMPackage::LogInstallStateMapping
2026-09-14 17:42:55, Info                  DISM   DISM Package Manager: PID=1452 TID=300 Package Microsoft-Windows-ProjFS-OptionalFeature-FOD-Package~31bf3856ad364e35~amd64~~10.0.26100.9168 with CBS state -17(CbsInstallStateSuperseded) being mapped to dism state 7(DISM_INSTALL_STATE_SUPERSEDED) - CDISMPackage::LogInstallStateMapping
2026-09-14 17:42:55, Info                  DISM   DISM Package Manager: PID=1452 TID=300 Package Microsoft-Windows-ProjFS-OptionalFeature-FOD-Package~31bf3856ad364e35~amd64~~10.0.26100.9444 with CBS state 7(CbsInstallStateInstalled) being mapped to dism state 5(DISM_INSTALL_STATE_INSTALLED) - CDISMPackage::LogInstallStateMapping
2026-09-14 17:42:55, Info                  DISM   DISM Package Manager: PID=1452 TID=300 Package Microsoft-Windows-SenseClient-FoD-Package~31bf3856ad364e35~amd64~en-US~10.0.26100.1 with CBS state 4(CbsInstallStateStaged) being mapped to dism state 3(DISM_INSTALL_STATE_STAGED) - CDISMPackage::LogInstallStateMapping
2026-09-14 17:42:55, Info                  DISM   DISM Package Manager: PID=1452 TID=300 Package Microsoft-Windows-SenseClient-FoD-Package~31bf3856ad364e35~amd64~en-US~10.0.26100.8894 with CBS state -17(CbsInstallStateSuperseded) being mapped to dism state 7(DISM_INSTALL_STATE_SUPERSEDED) - CDISMPackage::LogInstallStateMapping
2026-09-14 17:42:55, Info                  DISM   DISM Package Manager: PID=1452 TID=300 Package Microsoft-Windows-SenseClient-FoD-Package~31bf3856ad364e35~amd64~en-US~10.0.26100.9168 with CBS state -17(CbsInstallStateSuperseded) being mapped to dism state 7(DISM_INSTALL_STATE_SUPERSEDED) - CDISMPackage::LogInstallStateMapping
2026-09-14 17:42:55, Info                  DISM   DISM Package Manager: PID=1452 TID=300 Package Microsoft-Windows-SenseClient-FoD-Package~31bf3856ad364e35~amd64~en-US~10.0.26100.9444 with CBS state 7(CbsInstallStateInstalled) being mapped to dism state 5(DISM_INSTALL_STATE_INSTALLED) - CDISMPackage::LogInstallStateMapping
2026-09-14 17:42:55, Info                  DISM   DISM Package Manager: PID=1452 TID=300 Package Microsoft-Windows-SenseClient-FoD-Package~31bf3856ad364e35~amd64~~10.0.26100.1 with CBS state 4(CbsInstallStateStaged) being mapped to dism state 3(DISM_INSTALL_STATE_STAGED) - CDISMPackage::LogInstallStateMapping
2026-09-14 17:42:55, Info                  DISM   DISM Package Manager: PID=1452 TID=300 Package Microsoft-Windows-SenseClient-FoD-Package~31bf3856ad364e35~amd64~~10.0.26100.8894 with CBS state -17(CbsInstallStateSuperseded) being mapped to dism state 7(DISM_INSTALL_STATE_SUPERSEDED) - CDISMPackage::LogInstallStateMapping
2026-09-14 17:42:55, Info                  DISM   DISM Package Manager: PID=1452 TID=300 Package Microsoft-Windows-SenseClient-FoD-Package~31bf3856ad364e35~amd64~~10.0.26100.9168 with CBS state -17(CbsInstallStateSuperseded) being mapped to dism state 7(DISM_INSTALL_STATE_SUPERSEDED) - CDISMPackage::LogInstallStateMapping
2026-09-14 17:42:55, Info                  DISM   DISM Package Manager: PID=1452 TID=300 Package Microsoft-Windows-SenseClient-FoD-Package~31bf3856ad364e35~amd64~~10.0.26100.9444 with CBS state 7(CbsInstallStateInstalled) being mapped to dism state 5(DISM_INSTALL_STATE_INSTALLED) - CDISMPackage::LogInstallStateMapping
2026-09-14 17:42:55, Info                  DISM   DISM Package Manager: PID=1452 TID=300 Package Microsoft-Windows-SimpleTCP-FOD-Package~31bf3856ad364e35~amd64~en-US~10.0.26100.1 with CBS state 7(CbsInstallStateInstalled) being mapped to dism state 5(DISM_INSTALL_STATE_INSTALLED) - CDISMPackage::LogInstallStateMapping
2026-09-14 17:42:55, Info                  DISM   DISM Package Manager: PID=1452 TID=300 Package Microsoft-Windows-SimpleTCP-FOD-Package~31bf3856ad364e35~amd64~~10.0.26100.1742 with CBS state 4(CbsInstallStateStaged) being mapped to dism state 3(DISM_INSTALL_STATE_STAGED) - CDISMPackage::LogInstallStateMapping
2026-09-14 17:42:55, Info                  DISM   DISM Package Manager: PID=1452 TID=300 Package Microsoft-Windows-SimpleTCP-FOD-Package~31bf3856ad364e35~amd64~~10.0.26100.8894 with CBS state -17(CbsInstallStateSuperseded) being mapped to dism state 7(DISM_INSTALL_STATE_SUPERSEDED) - CDISMPackage::LogInstallStateMapping
2026-09-14 17:42:55, Info                  DISM   DISM Package Manager: PID=1452 TID=300 Package Microsoft-Windows-SimpleTCP-FOD-Package~31bf3856ad364e35~amd64~~10.0.26100.9168 with CBS state -17(CbsInstallStateSuperseded) being mapped to dism state 7(DISM_INSTALL_STATE_SUPERSEDED) - CDISMPackage::LogInstallStateMapping
2026-09-14 17:42:55, Info                  DISM   DISM Package Manager: PID=1452 TID=300 Package Microsoft-Windows-SimpleTCP-FOD-Package~31bf3856ad364e35~amd64~~10.0.26100.9444 with CBS state 7(CbsInstallStateInstalled) being mapped to dism state 5(DISM_INSTALL_STATE_INSTALLED) - CDISMPackage::LogInstallStateMapping
2026-09-14 17:42:55, Info                  DISM   DISM Package Manager: PID=1452 TID=300 Package Microsoft-Windows-SmbDirect-FOD-Package~31bf3856ad364e35~amd64~en-US~10.0.26100.1 with CBS state 7(CbsInstallStateInstalled) being mapped to dism state 5(DISM_INSTALL_STATE_INSTALLED) - CDISMPackage::LogInstallStateMapping
2026-09-14 17:42:55, Info                  DISM   DISM Package Manager: PID=1452 TID=300 Package Microsoft-Windows-SmbDirect-FOD-Package~31bf3856ad364e35~amd64~~10.0.26100.1742 with CBS state 4(CbsInstallStateStaged) being mapped to dism state 3(DISM_INSTALL_STATE_STAGED) - CDISMPackage::LogInstallStateMapping
2026-09-14 17:42:55, Info                  DISM   DISM Package Manager: PID=1452 TID=300 Package Microsoft-Windows-SmbDirect-FOD-Package~31bf3856ad364e35~amd64~~10.0.26100.8894 with CBS state -17(CbsInstallStateSuperseded) being mapped to dism state 7(DISM_INSTALL_STATE_SUPERSEDED) - CDISMPackage::LogInstallStateMapping
2026-09-14 17:42:55, Info                  DISM   DISM Package Manager: PID=1452 TID=300 Package Microsoft-Windows-SmbDirect-FOD-Package~31bf3856ad364e35~amd64~~10.0.26100.9168 with CBS state -17(CbsInstallStateSuperseded) being mapped to dism state 7(DISM_INSTALL_STATE_SUPERSEDED) - CDISMPackage::LogInstallStateMapping
2026-09-14 17:42:55, Info                  DISM   DISM Package Manager: PID=1452 TID=300 Package Microsoft-Windows-SmbDirect-FOD-Package~31bf3856ad364e35~amd64~~10.0.26100.9444 with CBS state 7(CbsInstallStateInstalled) being mapped to dism state 5(DISM_INSTALL_STATE_INSTALLED) - CDISMPackage::LogInstallStateMapping
2026-09-14 17:42:55, Info                  DISM   DISM Package Manager: PID=1452 TID=300 Package Microsoft-Windows-StepsRecorder-Package~31bf3856ad364e35~amd64~en-US~10.0.26100.1742 with CBS state 4(CbsInstallStateStaged) being mapped to dism state 3(DISM_INSTALL_STATE_STAGED) - CDISMPackage::LogInstallStateMapping
2026-09-14 17:42:55, Info                  DISM   DISM Package Manager: PID=1452 TID=300 Package Microsoft-Windows-StepsRecorder-Package~31bf3856ad364e35~amd64~en-US~10.0.26100.8894 with CBS state -17(CbsInstallStateSuperseded) being mapped to dism state 7(DISM_INSTALL_STATE_SUPERSEDED) - CDISMPackage::LogInstallStateMapping
2026-09-14 17:42:55, Info                  DISM   DISM Package Manager: PID=1452 TID=300 Package Microsoft-Windows-StepsRecorder-Package~31bf3856ad364e35~amd64~en-US~10.0.26100.9168 with CBS state -17(CbsInstallStateSuperseded) being mapped to dism state 7(DISM_INSTALL_STATE_SUPERSEDED) - CDISMPackage::LogInstallStateMapping
2026-09-14 17:42:55, Info                  DISM   DISM Package Manager: PID=1452 TID=300 Package Microsoft-Windows-StepsRecorder-Package~31bf3856ad364e35~amd64~en-US~10.0.26100.9444 with CBS state 7(CbsInstallStateInstalled) being mapped to dism state 5(DISM_INSTALL_STATE_INSTALLED) - CDISMPackage::LogInstallStateMapping
2026-09-14 17:42:55, Info                  DISM   DISM Package Manager: PID=1452 TID=300 Package Microsoft-Windows-StepsRecorder-Package~31bf3856ad364e35~amd64~~10.0.26100.1742 with CBS state 4(CbsInstallStateStaged) being mapped to dism state 3(DISM_INSTALL_STATE_STAGED) - CDISMPackage::LogInstallStateMapping
2026-09-14 17:42:55, Info                  DISM   DISM Package Manager: PID=1452 TID=300 Package Microsoft-Windows-StepsRecorder-Package~31bf3856ad364e35~amd64~~10.0.26100.8894 with CBS state -17(CbsInstallStateSuperseded) being mapped to dism state 7(DISM_INSTALL_STATE_SUPERSEDED) - CDISMPackage::LogInstallStateMapping
2026-09-14 17:42:55, Info                  DISM   DISM Package Manager: PID=1452 TID=300 Package Microsoft-Windows-StepsRecorder-Package~31bf3856ad364e35~amd64~~10.0.26100.9168 with CBS state -17(CbsInstallStateSuperseded) being mapped to dism state 7(DISM_INSTALL_STATE_SUPERSEDED) - CDISMPackage::LogInstallStateMapping
2026-09-14 17:42:55, Info                  DISM   DISM Package Manager: PID=1452 TID=300 Package Microsoft-Windows-StepsRecorder-Package~31bf3856ad364e35~amd64~~10.0.26100.9444 with CBS state 7(CbsInstallStateInstalled) being mapped to dism state 5(DISM_INSTALL_STATE_INSTALLED) - CDISMPackage::LogInstallStateMapping
2026-09-14 17:42:55, Info                  DISM   DISM Package Manager: PID=1452 TID=300 Package Microsoft-Windows-StepsRecorder-Package~31bf3856ad364e35~wow64~en-US~10.0.26100.1 with CBS state 7(CbsInstallStateInstalled) being mapped to dism state 5(DISM_INSTALL_STATE_INSTALLED) - CDISMPackage::LogInstallStateMapping
2026-09-14 17:42:55, Info                  DISM   DISM Package Manager: PID=1452 TID=300 Package Microsoft-Windows-StepsRecorder-Package~31bf3856ad364e35~wow64~~10.0.26100.1742 with CBS state 4(CbsInstallStateStaged) being mapped to dism state 3(DISM_INSTALL_STATE_STAGED) - CDISMPackage::LogInstallStateMapping
2026-09-14 17:42:55, Info                  DISM   DISM Package Manager: PID=1452 TID=300 Package Microsoft-Windows-StepsRecorder-Package~31bf3856ad364e35~wow64~~10.0.26100.8894 with CBS state -17(CbsInstallStateSuperseded) being mapped to dism state 7(DISM_INSTALL_STATE_SUPERSEDED) - CDISMPackage::LogInstallStateMapping
2026-09-14 17:42:55, Info                  DISM   DISM Package Manager: PID=1452 TID=300 Package Microsoft-Windows-StepsRecorder-Package~31bf3856ad364e35~wow64~~10.0.26100.9168 with CBS state -17(CbsInstallStateSuperseded) being mapped to dism state 7(DISM_INSTALL_STATE_SUPERSEDED) - CDISMPackage::LogInstallStateMapping
2026-09-14 17:42:55, Info                  DISM   DISM Package Manager: PID=1452 TID=300 Package Microsoft-Windows-StepsRecorder-Package~31bf3856ad364e35~wow64~~10.0.26100.9444 with CBS state 7(CbsInstallStateInstalled) being mapped to dism state 5(DISM_INSTALL_STATE_INSTALLED) - CDISMPackage::LogInstallStateMapping
2026-09-14 17:42:55, Info                  DISM   DISM Package Manager: PID=1452 TID=300 Package Microsoft-Windows-TabletPCMath-Package~31bf3856ad364e35~amd64~~10.0.26100.1742 with CBS state 4(CbsInstallStateStaged) being mapped to dism state 3(DISM_INSTALL_STATE_STAGED) - CDISMPackage::LogInstallStateMapping
2026-09-14 17:42:55, Info                  DISM   DISM Package Manager: PID=1452 TID=300 Package Microsoft-Windows-TabletPCMath-Package~31bf3856ad364e35~amd64~~10.0.26100.8894 with CBS state -17(CbsInstallStateSuperseded) being mapped to dism state 7(DISM_INSTALL_STATE_SUPERSEDED) - CDISMPackage::LogInstallStateMapping
2026-09-14 17:42:55, Info                  DISM   DISM Package Manager: PID=1452 TID=300 Package Microsoft-Windows-TabletPCMath-Package~31bf3856ad364e35~amd64~~10.0.26100.9168 with CBS state -17(CbsInstallStateSuperseded) being mapped to dism state 7(DISM_INSTALL_STATE_SUPERSEDED) - CDISMPackage::LogInstallStateMapping
2026-09-14 17:42:55, Info                  DISM   DISM Package Manager: PID=1452 TID=300 Package Microsoft-Windows-TabletPCMath-Package~31bf3856ad364e35~amd64~~10.0.26100.9444 with CBS state 7(CbsInstallStateInstalled) being mapped to dism state 5(DISM_INSTALL_STATE_INSTALLED) - CDISMPackage::LogInstallStateMapping
2026-09-14 17:42:55, Info                  DISM   DISM Package Manager: PID=1452 TID=300 Package Microsoft-Windows-Telnet-Client-FOD-Package~31bf3856ad364e35~amd64~en-US~10.0.26100.1 with CBS state 4(CbsInstallStateStaged) being mapped to dism state 3(DISM_INSTALL_STATE_STAGED) - CDISMPackage::LogInstallStateMapping
2026-09-14 17:42:55, Info                  DISM   DISM Package Manager: PID=1452 TID=300 Package Microsoft-Windows-Telnet-Client-FOD-Package~31bf3856ad364e35~amd64~en-US~10.0.26100.8894 with CBS state -17(CbsInstallStateSuperseded) being mapped to dism state 7(DISM_INSTALL_STATE_SUPERSEDED) - CDISMPackage::LogInstallStateMapping
2026-09-14 17:42:55, Info                  DISM   DISM Package Manager: PID=1452 TID=300 Package Microsoft-Windows-Telnet-Client-FOD-Package~31bf3856ad364e35~amd64~en-US~10.0.26100.9168 with CBS state -17(CbsInstallStateSuperseded) being mapped to dism state 7(DISM_INSTALL_STATE_SUPERSEDED) - CDISMPackage::LogInstallStateMapping
2026-09-14 17:42:55, Info                  DISM   DISM Package Manager: PID=1452 TID=300 Package Microsoft-Windows-Telnet-Client-FOD-Package~31bf3856ad364e35~amd64~en-US~10.0.26100.9444 with CBS state 7(CbsInstallStateInstalled) being mapped to dism state 5(DISM_INSTALL_STATE_INSTALLED) - CDISMPackage::LogInstallStateMapping
2026-09-14 17:42:55, Info                  DISM   DISM Package Manager: PID=1452 TID=300 Package Microsoft-Windows-Telnet-Client-FOD-Package~31bf3856ad364e35~amd64~~10.0.26100.1742 with CBS state 4(CbsInstallStateStaged) being mapped to dism state 3(DISM_INSTALL_STATE_STAGED) - CDISMPackage::LogInstallStateMapping
2026-09-14 17:42:55, Info                  DISM   DISM Package Manager: PID=1452 TID=300 Package Microsoft-Windows-Telnet-Client-FOD-Package~31bf3856ad364e35~amd64~~10.0.26100.8894 with CBS state -17(CbsInstallStateSuperseded) being mapped to dism state 7(DISM_INSTALL_STATE_SUPERSEDED) - CDISMPackage::LogInstallStateMapping
2026-09-14 17:42:55, Info                  DISM   DISM Package Manager: PID=1452 TID=300 Package Microsoft-Windows-Telnet-Client-FOD-Package~31bf3856ad364e35~amd64~~10.0.26100.9168 with CBS state -17(CbsInstallStateSuperseded) being mapped to dism state 7(DISM_INSTALL_STATE_SUPERSEDED) - CDISMPackage::LogInstallStateMapping
2026-09-14 17:42:55, Info                  DISM   DISM Package Manager: PID=1452 TID=300 Package Microsoft-Windows-Telnet-Client-FOD-Package~31bf3856ad364e35~amd64~~10.0.26100.9444 with CBS state 7(CbsInstallStateInstalled) being mapped to dism state 5(DISM_INSTALL_STATE_INSTALLED) - CDISMPackage::LogInstallStateMapping
2026-09-14 17:42:55, Info                  DISM   DISM Package Manager: PID=1452 TID=300 Package Microsoft-Windows-TerminalServices-AppServer-Client-FOD-Package~31bf3856ad364e35~amd64~en-US~10.0.26100.1 with CBS state 4(CbsInstallStateStaged) being mapped to dism state 3(DISM_INSTALL_STATE_STAGED) - CDISMPackage::LogInstallStateMapping
2026-09-14 17:42:55, Info                  DISM   DISM Package Manager: PID=1452 TID=300 Package Microsoft-Windows-TerminalServices-AppServer-Client-FOD-Package~31bf3856ad364e35~amd64~en-US~10.0.26100.8894 with CBS state -17(CbsInstallStateSuperseded) being mapped to dism state 7(DISM_INSTALL_STATE_SUPERSEDED) - CDISMPackage::LogInstallStateMapping
2026-09-14 17:42:55, Info                  DISM   DISM Package Manager: PID=1452 TID=300 Package Microsoft-Windows-TerminalServices-AppServer-Client-FOD-Package~31bf3856ad364e35~amd64~en-US~10.0.26100.9168 with CBS state -17(CbsInstallStateSuperseded) being mapped to dism state 7(DISM_INSTALL_STATE_SUPERSEDED) - CDISMPackage::LogInstallStateMapping
2026-09-14 17:42:55, Info                  DISM   DISM Package Manager: PID=1452 TID=300 Package Microsoft-Windows-TerminalServices-AppServer-Client-FOD-Package~31bf3856ad364e35~amd64~en-US~10.0.26100.9444 with CBS state 7(CbsInstallStateInstalled) being mapped to dism state 5(DISM_INSTALL_STATE_INSTALLED) - CDISMPackage::LogInstallStateMapping
2026-09-14 17:42:55, Info                  DISM   DISM Package Manager: PID=1452 TID=300 Package Microsoft-Windows-TerminalServices-AppServer-Client-FOD-Package~31bf3856ad364e35~amd64~~10.0.26100.1 with CBS state 4(CbsInstallStateStaged) being mapped to dism state 3(DISM_INSTALL_STATE_STAGED) - CDISMPackage::LogInstallStateMapping
2026-09-14 17:42:55, Info                  DISM   DISM Package Manager: PID=1452 TID=300 Package Microsoft-Windows-TerminalServices-AppServer-Client-FOD-Package~31bf3856ad364e35~amd64~~10.0.26100.8894 with CBS state -17(CbsInstallStateSuperseded) being mapped to dism state 7(DISM_INSTALL_STATE_SUPERSEDED) - CDISMPackage::LogInstallStateMapping
2026-09-14 17:42:55, Info                  DISM   DISM Package Manager: PID=1452 TID=300 Package Microsoft-Windows-TerminalServices-AppServer-Client-FOD-Package~31bf3856ad364e35~amd64~~10.0.26100.9168 with CBS state -17(CbsInstallStateSuperseded) being mapped to dism state 7(DISM_INSTALL_STATE_SUPERSEDED) - CDISMPackage::LogInstallStateMapping
2026-09-14 17:42:55, Info                  DISM   DISM Package Manager: PID=1452 TID=300 Package Microsoft-Windows-TerminalServices-AppServer-Client-FOD-Package~31bf3856ad364e35~amd64~~10.0.26100.9444 with CBS state 7(CbsInstallStateInstalled) being mapped to dism state 5(DISM_INSTALL_STATE_INSTALLED) - CDISMPackage::LogInstallStateMapping
2026-09-14 17:42:55, Info                  DISM   DISM Package Manager: PID=1452 TID=300 Package Microsoft-Windows-TerminalServices-AppServer-Client-FOD-Package~31bf3856ad364e35~wow64~en-US~10.0.26100.1 with CBS state 4(CbsInstallStateStaged) being mapped to dism state 3(DISM_INSTALL_STATE_STAGED) - CDISMPackage::LogInstallStateMapping
2026-09-14 17:42:55, Info                  DISM   DISM Package Manager: PID=1452 TID=300 Package Microsoft-Windows-TerminalServices-AppServer-Client-FOD-Package~31bf3856ad364e35~wow64~en-US~10.0.26100.8894 with CBS state -17(CbsInstallStateSuperseded) being mapped to dism state 7(DISM_INSTALL_STATE_SUPERSEDED) - CDISMPackage::LogInstallStateMapping
2026-09-14 17:42:55, Info                  DISM   DISM Package Manager: PID=1452 TID=300 Package Microsoft-Windows-TerminalServices-AppServer-Client-FOD-Package~31bf3856ad364e35~wow64~en-US~10.0.26100.9168 with CBS state -17(CbsInstallStateSuperseded) being mapped to dism state 7(DISM_INSTALL_STATE_SUPERSEDED) - CDISMPackage::LogInstallStateMapping
2026-09-14 17:42:55, Info                  DISM   DISM Package Manager: PID=1452 TID=300 Package Microsoft-Windows-TerminalServices-AppServer-Client-FOD-Package~31bf3856ad364e35~wow64~en-US~10.0.26100.9444 with CBS state 7(CbsInstallStateInstalled) being mapped to dism state 5(DISM_INSTALL_STATE_INSTALLED) - CDISMPackage::LogInstallStateMapping
2026-09-14 17:42:55, Info                  DISM   DISM Package Manager: PID=1452 TID=300 Package Microsoft-Windows-TerminalServices-AppServer-Client-FOD-Package~31bf3856ad364e35~wow64~~10.0.26100.1 with CBS state 4(CbsInstallStateStaged) being mapped to dism state 3(DISM_INSTALL_STATE_STAGED) - CDISMPackage::LogInstallStateMapping
2026-09-14 17:42:55, Info                  DISM   DISM Package Manager: PID=1452 TID=300 Package Microsoft-Windows-TerminalServices-AppServer-Client-FOD-Package~31bf3856ad364e35~wow64~~10.0.26100.8894 with CBS state -17(CbsInstallStateSuperseded) being mapped to dism state 7(DISM_INSTALL_STATE_SUPERSEDED) - CDISMPackage::LogInstallStateMapping
2026-09-14 17:42:55, Info                  DISM   DISM Package Manager: PID=1452 TID=300 Package Microsoft-Windows-TerminalServices-AppServer-Client-FOD-Package~31bf3856ad364e35~wow64~~10.0.26100.9168 with CBS state -17(CbsInstallStateSuperseded) being mapped to dism state 7(DISM_INSTALL_STATE_SUPERSEDED) - CDISMPackage::LogInstallStateMapping
2026-09-14 17:42:55, Info                  DISM   DISM Package Manager: PID=1452 TID=300 Package Microsoft-Windows-TerminalServices-AppServer-Client-FOD-Package~31bf3856ad364e35~wow64~~10.0.26100.9444 with CBS state 7(CbsInstallStateInstalled) being mapped to dism state 5(DISM_INSTALL_STATE_INSTALLED) - CDISMPackage::LogInstallStateMapping
2026-09-14 17:42:55, Info                  DISM   DISM Package Manager: PID=1452 TID=300 Package Microsoft-Windows-TFTP-Client-FOD-Package~31bf3856ad364e35~amd64~en-US~10.0.26100.1742 with CBS state 4(CbsInstallStateStaged) being mapped to dism state 3(DISM_INSTALL_STATE_STAGED) - CDISMPackage::LogInstallStateMapping
2026-09-14 17:42:55, Info                  DISM   DISM Package Manager: PID=1452 TID=300 Package Microsoft-Windows-TFTP-Client-FOD-Package~31bf3856ad364e35~amd64~en-US~10.0.26100.8894 with CBS state -17(CbsInstallStateSuperseded) being mapped to dism state 7(DISM_INSTALL_STATE_SUPERSEDED) - CDISMPackage::LogInstallStateMapping
2026-09-14 17:42:55, Info                  DISM   DISM Package Manager: PID=1452 TID=300 Package Microsoft-Windows-TFTP-Client-FOD-Package~31bf3856ad364e35~amd64~en-US~10.0.26100.9168 with CBS state -17(CbsInstallStateSuperseded) being mapped to dism state 7(DISM_INSTALL_STATE_SUPERSEDED) - CDISMPackage::LogInstallStateMapping
2026-09-14 17:42:55, Info                  DISM   DISM Package Manager: PID=1452 TID=300 Package Microsoft-Windows-TFTP-Client-FOD-Package~31bf3856ad364e35~amd64~en-US~10.0.26100.9444 with CBS state 7(CbsInstallStateInstalled) being mapped to dism state 5(DISM_INSTALL_STATE_INSTALLED) - CDISMPackage::LogInstallStateMapping
2026-09-14 17:42:55, Info                  DISM   DISM Package Manager: PID=1452 TID=300 Package Microsoft-Windows-TFTP-Client-FOD-Package~31bf3856ad364e35~amd64~~10.0.26100.1742 with CBS state 4(CbsInstallStateStaged) being mapped to dism state 3(DISM_INSTALL_STATE_STAGED) - CDISMPackage::LogInstallStateMapping
2026-09-14 17:42:55, Info                  DISM   DISM Package Manager: PID=1452 TID=300 Package Microsoft-Windows-TFTP-Client-FOD-Package~31bf3856ad364e35~amd64~~10.0.26100.8894 with CBS state -17(CbsInstallStateSuperseded) being mapped to dism state 7(DISM_INSTALL_STATE_SUPERSEDED) - CDISMPackage::LogInstallStateMapping
2026-09-14 17:42:55, Info                  DISM   DISM Package Manager: PID=1452 TID=300 Package Microsoft-Windows-TFTP-Client-FOD-Package~31bf3856ad364e35~amd64~~10.0.26100.9168 with CBS state -17(CbsInstallStateSuperseded) being mapped to dism state 7(DISM_INSTALL_STATE_SUPERSEDED) - CDISMPackage::LogInstallStateMapping
2026-09-14 17:42:55, Info                  DISM   DISM Package Manager: PID=1452 TID=300 Package Microsoft-Windows-TFTP-Client-FOD-Package~31bf3856ad364e35~amd64~~10.0.26100.9444 with CBS state 7(CbsInstallStateInstalled) being mapped to dism state 5(DISM_INSTALL_STATE_INSTALLED) - CDISMPackage::LogInstallStateMapping
2026-09-14 17:42:55, Info                  DISM   DISM Package Manager: PID=1452 TID=300 Package Microsoft-Windows-VBSCRIPT-FoD-Package~31bf3856ad364e35~amd64~en-US~10.0.26100.1742 with CBS state 4(CbsInstallStateStaged) being mapped to dism state 3(DISM_INSTALL_STATE_STAGED) - CDISMPackage::LogInstallStateMapping
2026-09-14 17:42:55, Info                  DISM   DISM Package Manager: PID=1452 TID=300 Package Microsoft-Windows-VBSCRIPT-FoD-Package~31bf3856ad364e35~amd64~en-US~10.0.26100.8894 with CBS state -17(CbsInstallStateSuperseded) being mapped to dism state 7(DISM_INSTALL_STATE_SUPERSEDED) - CDISMPackage::LogInstallStateMapping
2026-09-14 17:42:55, Info                  DISM   DISM Package Manager: PID=1452 TID=300 Package Microsoft-Windows-VBSCRIPT-FoD-Package~31bf3856ad364e35~amd64~en-US~10.0.26100.9168 with CBS state -17(CbsInstallStateSuperseded) being mapped to dism state 7(DISM_INSTALL_STATE_SUPERSEDED) - CDISMPackage::LogInstallStateMapping
2026-09-14 17:42:55, Info                  DISM   DISM Package Manager: PID=1452 TID=300 Package Microsoft-Windows-VBSCRIPT-FoD-Package~31bf3856ad364e35~amd64~en-US~10.0.26100.9444 with CBS state 7(CbsInstallStateInstalled) being mapped to dism state 5(DISM_INSTALL_STATE_INSTALLED) - CDISMPackage::LogInstallStateMapping
2026-09-14 17:42:55, Info                  DISM   DISM Package Manager: PID=1452 TID=300 Package Microsoft-Windows-VBSCRIPT-FoD-Package~31bf3856ad364e35~amd64~~10.0.26100.1742 with CBS state 4(CbsInstallStateStaged) being mapped to dism state 3(DISM_INSTALL_STATE_STAGED) - CDISMPackage::LogInstallStateMapping
2026-09-14 17:42:55, Info                  DISM   DISM Package Manager: PID=1452 TID=300 Package Microsoft-Windows-VBSCRIPT-FoD-Package~31bf3856ad364e35~amd64~~10.0.26100.8894 with CBS state -17(CbsInstallStateSuperseded) being mapped to dism state 7(DISM_INSTALL_STATE_SUPERSEDED) - CDISMPackage::LogInstallStateMapping
2026-09-14 17:42:55, Info                  DISM   DISM Package Manager: PID=1452 TID=300 Package Microsoft-Windows-VBSCRIPT-FoD-Package~31bf3856ad364e35~amd64~~10.0.26100.9168 with CBS state -17(CbsInstallStateSuperseded) being mapped to dism state 7(DISM_INSTALL_STATE_SUPERSEDED) - CDISMPackage::LogInstallStateMapping
2026-09-14 17:42:55, Info                  DISM   DISM Package Manager: PID=1452 TID=300 Package Microsoft-Windows-VBSCRIPT-FoD-Package~31bf3856ad364e35~amd64~~10.0.26100.9444 with CBS state 7(CbsInstallStateInstalled) being mapped to dism state 5(DISM_INSTALL_STATE_INSTALLED) - CDISMPackage::LogInstallStateMapping
2026-09-14 17:42:55, Info                  DISM   DISM Package Manager: PID=1452 TID=300 Package Microsoft-Windows-VBSCRIPT-FoD-Package~31bf3856ad364e35~wow64~en-US~10.0.26100.1 with CBS state 7(CbsInstallStateInstalled) being mapped to dism state 5(DISM_INSTALL_STATE_INSTALLED) - CDISMPackage::LogInstallStateMapping
2026-09-14 17:42:55, Info                  DISM   DISM Package Manager: PID=1452 TID=300 Package Microsoft-Windows-VBSCRIPT-FoD-Package~31bf3856ad364e35~wow64~~10.0.26100.1742 with CBS state 4(CbsInstallStateStaged) being mapped to dism state 3(DISM_INSTALL_STATE_STAGED) - CDISMPackage::LogInstallStateMapping
2026-09-14 17:42:55, Info                  DISM   DISM Package Manager: PID=1452 TID=300 Package Microsoft-Windows-VBSCRIPT-FoD-Package~31bf3856ad364e35~wow64~~10.0.26100.8894 with CBS state -17(CbsInstallStateSuperseded) being mapped to dism state 7(DISM_INSTALL_STATE_SUPERSEDED) - CDISMPackage::LogInstallStateMapping
2026-09-14 17:42:55, Info                  DISM   DISM Package Manager: PID=1452 TID=300 Package Microsoft-Windows-VBSCRIPT-FoD-Package~31bf3856ad364e35~wow64~~10.0.26100.9168 with CBS state -17(CbsInstallStateSuperseded) being mapped to dism state 7(DISM_INSTALL_STATE_SUPERSEDED) - CDISMPackage::LogInstallStateMapping
2026-09-14 17:42:55, Info                  DISM   DISM Package Manager: PID=1452 TID=300 Package Microsoft-Windows-VBSCRIPT-FoD-Package~31bf3856ad364e35~wow64~~10.0.26100.9444 with CBS state 7(CbsInstallStateInstalled) being mapped to dism state 5(DISM_INSTALL_STATE_INSTALLED) - CDISMPackage::LogInstallStateMapping
2026-09-14 17:42:55, Info                  DISM   DISM Package Manager: PID=1452 TID=300 Package Microsoft-Windows-Wallpaper-Content-Extended-FoD-Package~31bf3856ad364e35~amd64~~10.0.26100.1742 with CBS state 4(CbsInstallStateStaged) being mapped to dism state 3(DISM_INSTALL_STATE_STAGED) - CDISMPackage::LogInstallStateMapping
2026-09-14 17:42:55, Info                  DISM   DISM Package Manager: PID=1452 TID=300 Package Microsoft-Windows-Wallpaper-Content-Extended-FoD-Package~31bf3856ad364e35~amd64~~10.0.26100.8894 with CBS state -17(CbsInstallStateSuperseded) being mapped to dism state 7(DISM_INSTALL_STATE_SUPERSEDED) - CDISMPackage::LogInstallStateMapping
2026-09-14 17:42:55, Info                  DISM   DISM Package Manager: PID=1452 TID=300 Package Microsoft-Windows-Wallpaper-Content-Extended-FoD-Package~31bf3856ad364e35~amd64~~10.0.26100.9168 with CBS state -17(CbsInstallStateSuperseded) being mapped to dism state 7(DISM_INSTALL_STATE_SUPERSEDED) - CDISMPackage::LogInstallStateMapping
2026-09-14 17:42:55, Info                  DISM   DISM Package Manager: PID=1452 TID=300 Package Microsoft-Windows-Wallpaper-Content-Extended-FoD-Package~31bf3856ad364e35~amd64~~10.0.26100.9444 with CBS state 7(CbsInstallStateInstalled) being mapped to dism state 5(DISM_INSTALL_STATE_INSTALLED) - CDISMPackage::LogInstallStateMapping
2026-09-14 17:42:55, Info                  DISM   DISM Package Manager: PID=1452 TID=300 Package Microsoft-Windows-Wifi-Client-Broadcom-Bcmpciedhd63-FOD-Package~31bf3856ad364e35~amd64~~10.0.26100.1742 with CBS state 4(CbsInstallStateStaged) being mapped to dism state 3(DISM_INSTALL_STATE_STAGED) - CDISMPackage::LogInstallStateMapping
2026-09-14 17:42:55, Info                  DISM   DISM Package Manager: PID=1452 TID=300 Package Microsoft-Windows-Wifi-Client-Broadcom-Bcmpciedhd63-FOD-Package~31bf3856ad364e35~amd64~~10.0.26100.8894 with CBS state -17(CbsInstallStateSuperseded) being mapped to dism state 7(DISM_INSTALL_STATE_SUPERSEDED) - CDISMPackage::LogInstallStateMapping
2026-09-14 17:42:55, Info                  DISM   DISM Package Manager: PID=1452 TID=300 Package Microsoft-Windows-Wifi-Client-Broadcom-Bcmpciedhd63-FOD-Package~31bf3856ad364e35~amd64~~10.0.26100.9168 with CBS state -17(CbsInstallStateSuperseded) being mapped to dism state 7(DISM_INSTALL_STATE_SUPERSEDED) - CDISMPackage::LogInstallStateMapping
2026-09-14 17:42:55, Info                  DISM   DISM Package Manager: PID=1452 TID=300 Package Microsoft-Windows-Wifi-Client-Broadcom-Bcmpciedhd63-FOD-Package~31bf3856ad364e35~amd64~~10.0.26100.9444 with CBS state 7(CbsInstallStateInstalled) being mapped to dism state 5(DISM_INSTALL_STATE_INSTALLED) - CDISMPackage::LogInstallStateMapping
2026-09-14 17:42:55, Info                  DISM   DISM Package Manager: PID=1452 TID=300 Package Microsoft-Windows-Wifi-Client-Broadcom-Bcmwl63a-FOD-Package~31bf3856ad364e35~amd64~~10.0.26100.1742 with CBS state 4(CbsInstallStateStaged) being mapped to dism state 3(DISM_INSTALL_STATE_STAGED) - CDISMPackage::LogInstallStateMapping
2026-09-14 17:42:55, Info                  DISM   DISM Package Manager: PID=1452 TID=300 Package Microsoft-Windows-Wifi-Client-Broadcom-Bcmwl63a-FOD-Package~31bf3856ad364e35~amd64~~10.0.26100.8894 with CBS state -17(CbsInstallStateSuperseded) being mapped to dism state 7(DISM_INSTALL_STATE_SUPERSEDED) - CDISMPackage::LogInstallStateMapping
2026-09-14 17:42:55, Info                  DISM   DISM Package Manager: PID=1452 TID=300 Package Microsoft-Windows-Wifi-Client-Broadcom-Bcmwl63a-FOD-Package~31bf3856ad364e35~amd64~~10.0.26100.9168 with CBS state -17(CbsInstallStateSuperseded) being mapped to dism state 7(DISM_INSTALL_STATE_SUPERSEDED) - CDISMPackage::LogInstallStateMapping
2026-09-14 17:42:55, Info                  DISM   DISM Package Manager: PID=1452 TID=300 Package Microsoft-Windows-Wifi-Client-Broadcom-Bcmwl63a-FOD-Package~31bf3856ad364e35~amd64~~10.0.26100.9444 with CBS state 7(CbsInstallStateInstalled) being mapped to dism state 5(DISM_INSTALL_STATE_INSTALLED) - CDISMPackage::LogInstallStateMapping
2026-09-14 17:42:55, Info                  DISM   DISM Package Manager: PID=1452 TID=300 Package Microsoft-Windows-Wifi-Client-Broadcom-Bcmwl63al-FOD-Package~31bf3856ad364e35~amd64~~10.0.26100.1742 with CBS state 4(CbsInstallStateStaged) being mapped to dism state 3(DISM_INSTALL_STATE_STAGED) - CDISMPackage::LogInstallStateMapping
2026-09-14 17:42:55, Info                  DISM   DISM Package Manager: PID=1452 TID=300 Package Microsoft-Windows-Wifi-Client-Broadcom-Bcmwl63al-FOD-Package~31bf3856ad364e35~amd64~~10.0.26100.8894 with CBS state -17(CbsInstallStateSuperseded) being mapped to dism state 7(DISM_INSTALL_STATE_SUPERSEDED) - CDISMPackage::LogInstallStateMapping
2026-09-14 17:42:55, Info                  DISM   DISM Package Manager: PID=1452 TID=300 Package Microsoft-Windows-Wifi-Client-Broadcom-Bcmwl63al-FOD-Package~31bf3856ad364e35~amd64~~10.0.26100.9168 with CBS state -17(CbsInstallStateSuperseded) being mapped to dism state 7(DISM_INSTALL_STATE_SUPERSEDED) - CDISMPackage::LogInstallStateMapping
2026-09-14 17:42:55, Info                  DISM   DISM Package Manager: PID=1452 TID=300 Package Microsoft-Windows-Wifi-Client-Broadcom-Bcmwl63al-FOD-Package~31bf3856ad364e35~amd64~~10.0.26100.9444 with CBS state 7(CbsInstallStateInstalled) being mapped to dism state 5(DISM_INSTALL_STATE_INSTALLED) - CDISMPackage::LogInstallStateMapping
2026-09-14 17:42:55, Info                  DISM   DISM Package Manager: PID=1452 TID=300 Package Microsoft-Windows-Wifi-Client-Intel-Netwbw02-FOD-Package~31bf3856ad364e35~amd64~~10.0.26100.1742 with CBS state 4(CbsInstallStateStaged) being mapped to dism state 3(DISM_INSTALL_STATE_STAGED) - CDISMPackage::LogInstallStateMapping
2026-09-14 17:42:55, Info                  DISM   DISM Package Manager: PID=1452 TID=300 Package Microsoft-Windows-Wifi-Client-Intel-Netwbw02-FOD-Package~31bf3856ad364e35~amd64~~10.0.26100.8894 with CBS state -17(CbsInstallStateSuperseded) being mapped to dism state 7(DISM_INSTALL_STATE_SUPERSEDED) - CDISMPackage::LogInstallStateMapping
2026-09-14 17:42:55, Info                  DISM   DISM Package Manager: PID=1452 TID=300 Package Microsoft-Windows-Wifi-Client-Intel-Netwbw02-FOD-Package~31bf3856ad364e35~amd64~~10.0.26100.9168 with CBS state -17(CbsInstallStateSuperseded) being mapped to dism state 7(DISM_INSTALL_STATE_SUPERSEDED) - CDISMPackage::LogInstallStateMapping
2026-09-14 17:42:55, Info                  DISM   DISM Package Manager: PID=1452 TID=300 Package Microsoft-Windows-Wifi-Client-Intel-Netwbw02-FOD-Package~31bf3856ad364e35~amd64~~10.0.26100.9444 with CBS state 7(CbsInstallStateInstalled) being mapped to dism state 5(DISM_INSTALL_STATE_INSTALLED) - CDISMPackage::LogInstallStateMapping
2026-09-14 17:42:55, Info                  DISM   DISM Package Manager: PID=1452 TID=300 Package Microsoft-Windows-Wifi-Client-Intel-Netwew00-FOD-Package~31bf3856ad364e35~amd64~~10.0.26100.1742 with CBS state 4(CbsInstallStateStaged) being mapped to dism state 3(DISM_INSTALL_STATE_STAGED) - CDISMPackage::LogInstallStateMapping
2026-09-14 17:42:55, Info                  DISM   DISM Package Manager: PID=1452 TID=300 Package Microsoft-Windows-Wifi-Client-Intel-Netwew00-FOD-Package~31bf3856ad364e35~amd64~~10.0.26100.8894 with CBS state -17(CbsInstallStateSuperseded) being mapped to dism state 7(DISM_INSTALL_STATE_SUPERSEDED) - CDISMPackage::LogInstallStateMapping
2026-09-14 17:42:55, Info                  DISM   DISM Package Manager: PID=1452 TID=300 Package Microsoft-Windows-Wifi-Client-Intel-Netwew00-FOD-Package~31bf3856ad364e35~amd64~~10.0.26100.9168 with CBS state -17(CbsInstallStateSuperseded) being mapped to dism state 7(DISM_INSTALL_STATE_SUPERSEDED) - CDISMPackage::LogInstallStateMapping
2026-09-14 17:42:55, Info                  DISM   DISM Package Manager: PID=1452 TID=300 Package Microsoft-Windows-Wifi-Client-Intel-Netwew00-FOD-Package~31bf3856ad364e35~amd64~~10.0.26100.9444 with CBS state 7(CbsInstallStateInstalled) being mapped to dism state 5(DISM_INSTALL_STATE_INSTALLED) - CDISMPackage::LogInstallStateMapping
2026-09-14 17:42:55, Info                  DISM   DISM Package Manager: PID=1452 TID=300 Package Microsoft-Windows-Wifi-Client-Intel-Netwew01-FOD-Package~31bf3856ad364e35~amd64~~10.0.26100.1742 with CBS state 4(CbsInstallStateStaged) being mapped to dism state 3(DISM_INSTALL_STATE_STAGED) - CDISMPackage::LogInstallStateMapping
2026-09-14 17:42:55, Info                  DISM   DISM Package Manager: PID=1452 TID=300 Package Microsoft-Windows-Wifi-Client-Intel-Netwew01-FOD-Package~31bf3856ad364e35~amd64~~10.0.26100.8894 with CBS state -17(CbsInstallStateSuperseded) being mapped to dism state 7(DISM_INSTALL_STATE_SUPERSEDED) - CDISMPackage::LogInstallStateMapping
2026-09-14 17:42:55, Info                  DISM   DISM Package Manager: PID=1452 TID=300 Package Microsoft-Windows-Wifi-Client-Intel-Netwew01-FOD-Package~31bf3856ad364e35~amd64~~10.0.26100.9168 with CBS state -17(CbsInstallStateSuperseded) being mapped to dism state 7(DISM_INSTALL_STATE_SUPERSEDED) - CDISMPackage::LogInstallStateMapping
2026-09-14 17:42:55, Info                  DISM   DISM Package Manager: PID=1452 TID=300 Package Microsoft-Windows-Wifi-Client-Intel-Netwew01-FOD-Package~31bf3856ad364e35~amd64~~10.0.26100.9444 with CBS state 7(CbsInstallStateInstalled) being mapped to dism state 5(DISM_INSTALL_STATE_INSTALLED) - CDISMPackage::LogInstallStateMapping
2026-09-14 17:42:55, Info                  DISM   DISM Package Manager: PID=1452 TID=300 Package Microsoft-Windows-Wifi-Client-Intel-Netwlv64-FOD-Package~31bf3856ad364e35~amd64~~10.0.26100.1742 with CBS state 4(CbsInstallStateStaged) being mapped to dism state 3(DISM_INSTALL_STATE_STAGED) - CDISMPackage::LogInstallStateMapping
2026-09-14 17:42:55, Info                  DISM   DISM Package Manager: PID=1452 TID=300 Package Microsoft-Windows-Wifi-Client-Intel-Netwlv64-FOD-Package~31bf3856ad364e35~amd64~~10.0.26100.8894 with CBS state -17(CbsInstallStateSuperseded) being mapped to dism state 7(DISM_INSTALL_STATE_SUPERSEDED) - CDISMPackage::LogInstallStateMapping
2026-09-14 17:42:55, Info                  DISM   DISM Package Manager: PID=1452 TID=300 Package Microsoft-Windows-Wifi-Client-Intel-Netwlv64-FOD-Package~31bf3856ad364e35~amd64~~10.0.26100.9168 with CBS state -17(CbsInstallStateSuperseded) being mapped to dism state 7(DISM_INSTALL_STATE_SUPERSEDED) - CDISMPackage::LogInstallStateMapping
2026-09-14 17:42:55, Info                  DISM   DISM Package Manager: PID=1452 TID=300 Package Microsoft-Windows-Wifi-Client-Intel-Netwlv64-FOD-Package~31bf3856ad364e35~amd64~~10.0.26100.9444 with CBS state 7(CbsInstallStateInstalled) being mapped to dism state 5(DISM_INSTALL_STATE_INSTALLED) - CDISMPackage::LogInstallStateMapping
2026-09-14 17:42:55, Info                  DISM   DISM Package Manager: PID=1452 TID=300 Package Microsoft-Windows-Wifi-Client-Intel-Netwns64-FOD-Package~31bf3856ad364e35~amd64~~10.0.26100.1742 with CBS state 4(CbsInstallStateStaged) being mapped to dism state 3(DISM_INSTALL_STATE_STAGED) - CDISMPackage::LogInstallStateMapping
2026-09-14 17:42:55, Info                  DISM   DISM Package Manager: PID=1452 TID=300 Package Microsoft-Windows-Wifi-Client-Intel-Netwns64-FOD-Package~31bf3856ad364e35~amd64~~10.0.26100.8894 with CBS state -17(CbsInstallStateSuperseded) being mapped to dism state 7(DISM_INSTALL_STATE_SUPERSEDED) - CDISMPackage::LogInstallStateMapping
2026-09-14 17:42:55, Info                  DISM   DISM Package Manager: PID=1452 TID=300 Package Microsoft-Windows-Wifi-Client-Intel-Netwns64-FOD-Package~31bf3856ad364e35~amd64~~10.0.26100.9168 with CBS state -17(CbsInstallStateSuperseded) being mapped to dism state 7(DISM_INSTALL_STATE_SUPERSEDED) - CDISMPackage::LogInstallStateMapping
2026-09-14 17:42:55, Info                  DISM   DISM Package Manager: PID=1452 TID=300 Package Microsoft-Windows-Wifi-Client-Intel-Netwns64-FOD-Package~31bf3856ad364e35~amd64~~10.0.26100.9444 with CBS state 7(CbsInstallStateInstalled) being mapped to dism state 5(DISM_INSTALL_STATE_INSTALLED) - CDISMPackage::LogInstallStateMapping
2026-09-14 17:42:55, Info                  DISM   DISM Package Manager: PID=1452 TID=300 Package Microsoft-Windows-Wifi-Client-Intel-Netwsw00-FOD-Package~31bf3856ad364e35~amd64~~10.0.26100.1742 with CBS state 4(CbsInstallStateStaged) being mapped to dism state 3(DISM_INSTALL_STATE_STAGED) - CDISMPackage::LogInstallStateMapping
2026-09-14 17:42:55, Info                  DISM   DISM Package Manager: PID=1452 TID=300 Package Microsoft-Windows-Wifi-Client-Intel-Netwsw00-FOD-Package~31bf3856ad364e35~amd64~~10.0.26100.8894 with CBS state -17(CbsInstallStateSuperseded) being mapped to dism state 7(DISM_INSTALL_STATE_SUPERSEDED) - CDISMPackage::LogInstallStateMapping
2026-09-14 17:42:55, Info                  DISM   DISM Package Manager: PID=1452 TID=300 Package Microsoft-Windows-Wifi-Client-Intel-Netwsw00-FOD-Package~31bf3856ad364e35~amd64~~10.0.26100.9168 with CBS state -17(CbsInstallStateSuperseded) being mapped to dism state 7(DISM_INSTALL_STATE_SUPERSEDED) - CDISMPackage::LogInstallStateMapping
2026-09-14 17:42:55, Info                  DISM   DISM Package Manager: PID=1452 TID=300 Package Microsoft-Windows-Wifi-Client-Intel-Netwsw00-FOD-Package~31bf3856ad364e35~amd64~~10.0.26100.9444 with CBS state 7(CbsInstallStateInstalled) being mapped to dism state 5(DISM_INSTALL_STATE_INSTALLED) - CDISMPackage::LogInstallStateMapping
2026-09-14 17:42:55, Info                  DISM   DISM Package Manager: PID=1452 TID=300 Package Microsoft-Windows-Wifi-Client-Intel-Netwtw02-FOD-Package~31bf3856ad364e35~amd64~~10.0.26100.1742 with CBS state 4(CbsInstallStateStaged) being mapped to dism state 3(DISM_INSTALL_STATE_STAGED) - CDISMPackage::LogInstallStateMapping
2026-09-14 17:42:55, Info                  DISM   DISM Package Manager: PID=1452 TID=300 Package Microsoft-Windows-Wifi-Client-Intel-Netwtw02-FOD-Package~31bf3856ad364e35~amd64~~10.0.26100.8894 with CBS state -17(CbsInstallStateSuperseded) being mapped to dism state 7(DISM_INSTALL_STATE_SUPERSEDED) - CDISMPackage::LogInstallStateMapping
2026-09-14 17:42:55, Info                  DISM   DISM Package Manager: PID=1452 TID=300 Package Microsoft-Windows-Wifi-Client-Intel-Netwtw02-FOD-Package~31bf3856ad364e35~amd64~~10.0.26100.9168 with CBS state -17(CbsInstallStateSuperseded) being mapped to dism state 7(DISM_INSTALL_STATE_SUPERSEDED) - CDISMPackage::LogInstallStateMapping
2026-09-14 17:42:55, Info                  DISM   DISM Package Manager: PID=1452 TID=300 Package Microsoft-Windows-Wifi-Client-Intel-Netwtw02-FOD-Package~31bf3856ad364e35~amd64~~10.0.26100.9444 with CBS state 7(CbsInstallStateInstalled) being mapped to dism state 5(DISM_INSTALL_STATE_INSTALLED) - CDISMPackage::LogInstallStateMapping
2026-09-14 17:42:55, Info                  DISM   DISM Package Manager: PID=1452 TID=300 Package Microsoft-Windows-Wifi-Client-Intel-Netwtw04-FOD-Package~31bf3856ad364e35~amd64~~10.0.26100.1742 with CBS state 4(CbsInstallStateStaged) being mapped to dism state 3(DISM_INSTALL_STATE_STAGED) - CDISMPackage::LogInstallStateMapping
2026-09-14 17:42:56, Info                  DISM   DISM Package Manager: PID=1452 TID=300 Package Microsoft-Windows-Wifi-Client-Intel-Netwtw04-FOD-Package~31bf3856ad364e35~amd64~~10.0.26100.8894 with CBS state -17(CbsInstallStateSuperseded) being mapped to dism state 7(DISM_INSTALL_STATE_SUPERSEDED) - CDISMPackage::LogInstallStateMapping
2026-09-14 17:42:56, Info                  DISM   DISM Package Manager: PID=1452 TID=300 Package Microsoft-Windows-Wifi-Client-Intel-Netwtw04-FOD-Package~31bf3856ad364e35~amd64~~10.0.26100.9168 with CBS state -17(CbsInstallStateSuperseded) being mapped to dism state 7(DISM_INSTALL_STATE_SUPERSEDED) - CDISMPackage::LogInstallStateMapping
2026-09-14 17:42:56, Info                  DISM   DISM Package Manager: PID=1452 TID=300 Package Microsoft-Windows-Wifi-Client-Intel-Netwtw04-FOD-Package~31bf3856ad364e35~amd64~~10.0.26100.9444 with CBS state 7(CbsInstallStateInstalled) being mapped to dism state 5(DISM_INSTALL_STATE_INSTALLED) - CDISMPackage::LogInstallStateMapping
2026-09-14 17:42:56, Info                  DISM   DISM Package Manager: PID=1452 TID=300 Package Microsoft-Windows-Wifi-Client-Intel-Netwtw06-FOD-Package~31bf3856ad364e35~amd64~~10.0.26100.1742 with CBS state 4(CbsInstallStateStaged) being mapped to dism state 3(DISM_INSTALL_STATE_STAGED) - CDISMPackage::LogInstallStateMapping
2026-09-14 17:42:56, Info                  DISM   DISM Package Manager: PID=1452 TID=300 Package Microsoft-Windows-Wifi-Client-Intel-Netwtw06-FOD-Package~31bf3856ad364e35~amd64~~10.0.26100.8894 with CBS state -17(CbsInstallStateSuperseded) being mapped to dism state 7(DISM_INSTALL_STATE_SUPERSEDED) - CDISMPackage::LogInstallStateMapping
2026-09-14 17:42:56, Info                  DISM   DISM Package Manager: PID=1452 TID=300 Package Microsoft-Windows-Wifi-Client-Intel-Netwtw06-FOD-Package~31bf3856ad364e35~amd64~~10.0.26100.9168 with CBS state -17(CbsInstallStateSuperseded) being mapped to dism state 7(DISM_INSTALL_STATE_SUPERSEDED) - CDISMPackage::LogInstallStateMapping
2026-09-14 17:42:56, Info                  DISM   DISM Package Manager: PID=1452 TID=300 Package Microsoft-Windows-Wifi-Client-Intel-Netwtw06-FOD-Package~31bf3856ad364e35~amd64~~10.0.26100.9444 with CBS state 7(CbsInstallStateInstalled) being mapped to dism state 5(DISM_INSTALL_STATE_INSTALLED) - CDISMPackage::LogInstallStateMapping
2026-09-14 17:42:56, Info                  DISM   DISM Package Manager: PID=1452 TID=300 Package Microsoft-Windows-Wifi-Client-Intel-Netwtw08-FOD-Package~31bf3856ad364e35~amd64~~10.0.26100.1742 with CBS state 4(CbsInstallStateStaged) being mapped to dism state 3(DISM_INSTALL_STATE_STAGED) - CDISMPackage::LogInstallStateMapping
2026-09-14 17:42:56, Info                  DISM   DISM Package Manager: PID=1452 TID=300 Package Microsoft-Windows-Wifi-Client-Intel-Netwtw08-FOD-Package~31bf3856ad364e35~amd64~~10.0.26100.8894 with CBS state -17(CbsInstallStateSuperseded) being mapped to dism state 7(DISM_INSTALL_STATE_SUPERSEDED) - CDISMPackage::LogInstallStateMapping
2026-09-14 17:42:56, Info                  DISM   DISM Package Manager: PID=1452 TID=300 Package Microsoft-Windows-Wifi-Client-Intel-Netwtw08-FOD-Package~31bf3856ad364e35~amd64~~10.0.26100.9168 with CBS state -17(CbsInstallStateSuperseded) being mapped to dism state 7(DISM_INSTALL_STATE_SUPERSEDED) - CDISMPackage::LogInstallStateMapping
2026-09-14 17:42:56, Info                  DISM   DISM Package Manager: PID=1452 TID=300 Package Microsoft-Windows-Wifi-Client-Intel-Netwtw08-FOD-Package~31bf3856ad364e35~amd64~~10.0.26100.9444 with CBS state 7(CbsInstallStateInstalled) being mapped to dism state 5(DISM_INSTALL_STATE_INSTALLED) - CDISMPackage::LogInstallStateMapping
2026-09-14 17:42:56, Info                  DISM   DISM Package Manager: PID=1452 TID=300 Package Microsoft-Windows-Wifi-Client-Intel-Netwtw10-FOD-Package~31bf3856ad364e35~amd64~~10.0.26100.1742 with CBS state 4(CbsInstallStateStaged) being mapped to dism state 3(DISM_INSTALL_STATE_STAGED) - CDISMPackage::LogInstallStateMapping
2026-09-14 17:42:56, Info                  DISM   DISM Package Manager: PID=1452 TID=300 Package Microsoft-Windows-Wifi-Client-Intel-Netwtw10-FOD-Package~31bf3856ad364e35~amd64~~10.0.26100.8894 with CBS state -17(CbsInstallStateSuperseded) being mapped to dism state 7(DISM_INSTALL_STATE_SUPERSEDED) - CDISMPackage::LogInstallStateMapping
2026-09-14 17:42:56, Info                  DISM   DISM Package Manager: PID=1452 TID=300 Package Microsoft-Windows-Wifi-Client-Intel-Netwtw10-FOD-Package~31bf3856ad364e35~amd64~~10.0.26100.9168 with CBS state -17(CbsInstallStateSuperseded) being mapped to dism state 7(DISM_INSTALL_STATE_SUPERSEDED) - CDISMPackage::LogInstallStateMapping
2026-09-14 17:42:56, Info                  DISM   DISM Package Manager: PID=1452 TID=300 Package Microsoft-Windows-Wifi-Client-Intel-Netwtw10-FOD-Package~31bf3856ad364e35~amd64~~10.0.26100.9444 with CBS state 7(CbsInstallStateInstalled) being mapped to dism state 5(DISM_INSTALL_STATE_INSTALLED) - CDISMPackage::LogInstallStateMapping
2026-09-14 17:42:56, Info                  DISM   DISM Package Manager: PID=1452 TID=300 Package Microsoft-Windows-Wifi-Client-Marvel-Mrvlpcie8897-FOD-Package~31bf3856ad364e35~amd64~~10.0.26100.1742 with CBS state 4(CbsInstallStateStaged) being mapped to dism state 3(DISM_INSTALL_STATE_STAGED) - CDISMPackage::LogInstallStateMapping
2026-09-14 17:42:56, Info                  DISM   DISM Package Manager: PID=1452 TID=300 Package Microsoft-Windows-Wifi-Client-Marvel-Mrvlpcie8897-FOD-Package~31bf3856ad364e35~amd64~~10.0.26100.8894 with CBS state -17(CbsInstallStateSuperseded) being mapped to dism state 7(DISM_INSTALL_STATE_SUPERSEDED) - CDISMPackage::LogInstallStateMapping
2026-09-14 17:42:56, Info                  DISM   DISM Package Manager: PID=1452 TID=300 Package Microsoft-Windows-Wifi-Client-Marvel-Mrvlpcie8897-FOD-Package~31bf3856ad364e35~amd64~~10.0.26100.9168 with CBS state -17(CbsInstallStateSuperseded) being mapped to dism state 7(DISM_INSTALL_STATE_SUPERSEDED) - CDISMPackage::LogInstallStateMapping
2026-09-14 17:42:56, Info                  DISM   DISM Package Manager: PID=1452 TID=300 Package Microsoft-Windows-Wifi-Client-Marvel-Mrvlpcie8897-FOD-Package~31bf3856ad364e35~amd64~~10.0.26100.9444 with CBS state 7(CbsInstallStateInstalled) being mapped to dism state 5(DISM_INSTALL_STATE_INSTALLED) - CDISMPackage::LogInstallStateMapping
2026-09-14 17:42:56, Info                  DISM   DISM Package Manager: PID=1452 TID=300 Package Microsoft-Windows-Wifi-Client-Qualcomm-Athw8x-FOD-Package~31bf3856ad364e35~amd64~~10.0.26100.1742 with CBS state 4(CbsInstallStateStaged) being mapped to dism state 3(DISM_INSTALL_STATE_STAGED) - CDISMPackage::LogInstallStateMapping
2026-09-14 17:42:56, Info                  DISM   DISM Package Manager: PID=1452 TID=300 Package Microsoft-Windows-Wifi-Client-Qualcomm-Athw8x-FOD-Package~31bf3856ad364e35~amd64~~10.0.26100.8894 with CBS state -17(CbsInstallStateSuperseded) being mapped to dism state 7(DISM_INSTALL_STATE_SUPERSEDED) - CDISMPackage::LogInstallStateMapping
2026-09-14 17:42:56, Info                  DISM   DISM Package Manager: PID=1452 TID=300 Package Microsoft-Windows-Wifi-Client-Qualcomm-Athw8x-FOD-Package~31bf3856ad364e35~amd64~~10.0.26100.9168 with CBS state -17(CbsInstallStateSuperseded) being mapped to dism state 7(DISM_INSTALL_STATE_SUPERSEDED) - CDISMPackage::LogInstallStateMapping
2026-09-14 17:42:56, Info                  DISM   DISM Package Manager: PID=1452 TID=300 Package Microsoft-Windows-Wifi-Client-Qualcomm-Athw8x-FOD-Package~31bf3856ad364e35~amd64~~10.0.26100.9444 with CBS state 7(CbsInstallStateInstalled) being mapped to dism state 5(DISM_INSTALL_STATE_INSTALLED) - CDISMPackage::LogInstallStateMapping
2026-09-14 17:42:56, Info                  DISM   DISM Package Manager: PID=1452 TID=300 Package Microsoft-Windows-Wifi-Client-Qualcomm-Athwnx-FOD-Package~31bf3856ad364e35~amd64~~10.0.26100.1742 with CBS state 4(CbsInstallStateStaged) being mapped to dism state 3(DISM_INSTALL_STATE_STAGED) - CDISMPackage::LogInstallStateMapping
2026-09-14 17:42:56, Info                  DISM   DISM Package Manager: PID=1452 TID=300 Package Microsoft-Windows-Wifi-Client-Qualcomm-Athwnx-FOD-Package~31bf3856ad364e35~amd64~~10.0.26100.8894 with CBS state -17(CbsInstallStateSuperseded) being mapped to dism state 7(DISM_INSTALL_STATE_SUPERSEDED) - CDISMPackage::LogInstallStateMapping
2026-09-14 17:42:56, Info                  DISM   DISM Package Manager: PID=1452 TID=300 Package Microsoft-Windows-Wifi-Client-Qualcomm-Athwnx-FOD-Package~31bf3856ad364e35~amd64~~10.0.26100.9168 with CBS state -17(CbsInstallStateSuperseded) being mapped to dism state 7(DISM_INSTALL_STATE_SUPERSEDED) - CDISMPackage::LogInstallStateMapping
2026-09-14 17:42:56, Info                  DISM   DISM Package Manager: PID=1452 TID=300 Package Microsoft-Windows-Wifi-Client-Qualcomm-Athwnx-FOD-Package~31bf3856ad364e35~amd64~~10.0.26100.9444 with CBS state 7(CbsInstallStateInstalled) being mapped to dism state 5(DISM_INSTALL_STATE_INSTALLED) - CDISMPackage::LogInstallStateMapping
2026-09-14 17:42:56, Info                  DISM   DISM Package Manager: PID=1452 TID=300 Package Microsoft-Windows-Wifi-Client-Qualcomm-Qcamain10x64-FOD-Package~31bf3856ad364e35~amd64~~10.0.26100.1742 with CBS state 4(CbsInstallStateStaged) being mapped to dism state 3(DISM_INSTALL_STATE_STAGED) - CDISMPackage::LogInstallStateMapping
2026-09-14 17:42:56, Info                  DISM   DISM Package Manager: PID=1452 TID=300 Package Microsoft-Windows-Wifi-Client-Qualcomm-Qcamain10x64-FOD-Package~31bf3856ad364e35~amd64~~10.0.26100.8894 with CBS state -17(CbsInstallStateSuperseded) being mapped to dism state 7(DISM_INSTALL_STATE_SUPERSEDED) - CDISMPackage::LogInstallStateMapping
2026-09-14 17:42:56, Info                  DISM   DISM Package Manager: PID=1452 TID=300 Package Microsoft-Windows-Wifi-Client-Qualcomm-Qcamain10x64-FOD-Package~31bf3856ad364e35~amd64~~10.0.26100.9168 with CBS state -17(CbsInstallStateSuperseded) being mapped to dism state 7(DISM_INSTALL_STATE_SUPERSEDED) - CDISMPackage::LogInstallStateMapping
2026-09-14 17:42:56, Info                  DISM   DISM Package Manager: PID=1452 TID=300 Package Microsoft-Windows-Wifi-Client-Qualcomm-Qcamain10x64-FOD-Package~31bf3856ad364e35~amd64~~10.0.26100.9444 with CBS state 7(CbsInstallStateInstalled) being mapped to dism state 5(DISM_INSTALL_STATE_INSTALLED) - CDISMPackage::LogInstallStateMapping
2026-09-14 17:42:56, Info                  DISM   DISM Package Manager: PID=1452 TID=300 Package Microsoft-Windows-Wifi-Client-Ralink-Netr28x-FOD-Package~31bf3856ad364e35~amd64~~10.0.26100.1742 with CBS state 4(CbsInstallStateStaged) being mapped to dism state 3(DISM_INSTALL_STATE_STAGED) - CDISMPackage::LogInstallStateMapping
2026-09-14 17:42:56, Info                  DISM   DISM Package Manager: PID=1452 TID=300 Package Microsoft-Windows-Wifi-Client-Ralink-Netr28x-FOD-Package~31bf3856ad364e35~amd64~~10.0.26100.8894 with CBS state -17(CbsInstallStateSuperseded) being mapped to dism state 7(DISM_INSTALL_STATE_SUPERSEDED) - CDISMPackage::LogInstallStateMapping
2026-09-14 17:42:56, Info                  DISM   DISM Package Manager: PID=1452 TID=300 Package Microsoft-Windows-Wifi-Client-Ralink-Netr28x-FOD-Package~31bf3856ad364e35~amd64~~10.0.26100.9168 with CBS state -17(CbsInstallStateSuperseded) being mapped to dism state 7(DISM_INSTALL_STATE_SUPERSEDED) - CDISMPackage::LogInstallStateMapping
2026-09-14 17:42:56, Info                  DISM   DISM Package Manager: PID=1452 TID=300 Package Microsoft-Windows-Wifi-Client-Ralink-Netr28x-FOD-Package~31bf3856ad364e35~amd64~~10.0.26100.9444 with CBS state 7(CbsInstallStateInstalled) being mapped to dism state 5(DISM_INSTALL_STATE_INSTALLED) - CDISMPackage::LogInstallStateMapping
2026-09-14 17:42:56, Info                  DISM   DISM Package Manager: PID=1452 TID=300 Package Microsoft-Windows-Wifi-Client-Realtek-Rtl8187se-FOD-Package~31bf3856ad364e35~amd64~~10.0.26100.1742 with CBS state 4(CbsInstallStateStaged) being mapped to dism state 3(DISM_INSTALL_STATE_STAGED) - CDISMPackage::LogInstallStateMapping
2026-09-14 17:42:56, Info                  DISM   DISM Package Manager: PID=1452 TID=300 Package Microsoft-Windows-Wifi-Client-Realtek-Rtl8187se-FOD-Package~31bf3856ad364e35~amd64~~10.0.26100.8894 with CBS state -17(CbsInstallStateSuperseded) being mapped to dism state 7(DISM_INSTALL_STATE_SUPERSEDED) - CDISMPackage::LogInstallStateMapping
2026-09-14 17:42:56, Info                  DISM   DISM Package Manager: PID=1452 TID=300 Package Microsoft-Windows-Wifi-Client-Realtek-Rtl8187se-FOD-Package~31bf3856ad364e35~amd64~~10.0.26100.9168 with CBS state -17(CbsInstallStateSuperseded) being mapped to dism state 7(DISM_INSTALL_STATE_SUPERSEDED) - CDISMPackage::LogInstallStateMapping
2026-09-14 17:42:56, Info                  DISM   DISM Package Manager: PID=1452 TID=300 Package Microsoft-Windows-Wifi-Client-Realtek-Rtl8187se-FOD-Package~31bf3856ad364e35~amd64~~10.0.26100.9444 with CBS state 7(CbsInstallStateInstalled) being mapped to dism state 5(DISM_INSTALL_STATE_INSTALLED) - CDISMPackage::LogInstallStateMapping
2026-09-14 17:42:56, Info                  DISM   DISM Package Manager: PID=1452 TID=300 Package Microsoft-Windows-Wifi-Client-Realtek-Rtl8192se-FOD-Package~31bf3856ad364e35~amd64~~10.0.26100.1742 with CBS state 4(CbsInstallStateStaged) being mapped to dism state 3(DISM_INSTALL_STATE_STAGED) - CDISMPackage::LogInstallStateMapping
2026-09-14 17:42:56, Info                  DISM   DISM Package Manager: PID=1452 TID=300 Package Microsoft-Windows-Wifi-Client-Realtek-Rtl8192se-FOD-Package~31bf3856ad364e35~amd64~~10.0.26100.8894 with CBS state -17(CbsInstallStateSuperseded) being mapped to dism state 7(DISM_INSTALL_STATE_SUPERSEDED) - CDISMPackage::LogInstallStateMapping
2026-09-14 17:42:56, Info                  DISM   DISM Package Manager: PID=1452 TID=300 Package Microsoft-Windows-Wifi-Client-Realtek-Rtl8192se-FOD-Package~31bf3856ad364e35~amd64~~10.0.26100.9168 with CBS state -17(CbsInstallStateSuperseded) being mapped to dism state 7(DISM_INSTALL_STATE_SUPERSEDED) - CDISMPackage::LogInstallStateMapping
2026-09-14 17:42:56, Info                  DISM   DISM Package Manager: PID=1452 TID=300 Package Microsoft-Windows-Wifi-Client-Realtek-Rtl8192se-FOD-Package~31bf3856ad364e35~amd64~~10.0.26100.9444 with CBS state 7(CbsInstallStateInstalled) being mapped to dism state 5(DISM_INSTALL_STATE_INSTALLED) - CDISMPackage::LogInstallStateMapping
2026-09-14 17:42:56, Info                  DISM   DISM Package Manager: PID=1452 TID=300 Package Microsoft-Windows-Wifi-Client-Realtek-Rtl819xp-FOD-Package~31bf3856ad364e35~amd64~~10.0.26100.1742 with CBS state 4(CbsInstallStateStaged) being mapped to dism state 3(DISM_INSTALL_STATE_STAGED) - CDISMPackage::LogInstallStateMapping
2026-09-14 17:42:56, Info                  DISM   DISM Package Manager: PID=1452 TID=300 Package Microsoft-Windows-Wifi-Client-Realtek-Rtl819xp-FOD-Package~31bf3856ad364e35~amd64~~10.0.26100.8894 with CBS state -17(CbsInstallStateSuperseded) being mapped to dism state 7(DISM_INSTALL_STATE_SUPERSEDED) - CDISMPackage::LogInstallStateMapping
2026-09-14 17:42:56, Info                  DISM   DISM Package Manager: PID=1452 TID=300 Package Microsoft-Windows-Wifi-Client-Realtek-Rtl819xp-FOD-Package~31bf3856ad364e35~amd64~~10.0.26100.9168 with CBS state -17(CbsInstallStateSuperseded) being mapped to dism state 7(DISM_INSTALL_STATE_SUPERSEDED) - CDISMPackage::LogInstallStateMapping
2026-09-14 17:42:56, Info                  DISM   DISM Package Manager: PID=1452 TID=300 Package Microsoft-Windows-Wifi-Client-Realtek-Rtl819xp-FOD-Package~31bf3856ad364e35~amd64~~10.0.26100.9444 with CBS state 7(CbsInstallStateInstalled) being mapped to dism state 5(DISM_INSTALL_STATE_INSTALLED) - CDISMPackage::LogInstallStateMapping
2026-09-14 17:42:56, Info                  DISM   DISM Package Manager: PID=1452 TID=300 Package Microsoft-Windows-Wifi-Client-Realtek-Rtl85n64-FOD-Package~31bf3856ad364e35~amd64~~10.0.26100.1742 with CBS state 4(CbsInstallStateStaged) being mapped to dism state 3(DISM_INSTALL_STATE_STAGED) - CDISMPackage::LogInstallStateMapping
2026-09-14 17:42:56, Info                  DISM   DISM Package Manager: PID=1452 TID=300 Package Microsoft-Windows-Wifi-Client-Realtek-Rtl85n64-FOD-Package~31bf3856ad364e35~amd64~~10.0.26100.8894 with CBS state -17(CbsInstallStateSuperseded) being mapped to dism state 7(DISM_INSTALL_STATE_SUPERSEDED) - CDISMPackage::LogInstallStateMapping
2026-09-14 17:42:56, Info                  DISM   DISM Package Manager: PID=1452 TID=300 Package Microsoft-Windows-Wifi-Client-Realtek-Rtl85n64-FOD-Package~31bf3856ad364e35~amd64~~10.0.26100.9168 with CBS state -17(CbsInstallStateSuperseded) being mapped to dism state 7(DISM_INSTALL_STATE_SUPERSEDED) - CDISMPackage::LogInstallStateMapping
2026-09-14 17:42:56, Info                  DISM   DISM Package Manager: PID=1452 TID=300 Package Microsoft-Windows-Wifi-Client-Realtek-Rtl85n64-FOD-Package~31bf3856ad364e35~amd64~~10.0.26100.9444 with CBS state 7(CbsInstallStateInstalled) being mapped to dism state 5(DISM_INSTALL_STATE_INSTALLED) - CDISMPackage::LogInstallStateMapping
2026-09-14 17:42:56, Info                  DISM   DISM Package Manager: PID=1452 TID=300 Package Microsoft-Windows-Wifi-Client-Realtek-Rtwlane-FOD-Package~31bf3856ad364e35~amd64~~10.0.26100.1742 with CBS state 4(CbsInstallStateStaged) being mapped to dism state 3(DISM_INSTALL_STATE_STAGED) - CDISMPackage::LogInstallStateMapping
2026-09-14 17:42:56, Info                  DISM   DISM Package Manager: PID=1452 TID=300 Package Microsoft-Windows-Wifi-Client-Realtek-Rtwlane-FOD-Package~31bf3856ad364e35~amd64~~10.0.26100.8894 with CBS state -17(CbsInstallStateSuperseded) being mapped to dism state 7(DISM_INSTALL_STATE_SUPERSEDED) - CDISMPackage::LogInstallStateMapping
2026-09-14 17:42:56, Info                  DISM   DISM Package Manager: PID=1452 TID=300 Package Microsoft-Windows-Wifi-Client-Realtek-Rtwlane-FOD-Package~31bf3856ad364e35~amd64~~10.0.26100.9168 with CBS state -17(CbsInstallStateSuperseded) being mapped to dism state 7(DISM_INSTALL_STATE_SUPERSEDED) - CDISMPackage::LogInstallStateMapping
2026-09-14 17:42:56, Info                  DISM   DISM Package Manager: PID=1452 TID=300 Package Microsoft-Windows-Wifi-Client-Realtek-Rtwlane-FOD-Package~31bf3856ad364e35~amd64~~10.0.26100.9444 with CBS state 7(CbsInstallStateInstalled) being mapped to dism state 5(DISM_INSTALL_STATE_INSTALLED) - CDISMPackage::LogInstallStateMapping
2026-09-14 17:42:56, Info                  DISM   DISM Package Manager: PID=1452 TID=300 Package Microsoft-Windows-Wifi-Client-Realtek-Rtwlane01-FOD-Package~31bf3856ad364e35~amd64~~10.0.26100.1742 with CBS state 4(CbsInstallStateStaged) being mapped to dism state 3(DISM_INSTALL_STATE_STAGED) - CDISMPackage::LogInstallStateMapping
2026-09-14 17:42:56, Info                  DISM   DISM Package Manager: PID=1452 TID=300 Package Microsoft-Windows-Wifi-Client-Realtek-Rtwlane01-FOD-Package~31bf3856ad364e35~amd64~~10.0.26100.8894 with CBS state -17(CbsInstallStateSuperseded) being mapped to dism state 7(DISM_INSTALL_STATE_SUPERSEDED) - CDISMPackage::LogInstallStateMapping
2026-09-14 17:42:56, Info                  DISM   DISM Package Manager: PID=1452 TID=300 Package Microsoft-Windows-Wifi-Client-Realtek-Rtwlane01-FOD-Package~31bf3856ad364e35~amd64~~10.0.26100.9168 with CBS state -17(CbsInstallStateSuperseded) being mapped to dism state 7(DISM_INSTALL_STATE_SUPERSEDED) - CDISMPackage::LogInstallStateMapping
2026-09-14 17:42:56, Info                  DISM   DISM Package Manager: PID=1452 TID=300 Package Microsoft-Windows-Wifi-Client-Realtek-Rtwlane01-FOD-Package~31bf3856ad364e35~amd64~~10.0.26100.9444 with CBS state 7(CbsInstallStateInstalled) being mapped to dism state 5(DISM_INSTALL_STATE_INSTALLED) - CDISMPackage::LogInstallStateMapping
2026-09-14 17:42:56, Info                  DISM   DISM Package Manager: PID=1452 TID=300 Package Microsoft-Windows-Wifi-Client-Realtek-Rtwlane13-FOD-Package~31bf3856ad364e35~amd64~~10.0.26100.1742 with CBS state 4(CbsInstallStateStaged) being mapped to dism state 3(DISM_INSTALL_STATE_STAGED) - CDISMPackage::LogInstallStateMapping
2026-09-14 17:42:56, Info                  DISM   DISM Package Manager: PID=1452 TID=300 Package Microsoft-Windows-Wifi-Client-Realtek-Rtwlane13-FOD-Package~31bf3856ad364e35~amd64~~10.0.26100.8894 with CBS state -17(CbsInstallStateSuperseded) being mapped to dism state 7(DISM_INSTALL_STATE_SUPERSEDED) - CDISMPackage::LogInstallStateMapping
2026-09-14 17:42:56, Info                  DISM   DISM Package Manager: PID=1452 TID=300 Package Microsoft-Windows-Wifi-Client-Realtek-Rtwlane13-FOD-Package~31bf3856ad364e35~amd64~~10.0.26100.9168 with CBS state -17(CbsInstallStateSuperseded) being mapped to dism state 7(DISM_INSTALL_STATE_SUPERSEDED) - CDISMPackage::LogInstallStateMapping
2026-09-14 17:42:56, Info                  DISM   DISM Package Manager: PID=1452 TID=300 Package Microsoft-Windows-Wifi-Client-Realtek-Rtwlane13-FOD-Package~31bf3856ad364e35~amd64~~10.0.26100.9444 with CBS state 7(CbsInstallStateInstalled) being mapped to dism state 5(DISM_INSTALL_STATE_INSTALLED) - CDISMPackage::LogInstallStateMapping
2026-09-14 17:42:56, Info                  DISM   DISM Package Manager: PID=1452 TID=300 Package Microsoft-Windows-WinOcr-FOD-Package~31bf3856ad364e35~amd64~en-US~10.0.26100.1 with CBS state 4(CbsInstallStateStaged) being mapped to dism state 3(DISM_INSTALL_STATE_STAGED) - CDISMPackage::LogInstallStateMapping
2026-09-14 17:42:56, Info                  DISM   DISM Package Manager: PID=1452 TID=300 Package Microsoft-Windows-WinOcr-FOD-Package~31bf3856ad364e35~amd64~en-US~10.0.26100.8894 with CBS state -17(CbsInstallStateSuperseded) being mapped to dism state 7(DISM_INSTALL_STATE_SUPERSEDED) - CDISMPackage::LogInstallStateMapping
2026-09-14 17:42:56, Info                  DISM   DISM Package Manager: PID=1452 TID=300 Package Microsoft-Windows-WinOcr-FOD-Package~31bf3856ad364e35~amd64~en-US~10.0.26100.9168 with CBS state -17(CbsInstallStateSuperseded) being mapped to dism state 7(DISM_INSTALL_STATE_SUPERSEDED) - CDISMPackage::LogInstallStateMapping
2026-09-14 17:42:56, Info                  DISM   DISM Package Manager: PID=1452 TID=300 Package Microsoft-Windows-WinOcr-FOD-Package~31bf3856ad364e35~amd64~en-US~10.0.26100.9444 with CBS state 7(CbsInstallStateInstalled) being mapped to dism state 5(DISM_INSTALL_STATE_INSTALLED) - CDISMPackage::LogInstallStateMapping
2026-09-14 17:42:56, Info                  DISM   DISM Package Manager: PID=1452 TID=300 Package Microsoft-Windows-WinOcr-FOD-Package~31bf3856ad364e35~amd64~~10.0.26100.1742 with CBS state 4(CbsInstallStateStaged) being mapped to dism state 3(DISM_INSTALL_STATE_STAGED) - CDISMPackage::LogInstallStateMapping
2026-09-14 17:42:56, Info                  DISM   DISM Package Manager: PID=1452 TID=300 Package Microsoft-Windows-WinOcr-FOD-Package~31bf3856ad364e35~amd64~~10.0.26100.8894 with CBS state -17(CbsInstallStateSuperseded) being mapped to dism state 7(DISM_INSTALL_STATE_SUPERSEDED) - CDISMPackage::LogInstallStateMapping
2026-09-14 17:42:56, Info                  DISM   DISM Package Manager: PID=1452 TID=300 Package Microsoft-Windows-WinOcr-FOD-Package~31bf3856ad364e35~amd64~~10.0.26100.9168 with CBS state -17(CbsInstallStateSuperseded) being mapped to dism state 7(DISM_INSTALL_STATE_SUPERSEDED) - CDISMPackage::LogInstallStateMapping
2026-09-14 17:42:56, Info                  DISM   DISM Package Manager: PID=1452 TID=300 Package Microsoft-Windows-WinOcr-FOD-Package~31bf3856ad364e35~amd64~~10.0.26100.9444 with CBS state 7(CbsInstallStateInstalled) being mapped to dism state 5(DISM_INSTALL_STATE_INSTALLED) - CDISMPackage::LogInstallStateMapping
2026-09-14 17:42:56, Info                  DISM   DISM Package Manager: PID=1452 TID=300 Package Microsoft-Windows-WinOcr-FOD-Package~31bf3856ad364e35~wow64~en-US~10.0.26100.1 with CBS state 7(CbsInstallStateInstalled) being mapped to dism state 5(DISM_INSTALL_STATE_INSTALLED) - CDISMPackage::LogInstallStateMapping
2026-09-14 17:42:56, Info                  DISM   DISM Package Manager: PID=1452 TID=300 Package Microsoft-Windows-WinOcr-FOD-Package~31bf3856ad364e35~wow64~~10.0.26100.1 with CBS state 4(CbsInstallStateStaged) being mapped to dism state 3(DISM_INSTALL_STATE_STAGED) - CDISMPackage::LogInstallStateMapping
2026-09-14 17:42:56, Info                  DISM   DISM Package Manager: PID=1452 TID=300 Package Microsoft-Windows-WinOcr-FOD-Package~31bf3856ad364e35~wow64~~10.0.26100.8894 with CBS state -17(CbsInstallStateSuperseded) being mapped to dism state 7(DISM_INSTALL_STATE_SUPERSEDED) - CDISMPackage::LogInstallStateMapping
2026-09-14 17:42:56, Info                  DISM   DISM Package Manager: PID=1452 TID=300 Package Microsoft-Windows-WinOcr-FOD-Package~31bf3856ad364e35~wow64~~10.0.26100.9168 with CBS state -17(CbsInstallStateSuperseded) being mapped to dism state 7(DISM_INSTALL_STATE_SUPERSEDED) - CDISMPackage::LogInstallStateMapping
2026-09-14 17:42:56, Info                  DISM   DISM Package Manager: PID=1452 TID=300 Package Microsoft-Windows-WinOcr-FOD-Package~31bf3856ad364e35~wow64~~10.0.26100.9444 with CBS state 7(CbsInstallStateInstalled) being mapped to dism state 5(DISM_INSTALL_STATE_INSTALLED) - CDISMPackage::LogInstallStateMapping
2026-09-14 17:42:56, Info                  DISM   DISM Package Manager: PID=1452 TID=300 Package Microsoft-Windows-WMIC-FoD-Package~31bf3856ad364e35~amd64~en-US~10.0.26100.1742 with CBS state 4(CbsInstallStateStaged) being mapped to dism state 3(DISM_INSTALL_STATE_STAGED) - CDISMPackage::LogInstallStateMapping
2026-09-14 17:42:56, Info                  DISM   DISM Package Manager: PID=1452 TID=300 Package Microsoft-Windows-WMIC-FoD-Package~31bf3856ad364e35~amd64~en-US~10.0.26100.8894 with CBS state -17(CbsInstallStateSuperseded) being mapped to dism state 7(DISM_INSTALL_STATE_SUPERSEDED) - CDISMPackage::LogInstallStateMapping
2026-09-14 17:42:56, Info                  DISM   DISM Package Manager: PID=1452 TID=300 Package Microsoft-Windows-WMIC-FoD-Package~31bf3856ad364e35~amd64~en-US~10.0.26100.9168 with CBS state -17(CbsInstallStateSuperseded) being mapped to dism state 7(DISM_INSTALL_STATE_SUPERSEDED) - CDISMPackage::LogInstallStateMapping
2026-09-14 17:42:56, Info                  DISM   DISM Package Manager: PID=1452 TID=300 Package Microsoft-Windows-WMIC-FoD-Package~31bf3856ad364e35~amd64~en-US~10.0.26100.9444 with CBS state 7(CbsInstallStateInstalled) being mapped to dism state 5(DISM_INSTALL_STATE_INSTALLED) - CDISMPackage::LogInstallStateMapping
2026-09-14 17:42:56, Info                  DISM   DISM Package Manager: PID=1452 TID=300 Package Microsoft-Windows-WMIC-FoD-Package~31bf3856ad364e35~amd64~~10.0.26100.1742 with CBS state 4(CbsInstallStateStaged) being mapped to dism state 3(DISM_INSTALL_STATE_STAGED) - CDISMPackage::LogInstallStateMapping
2026-09-14 17:42:56, Info                  DISM   DISM Package Manager: PID=1452 TID=300 Package Microsoft-Windows-WMIC-FoD-Package~31bf3856ad364e35~amd64~~10.0.26100.8894 with CBS state -17(CbsInstallStateSuperseded) being mapped to dism state 7(DISM_INSTALL_STATE_SUPERSEDED) - CDISMPackage::LogInstallStateMapping
2026-09-14 17:42:56, Info                  DISM   DISM Package Manager: PID=1452 TID=300 Package Microsoft-Windows-WMIC-FoD-Package~31bf3856ad364e35~amd64~~10.0.26100.9168 with CBS state -17(CbsInstallStateSuperseded) being mapped to dism state 7(DISM_INSTALL_STATE_SUPERSEDED) - CDISMPackage::LogInstallStateMapping
2026-09-14 17:42:56, Info                  DISM   DISM Package Manager: PID=1452 TID=300 Package Microsoft-Windows-WMIC-FoD-Package~31bf3856ad364e35~amd64~~10.0.26100.9445 with CBS state 7(CbsInstallStateInstalled) being mapped to dism state 5(DISM_INSTALL_STATE_INSTALLED) - CDISMPackage::LogInstallStateMapping
2026-09-14 17:42:56, Info                  DISM   DISM Package Manager: PID=1452 TID=300 Package Microsoft-Windows-WMIC-FoD-Package~31bf3856ad364e35~wow64~en-US~10.0.26100.1 with CBS state 7(CbsInstallStateInstalled) being mapped to dism state 5(DISM_INSTALL_STATE_INSTALLED) - CDISMPackage::LogInstallStateMapping
2026-09-14 17:42:56, Info                  DISM   DISM Package Manager: PID=1452 TID=300 Package Microsoft-Windows-WMIC-FoD-Package~31bf3856ad364e35~wow64~~10.0.26100.1742 with CBS state 4(CbsInstallStateStaged) being mapped to dism state 3(DISM_INSTALL_STATE_STAGED) - CDISMPackage::LogInstallStateMapping
2026-09-14 17:42:56, Info                  DISM   DISM Package Manager: PID=1452 TID=300 Package Microsoft-Windows-WMIC-FoD-Package~31bf3856ad364e35~wow64~~10.0.26100.8894 with CBS state -17(CbsInstallStateSuperseded) being mapped to dism state 7(DISM_INSTALL_STATE_SUPERSEDED) - CDISMPackage::LogInstallStateMapping
2026-09-14 17:42:56, Info                  DISM   DISM Package Manager: PID=1452 TID=300 Package Microsoft-Windows-WMIC-FoD-Package~31bf3856ad364e35~wow64~~10.0.26100.9168 with CBS state -17(CbsInstallStateSuperseded) being mapped to dism state 7(DISM_INSTALL_STATE_SUPERSEDED) - CDISMPackage::LogInstallStateMapping
2026-09-14 17:42:56, Info                  DISM   DISM Package Manager: PID=1452 TID=300 Package Microsoft-Windows-WMIC-FoD-Package~31bf3856ad364e35~wow64~~10.0.26100.9445 with CBS state 7(CbsInstallStateInstalled) being mapped to dism state 5(DISM_INSTALL_STATE_INSTALLED) - CDISMPackage::LogInstallStateMapping
2026-09-14 17:42:56, Info                  DISM   DISM Package Manager: PID=1452 TID=300 Package OpenSSH-Client-Package~31bf3856ad364e35~amd64~~10.0.26100.1742 with CBS state 4(CbsInstallStateStaged) being mapped to dism state 3(DISM_INSTALL_STATE_STAGED) - CDISMPackage::LogInstallStateMapping
2026-09-14 17:42:56, Info                  DISM   DISM Package Manager: PID=1452 TID=300 Package OpenSSH-Client-Package~31bf3856ad364e35~amd64~~10.0.26100.8894 with CBS state -17(CbsInstallStateSuperseded) being mapped to dism state 7(DISM_INSTALL_STATE_SUPERSEDED) - CDISMPackage::LogInstallStateMapping
2026-09-14 17:42:56, Info                  DISM   DISM Package Manager: PID=1452 TID=300 Package OpenSSH-Client-Package~31bf3856ad364e35~amd64~~10.0.26100.9168 with CBS state -17(CbsInstallStateSuperseded) being mapped to dism state 7(DISM_INSTALL_STATE_SUPERSEDED) - CDISMPackage::LogInstallStateMapping
2026-09-14 17:42:56, Info                  DISM   DISM Package Manager: PID=1452 TID=300 Package OpenSSH-Client-Package~31bf3856ad364e35~amd64~~10.0.26100.9444 with CBS state 7(CbsInstallStateInstalled) being mapped to dism state 5(DISM_INSTALL_STATE_INSTALLED) - CDISMPackage::LogInstallStateMapping
2026-09-14 17:42:56, Info                  DISM   DISM Package Manager: PID=1452 TID=300 Package Package_for_DotNetRollup_481~31bf3856ad364e35~amd64~~10.0.9335.3 with CBS state -17(CbsInstallStateSuperseded) being mapped to dism state 7(DISM_INSTALL_STATE_SUPERSEDED) - CDISMPackage::LogInstallStateMapping
2026-09-14 17:42:56, Info                  DISM   DISM Package Manager: PID=1452 TID=300 Package Package_for_DotNetRollup_481~31bf3856ad364e35~amd64~~10.0.9340.4 with CBS state -17(CbsInstallStateSuperseded) being mapped to dism state 7(DISM_INSTALL_STATE_SUPERSEDED) - CDISMPackage::LogInstallStateMapping
2026-09-14 17:42:56, Info                  DISM   DISM Package Manager: PID=1452 TID=300 Package Package_for_DotNetRollup_481~31bf3856ad364e35~amd64~~10.0.9344.1 with CBS state -17(CbsInstallStateSuperseded) being mapped to dism state 7(DISM_INSTALL_STATE_SUPERSEDED) - CDISMPackage::LogInstallStateMapping
2026-09-14 17:42:56, Info                  DISM   DISM Package Manager: PID=1452 TID=300 Package Package_for_DotNetRollup_481~31bf3856ad364e35~amd64~~10.0.9347.1 with CBS state 7(CbsInstallStateInstalled) being mapped to dism state 5(DISM_INSTALL_STATE_INSTALLED) - CDISMPackage::LogInstallStateMapping
2026-09-14 17:42:56, Info                  DISM   DISM Package Manager: PID=1452 TID=300 Package Package_for_KB5054156~31bf3856ad364e35~amd64~~26100.6717.1.4 with CBS state 7(CbsInstallStateInstalled) being mapped to dism state 5(DISM_INSTALL_STATE_INSTALLED) - CDISMPackage::LogInstallStateMapping
2026-09-14 17:42:56, Info                  DISM   DISM Package Manager: PID=1452 TID=300 Package Package_for_RollupFix~31bf3856ad364e35~amd64~~26100.1742.1.10 with CBS state 4(CbsInstallStateStaged) being mapped to dism state 3(DISM_INSTALL_STATE_STAGED) - CDISMPackage::LogInstallStateMapping
2026-09-14 17:42:56, Info                  DISM   DISM Package Manager: PID=1452 TID=300 Package Package_for_RollupFix~31bf3856ad364e35~amd64~~26100.8894.1.8 with CBS state -17(CbsInstallStateSuperseded) being mapped to dism state 7(DISM_INSTALL_STATE_SUPERSEDED) - CDISMPackage::LogInstallStateMapping
2026-09-14 17:42:56, Info                  DISM   DISM Package Manager: PID=1452 TID=300 Package Package_for_RollupFix~31bf3856ad364e35~amd64~~26100.9168.1.19 with CBS state -17(CbsInstallStateSuperseded) being mapped to dism state 7(DISM_INSTALL_STATE_SUPERSEDED) - CDISMPackage::LogInstallStateMapping
2026-09-14 17:42:56, Info                  DISM   DISM Package Manager: PID=1452 TID=300 Package Package_for_RollupFix~31bf3856ad364e35~amd64~~26100.9445.1.26 with CBS state 7(CbsInstallStateInstalled) being mapped to dism state 5(DISM_INSTALL_STATE_INSTALLED) - CDISMPackage::LogInstallStateMapping
2026-09-14 17:42:56, Info                  DISM   DISM Package Manager: PID=1452 TID=300 Package Package_for_ServicingStack_9441~31bf3856ad364e35~amd64~~26100.9441.1.11 with CBS state 7(CbsInstallStateInstalled) being mapped to dism state 5(DISM_INSTALL_STATE_INSTALLED) - CDISMPackage::LogInstallStateMapping
2026-09-14 17:43:06, Info                  DISM   API: PID=21356 TID=14848 Input parameters: Session: 2 - DismCloseSessionInternal
2026-09-14 17:43:06, Info                  DISM   API: PID=21356 TID=14848 GetReferenceCount hr: 0x0 - CSessionTable::RemoveSession
2026-09-14 17:43:06, Info                  DISM   API: PID=21356 TID=14848 Refcount for DismSession= 2s 0 - CSessionTable::RemoveSession
2026-09-14 17:43:06, Info                  DISM   API: PID=21356 TID=14848 Successfully enqueued command object - CCommandThread::EnqueueCommandObject
2026-09-14 17:43:06, Info                  DISM   API: PID=21356 TID=18060 ExecuteLoop: CommandQueue signaled - CCommandThread::ExecuteLoop
2026-09-14 17:43:06, Info                  DISM   API: PID=21356 TID=18060 Successfully dequeued command object - CCommandThread::DequeueCommandObject
2026-09-14 17:43:06, Info                  DISM   API: PID=21356 TID=18060 ExecuteLoop: Cancel signaled - CCommandThread::ExecuteLoop
2026-09-14 17:43:06, Info                  DISM   API: PID=21356 TID=18060 Leave CCommandThread::ExecuteLoop - CCommandThread::ExecuteLoop
2026-09-14 17:43:06, Info                  DISM   DISM Package Manager: PID=1452 TID=300 Finalizing CBS core. - CDISMPackageManager::Finalize
2026-09-14 17:43:06, Info                  DISM   API: PID=21356 TID=18060 Leave CCommandThread::CommandThreadProcedureStub - CCommandThread::CommandThreadProcedureStub
2026-09-14 17:43:06, Info                  DISM   API: PID=21356 TID=14848 GetReferenceCount hr: 0x0 - CSessionTable::RemoveSession
2026-09-14 17:43:06, Info                  DISM   API: PID=21356 TID=14848 Refcount for DismSession= 1s 0 - CSessionTable::RemoveSession
2026-09-14 17:43:06, Info                  DISM   API: PID=21356 TID=14848 Successfully enqueued command object - CCommandThread::EnqueueCommandObject
2026-09-14 17:43:06, Info                  DISM   API: PID=21356 TID=16712 ExecuteLoop: CommandQueue signaled - CCommandThread::ExecuteLoop
2026-09-14 17:43:06, Info                  DISM   API: PID=21356 TID=16712 Successfully dequeued command object - CCommandThread::DequeueCommandObject
2026-09-14 17:43:06, Info                  DISM   API: PID=21356 TID=16712 ExecuteLoop: Cancel signaled - CCommandThread::ExecuteLoop
2026-09-14 17:43:06, Info                  DISM   API: PID=21356 TID=16712 Leave CCommandThread::ExecuteLoop - CCommandThread::ExecuteLoop
2026-09-14 17:43:06, Info                  DISM   PID=21356 TID=16712 Temporarily setting the scratch directory. This may be overridden by user later. - CDISMManager::FinalConstruct
2026-09-14 17:43:06, Info                  DISM   PID=21356 TID=16712 Scratch directory set to 'C:\Users\kriba\AppData\Local\Temp\'. - CDISMManager::put_ScratchDir
2026-09-14 17:43:06, Info                  DISM   PID=21356 TID=16712 DismCore.dll version: 10.0.26100.9278 - CDISMManager::FinalConstruct
2026-09-14 17:43:06, Info                  DISM   Initialized Panther logging at C:\WINDOWS\Logs\DISM\dism.log
2026-09-14 17:43:06, Info                  DISM   API: PID=21356 TID=16712 Leave CCommandThread::CommandThreadProcedureStub - CCommandThread::CommandThreadProcedureStub
2026-09-14 17:43:06, Info                  DISM   API: PID=21356 TID=14848 Deleted g_internalDismSession - DismShutdownInternal
2026-09-14 17:43:06, Info                  DISM   API: PID=21356 TID=14848 Shutdown SessionTable - DismShutdownInternal
2026-09-14 17:43:06, Info                  DISM   API: PID=21356 TID=14848 DismApi.dll:                                          - DismShutdownInternal
2026-09-14 17:43:06, Info                  DISM   API: PID=21356 TID=14848 DismApi.dll: <----- Ending DismApi.dll session -----> - DismShutdownInternal
2026-09-14 17:43:06, Info                  DISM   API: PID=21356 TID=14848 DismApi.dll:                                          - DismShutdownInternal
2026-09-14 17:53:27, Info                  DISM   DISM Package Manager: PID=19084 TID=20996  Error in operation: The repair content could not be found anywhere. (CBS HRESULT=0x800f0915) - CCbsConUIHandler::Error
2026-09-14 17:53:27, Error                 DISM   DISM Package Manager: PID=19084 TID=8636 Failed finalizing changes. - CDISMPackageManager::Internal_Finalize(hr:0x800f0915)
2026-09-14 17:53:27, Error                 DISM   DISM Package Manager: PID=19084 TID=8636 The repair content could not be found anywhere. The image may be corrupted. Check the internet connection or try to restore the image using the /source option. - GetCbsErrorMsg
2026-09-14 17:53:27, Error                 DISM   DISM Package Manager: PID=19084 TID=8636 Failed processing package changes with session options - CDISMPackageManager::Internal_ProcessChangesWithOptions(hr:0x800f0915)
2026-09-14 17:53:27, Error                 DISM   DISM Package Manager: PID=19084 TID=8636 Failed processing package changes with session option CbsSessionOptionRepairStoreCorruption - CDISMPackageManager::RestoreHealth(hr:0x800f0915)
2026-09-14 17:55:02, Error                 DISM   DISM Package Manager: PID=19084 TID=8636 The repair content could not be found anywhere. The image may be corrupted. Check the internet connection or try to restore the image using the /source option. - GetCbsErrorMsg
2026-09-14 17:55:02, Error                 DISM   DISM Package Manager: PID=19084 TID=8636 Failed to restore the image health. - CPackageManagerCLIHandler::ProcessCmdLine_CleanupImage(hr:0x800f0915)
2026-09-14 17:55:02, Error                 DISM   DISM Package Manager: PID=19084 TID=8636 Failed while processing command cleanup-image. - CPackageManagerCLIHandler::ExecuteCmdLine(hr:0x800f0915)
2026-09-14 17:55:02, Info                  DISM   DISM Package Manager: PID=19084 TID=8636 Further logs for online package and feature related operations can be found at %WINDIR%\logs\CBS\cbs.log - CPackageManagerCLIHandler::ExecuteCmdLine
2026-09-14 17:55:02, Info                  DISM   DISM Package Manager: PID=19084 TID=15780 Finalizing CBS core. - CDISMPackageManager::Finalize
2026-09-14 17:55:02, Info                  DISM   DISM Manager: PID=19680 TID=20876 Closing session event handle 0x280 - CDISMManager::CleanupImageSessionEntry
2026-09-14 17:55:02, Info                  DISM   DISM.EXE: Image session has been closed. Reboot required=no.
2026-09-14 17:55:02, Info                  DISM   DISM.EXE: 
2026-09-14 17:55:02, Info                  DISM   DISM.EXE: <----- Ending Dism.exe session ----->
2026-09-14 17:55:02, Info                  DISM   DISM.EXE: 
2026-09-14 19:17:44, Info                  DISM   API: PID=11572 TID=3288 DismApi.dll:                                            - DismInitializeInternal
2026-09-14 19:17:44, Info                  DISM   API: PID=11572 TID=3288 DismApi.dll: <----- Starting DismApi.dll session -----> - DismInitializeInternal
2026-09-14 19:17:44, Info                  DISM   API: PID=11572 TID=3288 DismApi.dll:                                            - DismInitializeInternal
2026-09-14 19:17:44, Info                  DISM   API: PID=11572 TID=3288 DismApi.dll: Host machine information: OS Version=10.0.26200, Running architecture=amd64, Number of processors=16 - DismInitializeInternal
2026-09-14 19:17:44, Info                  DISM   API: PID=11572 TID=3288 DismApi.dll: API Version 10.0.26100.9278 - DismInitializeInternal
2026-09-14 19:17:44, Info                  DISM   API: PID=11572 TID=3288 DismApi.dll: Parent process command line: "C:\WINDOWS\system32\cleanmgr.exe" /autocleanstoragesense /d C: - DismInitializeInternal
2026-09-14 19:17:44, Info                  DISM   API: PID=11572 TID=3288 Input parameters: LogLevel: 2, LogFilePath: (null), ScratchDirectory: (null) - DismInitializeInternal
2026-09-14 19:17:44, Info                  DISM   Initialized Panther logging at C:\WINDOWS\Logs\DISM\dism.log
2026-09-14 19:17:44, Info                  DISM   API: PID=11572 TID=3288 Initialized GlobalConfig - DismInitializeInternal
2026-09-14 19:17:44, Info                  DISM   API: PID=11572 TID=3288 Initialized SessionTable - DismInitializeInternal
2026-09-14 19:17:44, Info                  DISM   API: PID=11572 TID=3288 Lookup in table by path failed for: DummyPath-2BA51B78-C7F7-4910-B99D-BB7345357CDC - CTransactionalImageTable::LookupImagePath
2026-09-14 19:17:44, Info                  DISM   API: PID=11572 TID=3288 Waiting for m_pInternalThread to start - CCommandThread::Start
2026-09-14 19:17:44, Info                  DISM   API: PID=11572 TID=16716 Enter CCommandThread::CommandThreadProcedureStub - CCommandThread::CommandThreadProcedureStub
2026-09-14 19:17:44, Info                  DISM   API: PID=11572 TID=16716 Enter CCommandThread::ExecuteLoop - CCommandThread::ExecuteLoop
2026-09-14 19:17:44, Info                  DISM   API: PID=11572 TID=3288 CommandThread StartupEvent signaled - CCommandThread::WaitForStartup
2026-09-14 19:17:44, Info                  DISM   API: PID=11572 TID=3288 m_pInternalThread started - CCommandThread::Start
2026-09-14 19:17:44, Info                  DISM   API: PID=11572 TID=3288 Created g_internalDismSession - DismInitializeInternal
2026-09-14 19:17:44, Info                  DISM   API: PID=11572 TID=3288 Input parameters: ImagePath: DISM_{53BFAE52-B167-4E2F-A258-0A37B57FF845}, WindowsDirectory: (null), SystemDrive: (null) - DismOpenSessionInternal
2026-09-14 19:17:44, Info                  DISM   API: PID=11572 TID=3288 Lookup in table by path failed for: DRIVE_C - CTransactionalImageTable::LookupImagePath
2026-09-14 19:17:44, Info                  DISM   API: PID=11572 TID=3288 Waiting for m_pInternalThread to start - CCommandThread::Start
2026-09-14 19:17:44, Info                  DISM   API: PID=11572 TID=4272 Enter CCommandThread::CommandThreadProcedureStub - CCommandThread::CommandThreadProcedureStub
2026-09-14 19:17:44, Info                  DISM   API: PID=11572 TID=4272 Enter CCommandThread::ExecuteLoop - CCommandThread::ExecuteLoop
2026-09-14 19:17:44, Info                  DISM   API: PID=11572 TID=3288 CommandThread StartupEvent signaled - CCommandThread::WaitForStartup
2026-09-14 19:17:44, Info                  DISM   API: PID=11572 TID=3288 m_pInternalThread started - CCommandThread::Start
2026-09-14 19:17:44, Info                  DISM   API: PID=11572 TID=3288 Successfully enqueued command object - CCommandThread::EnqueueCommandObject
2026-09-14 19:17:44, Info                  DISM   API: PID=11572 TID=4272 ExecuteLoop: CommandQueue signaled - CCommandThread::ExecuteLoop
2026-09-14 19:17:44, Info                  DISM   API: PID=11572 TID=4272 Successfully dequeued command object - CCommandThread::DequeueCommandObject
2026-09-14 19:17:44, Info                  DISM   PID=11572 TID=4272 Scratch directory set to 'C:\Users\kriba\AppData\Local\Temp\'. - CDISMManager::put_ScratchDir
2026-09-14 19:17:44, Info                  DISM   PID=11572 TID=4272 DismCore.dll version: 10.0.26100.9278 - CDISMManager::FinalConstruct
2026-09-14 19:17:44, Info                  DISM   Initialized Panther logging at C:\WINDOWS\Logs\DISM\dism.log
2026-09-14 19:17:44, Info                  DISM   PID=11572 TID=4272 Successfully loaded the ImageSession at "C:\WINDOWS\system32\Dism" - CDISMManager::LoadLocalImageSession
2026-09-14 19:17:44, Info                  DISM   Initialized Panther logging at C:\WINDOWS\Logs\DISM\dism.log
[11572.4272] [0x8007007b] FIOReadFileIntoBuffer:(1454): The filename, directory name, or volume label syntax is incorrect.
[11572.4272] [0xc142011c] UnmarshallImageHandleFromDirectory:(641)
[11572.4272] [0xc142011c] WIMGetMountedImageHandle:(2910)
[11572.4272] [0x8007007b] FIOReadFileIntoBuffer:(1454): The filename, directory name, or volume label syntax is incorrect.
[11572.4272] [0xc142011c] UnmarshallImageHandleFromDirectory:(641)
[11572.4272] [0xc142011c] WIMGetMountedImageHandle:(2910)
2026-09-14 19:17:44, Info                  DISM   Initialized Panther logging at C:\WINDOWS\Logs\DISM\dism.log
2026-09-14 19:17:44, Info                  DISM   DISM Provider Store: PID=8892 TID=12912 Found and Initialized the DISM Logger. - CDISMProviderStore::Internal_InitializeLogger
2026-09-14 19:17:44, Info                  DISM   Initialized Panther logging at C:\WINDOWS\Logs\DISM\dism.log
2026-09-14 19:17:44, Info                  DISM   Initialized Panther logging at C:\WINDOWS\Logs\DISM\dism.log
2026-09-14 19:17:44, Info                  DISM   API: PID=11572 TID=4272 Target image information: OS Version=10.0.26200.9445, Image architecture=amd64 - CDismCore::LogImageSessionDetails
2026-09-14 19:17:44, Info                  DISM   API: PID=11572 TID=3288 Session id is: 2 - DismOpenSessionInternal
2026-09-14 19:17:45, Info                  DISM   API: PID=11572 TID=3288 Input parameter: Session: 2 - DismGetPackagesInternal
2026-09-14 19:17:45, Info                  DISM   API: PID=11572 TID=3288 Successfully enqueued command object - CCommandThread::EnqueueCommandObject
2026-09-14 19:17:45, Info                  DISM   API: PID=11572 TID=4272 ExecuteLoop: CommandQueue signaled - CCommandThread::ExecuteLoop
2026-09-14 19:17:45, Info                  DISM   API: PID=11572 TID=4272 Successfully dequeued command object - CCommandThread::DequeueCommandObject
2026-09-14 19:17:46, Info                  DISM   DISM Package Manager: PID=8892 TID=12912 Finished initializing the CbsConUI Handler. - CCbsConUIHandler::Initialize
2026-09-14 19:17:46, Info                  DISM   DISM Package Manager: PID=8892 TID=12912 CBS is being initialized for online use. More information about CBS actions can be located at: %windir%\logs\CBS\CBS.log - CDISMPackageManager::Initialize
2026-09-14 19:17:46, Info                  DISM   DISM Package Manager: PID=8892 TID=12912 Loaded servicing stack for online use. - CDISMPackageManager::CreateCbsSession
2026-09-14 19:17:46, Info                  CSI    00000001 Shim considered [l:123]'\??\C:\WINDOWS\WinSxS\amd64_microsoft-windows-servicingstack_31bf3856ad364e35_10.0.26100.9441_none_a5253a19774da03c\wcp.dll' : got STATUS_SUCCESS
2026-09-14 19:17:47, Info                  DISM   DISM Package Manager: PID=8892 TID=12912 Package HyperV-OptionalFeature-VirtualMachinePlatform-Client-Disabled-FOD-Package~31bf3856ad364e35~amd64~en-US~10.0.26100.1 with CBS state 7(CbsInstallStateInstalled) being mapped to dism state 5(DISM_INSTALL_STATE_INSTALLED) - CDISMPackage::LogInstallStateMapping
2026-09-14 19:17:47, Info                  DISM   DISM Package Manager: PID=8892 TID=20204 Package HyperV-OptionalFeature-VirtualMachinePlatform-Client-Disabled-FOD-Package~31bf3856ad364e35~amd64~~10.0.26100.1742 with CBS state 4(CbsInstallStateStaged) being mapped to dism state 3(DISM_INSTALL_STATE_STAGED) - CDISMPackage::LogInstallStateMapping
2026-09-14 19:17:47, Info                  DISM   DISM Package Manager: PID=8892 TID=20204 Package HyperV-OptionalFeature-VirtualMachinePlatform-Client-Disabled-FOD-Package~31bf3856ad364e35~amd64~~10.0.26100.8894 with CBS state -17(CbsInstallStateSuperseded) being mapped to dism state 7(DISM_INSTALL_STATE_SUPERSEDED) - CDISMPackage::LogInstallStateMapping
2026-09-14 19:17:47, Info                  DISM   DISM Package Manager: PID=8892 TID=20204 Package HyperV-OptionalFeature-VirtualMachinePlatform-Client-Disabled-FOD-Package~31bf3856ad364e35~amd64~~10.0.26100.9168 with CBS state -17(CbsInstallStateSuperseded) being mapped to dism state 7(DISM_INSTALL_STATE_SUPERSEDED) - CDISMPackage::LogInstallStateMapping
2026-09-14 19:17:47, Info                  DISM   DISM Package Manager: PID=8892 TID=20204 Package HyperV-OptionalFeature-VirtualMachinePlatform-Client-Disabled-FOD-Package~31bf3856ad364e35~amd64~~10.0.26100.9445 with CBS state 7(CbsInstallStateInstalled) being mapped to dism state 5(DISM_INSTALL_STATE_INSTALLED) - CDISMPackage::LogInstallStateMapping
2026-09-14 19:17:47, Info                  DISM   DISM Package Manager: PID=8892 TID=20204 Package Microsoft-Edge-WebView-FOD-Package~31bf3856ad364e35~amd64~~10.0.26100.1 with CBS state 4(CbsInstallStateStaged) being mapped to dism state 3(DISM_INSTALL_STATE_STAGED) - CDISMPackage::LogInstallStateMapping
2026-09-14 19:17:47, Info                  DISM   DISM Package Manager: PID=8892 TID=20204 Package Microsoft-Edge-WebView-FOD-Package~31bf3856ad364e35~amd64~~10.0.26100.8894 with CBS state -17(CbsInstallStateSuperseded) being mapped to dism state 7(DISM_INSTALL_STATE_SUPERSEDED) - CDISMPackage::LogInstallStateMapping
2026-09-14 19:17:47, Info                  DISM   DISM Package Manager: PID=8892 TID=20204 Package Microsoft-Edge-WebView-FOD-Package~31bf3856ad364e35~amd64~~10.0.26100.9168 with CBS state -17(CbsInstallStateSuperseded) being mapped to dism state 7(DISM_INSTALL_STATE_SUPERSEDED) - CDISMPackage::LogInstallStateMapping
2026-09-14 19:17:47, Info                  DISM   DISM Package Manager: PID=8892 TID=20204 Package Microsoft-Edge-WebView-FOD-Package~31bf3856ad364e35~amd64~~10.0.26100.9444 with CBS state 7(CbsInstallStateInstalled) being mapped to dism state 5(DISM_INSTALL_STATE_INSTALLED) - CDISMPackage::LogInstallStateMapping
2026-09-14 19:17:47, Info                  DISM   DISM Package Manager: PID=8892 TID=20204 Package Microsoft-OneCore-ApplicationModel-Sync-Desktop-FOD-Package~31bf3856ad364e35~amd64~~10.0.26100.1742 with CBS state 4(CbsInstallStateStaged) being mapped to dism state 3(DISM_INSTALL_STATE_STAGED) - CDISMPackage::LogInstallStateMapping
2026-09-14 19:17:47, Info                  DISM   DISM Package Manager: PID=8892 TID=20204 Package Microsoft-OneCore-ApplicationModel-Sync-Desktop-FOD-Package~31bf3856ad364e35~amd64~~10.0.26100.8894 with CBS state -17(CbsInstallStateSuperseded) being mapped to dism state 7(DISM_INSTALL_STATE_SUPERSEDED) - CDISMPackage::LogInstallStateMapping
2026-09-14 19:17:47, Info                  DISM   DISM Package Manager: PID=8892 TID=20204 Package Microsoft-OneCore-ApplicationModel-Sync-Desktop-FOD-Package~31bf3856ad364e35~amd64~~10.0.26100.9168 with CBS state -17(CbsInstallStateSuperseded) being mapped to dism state 7(DISM_INSTALL_STATE_SUPERSEDED) - CDISMPackage::LogInstallStateMapping
2026-09-14 19:17:47, Info                  DISM   DISM Package Manager: PID=8892 TID=20204 Package Microsoft-OneCore-ApplicationModel-Sync-Desktop-FOD-Package~31bf3856ad364e35~amd64~~10.0.26100.9444 with CBS state 7(CbsInstallStateInstalled) being mapped to dism state 5(DISM_INSTALL_STATE_INSTALLED) - CDISMPackage::LogInstallStateMapping
2026-09-14 19:17:47, Info                  DISM   DISM Package Manager: PID=8892 TID=20204 Package Microsoft-OneCore-DirectX-Database-FOD-Package-Wrapper~31bf3856ad364e35~amd64~~10.0.26100.1742 with CBS state 4(CbsInstallStateStaged) being mapped to dism state 3(DISM_INSTALL_STATE_STAGED) - CDISMPackage::LogInstallStateMapping
2026-09-14 19:17:47, Info                  DISM   DISM Package Manager: PID=8892 TID=20204 Package Microsoft-OneCore-Graphics-Tools-Package~31bf3856ad364e35~amd64~~10.0.26100.1742 with CBS state 4(CbsInstallStateStaged) being mapped to dism state 3(DISM_INSTALL_STATE_STAGED) - CDISMPackage::LogInstallStateMapping
2026-09-14 19:17:47, Info                  DISM   DISM Package Manager: PID=8892 TID=20204 Package Microsoft-OneCore-Graphics-Tools-Package~31bf3856ad364e35~amd64~~10.0.26100.8894 with CBS state -17(CbsInstallStateSuperseded) being mapped to dism state 7(DISM_INSTALL_STATE_SUPERSEDED) - CDISMPackage::LogInstallStateMapping
2026-09-14 19:17:47, Info                  DISM   DISM Package Manager: PID=8892 TID=20204 Package Microsoft-OneCore-Graphics-Tools-Package~31bf3856ad364e35~amd64~~10.0.26100.9168 with CBS state -17(CbsInstallStateSuperseded) being mapped to dism state 7(DISM_INSTALL_STATE_SUPERSEDED) - CDISMPackage::LogInstallStateMapping
2026-09-14 19:17:47, Info                  DISM   DISM Package Manager: PID=8892 TID=20204 Package Microsoft-OneCore-Graphics-Tools-Package~31bf3856ad364e35~amd64~~10.0.26100.9444 with CBS state 7(CbsInstallStateInstalled) being mapped to dism state 5(DISM_INSTALL_STATE_INSTALLED) - CDISMPackage::LogInstallStateMapping
2026-09-14 19:17:47, Info                  DISM   DISM Package Manager: PID=8892 TID=20204 Package Microsoft-Windows-Client-LanguagePack-Package~31bf3856ad364e35~amd64~en-US~10.0.26100.1742 with CBS state 4(CbsInstallStateStaged) being mapped to dism state 3(DISM_INSTALL_STATE_STAGED) - CDISMPackage::LogInstallStateMapping
2026-09-14 19:17:47, Info                  DISM   DISM Package Manager: PID=8892 TID=20204 Package Microsoft-Windows-Client-LanguagePack-Package~31bf3856ad364e35~amd64~en-US~10.0.26100.8894 with CBS state -17(CbsInstallStateSuperseded) being mapped to dism state 7(DISM_INSTALL_STATE_SUPERSEDED) - CDISMPackage::LogInstallStateMapping
2026-09-14 19:17:47, Info                  DISM   DISM Package Manager: PID=8892 TID=20204 Package Microsoft-Windows-Client-LanguagePack-Package~31bf3856ad364e35~amd64~en-US~10.0.26100.9168 with CBS state -17(CbsInstallStateSuperseded) being mapped to dism state 7(DISM_INSTALL_STATE_SUPERSEDED) - CDISMPackage::LogInstallStateMapping
2026-09-14 19:17:47, Info                  DISM   DISM Package Manager: PID=8892 TID=20204 Package Microsoft-Windows-Client-LanguagePack-Package~31bf3856ad364e35~amd64~en-US~10.0.26100.9444 with CBS state 7(CbsInstallStateInstalled) being mapped to dism state 5(DISM_INSTALL_STATE_INSTALLED) - CDISMPackage::LogInstallStateMapping
2026-09-14 19:17:47, Info                  DISM   DISM Package Manager: PID=8892 TID=20204 Package Microsoft-Windows-DirectoryServices-ADAM-Client-FOD-Package~31bf3856ad364e35~amd64~en-US~10.0.26100.1 with CBS state 7(CbsInstallStateInstalled) being mapped to dism state 5(DISM_INSTALL_STATE_INSTALLED) - CDISMPackage::LogInstallStateMapping
2026-09-14 19:17:47, Info                  DISM   DISM Package Manager: PID=8892 TID=20204 Package Microsoft-Windows-DirectoryServices-ADAM-Client-FOD-Package~31bf3856ad364e35~amd64~~10.0.26100.1742 with CBS state 4(CbsInstallStateStaged) being mapped to dism state 3(DISM_INSTALL_STATE_STAGED) - CDISMPackage::LogInstallStateMapping
2026-09-14 19:17:47, Info                  DISM   DISM Package Manager: PID=8892 TID=20204 Package Microsoft-Windows-DirectoryServices-ADAM-Client-FOD-Package~31bf3856ad364e35~amd64~~10.0.26100.8894 with CBS state -17(CbsInstallStateSuperseded) being mapped to dism state 7(DISM_INSTALL_STATE_SUPERSEDED) - CDISMPackage::LogInstallStateMapping
2026-09-14 19:17:47, Info                  DISM   DISM Package Manager: PID=8892 TID=20204 Package Microsoft-Windows-DirectoryServices-ADAM-Client-FOD-Package~31bf3856ad364e35~amd64~~10.0.26100.9168 with CBS state -17(CbsInstallStateSuperseded) being mapped to dism state 7(DISM_INSTALL_STATE_SUPERSEDED) - CDISMPackage::LogInstallStateMapping
2026-09-14 19:17:47, Info                  DISM   DISM Package Manager: PID=8892 TID=20204 Package Microsoft-Windows-DirectoryServices-ADAM-Client-FOD-Package~31bf3856ad364e35~amd64~~10.0.26100.9445 with CBS state 7(CbsInstallStateInstalled) being mapped to dism state 5(DISM_INSTALL_STATE_INSTALLED) - CDISMPackage::LogInstallStateMapping
2026-09-14 19:17:47, Info                  DISM   DISM Package Manager: PID=8892 TID=20204 Package Microsoft-Windows-DirectoryServices-ADAM-Client-FOD-Package~31bf3856ad364e35~wow64~en-US~10.0.26100.1 with CBS state 7(CbsInstallStateInstalled) being mapped to dism state 5(DISM_INSTALL_STATE_INSTALLED) - CDISMPackage::LogInstallStateMapping
2026-09-14 19:17:47, Info                  DISM   DISM Package Manager: PID=8892 TID=20204 Package Microsoft-Windows-DirectoryServices-ADAM-Client-FOD-Package~31bf3856ad364e35~wow64~~10.0.26100.1742 with CBS state 4(CbsInstallStateStaged) being mapped to dism state 3(DISM_INSTALL_STATE_STAGED) - CDISMPackage::LogInstallStateMapping
2026-09-14 19:17:47, Info                  DISM   DISM Package Manager: PID=8892 TID=20204 Package Microsoft-Windows-DirectoryServices-ADAM-Client-FOD-Package~31bf3856ad364e35~wow64~~10.0.26100.8894 with CBS state -17(CbsInstallStateSuperseded) being mapped to dism state 7(DISM_INSTALL_STATE_SUPERSEDED) - CDISMPackage::LogInstallStateMapping
2026-09-14 19:17:47, Info                  DISM   DISM Package Manager: PID=8892 TID=20204 Package Microsoft-Windows-DirectoryServices-ADAM-Client-FOD-Package~31bf3856ad364e35~wow64~~10.0.26100.9168 with CBS state -17(CbsInstallStateSuperseded) being mapped to dism state 7(DISM_INSTALL_STATE_SUPERSEDED) - CDISMPackage::LogInstallStateMapping
2026-09-14 19:17:47, Info                  DISM   DISM Package Manager: PID=8892 TID=20204 Package Microsoft-Windows-DirectoryServices-ADAM-Client-FOD-Package~31bf3856ad364e35~wow64~~10.0.26100.9444 with CBS state 7(CbsInstallStateInstalled) being mapped to dism state 5(DISM_INSTALL_STATE_INSTALLED) - CDISMPackage::LogInstallStateMapping
2026-09-14 19:17:47, Info                  DISM   DISM Package Manager: PID=8892 TID=20204 Package Microsoft-Windows-Dolby-Features-FoD-Package~31bf3856ad364e35~amd64~~10.0.26100.1742 with CBS state 4(CbsInstallStateStaged) being mapped to dism state 3(DISM_INSTALL_STATE_STAGED) - CDISMPackage::LogInstallStateMapping
2026-09-14 19:17:47, Info                  DISM   DISM Package Manager: PID=8892 TID=20204 Package Microsoft-Windows-Dolby-Features-FoD-Package~31bf3856ad364e35~amd64~~10.0.26100.8894 with CBS state -17(CbsInstallStateSuperseded) being mapped to dism state 7(DISM_INSTALL_STATE_SUPERSEDED) - CDISMPackage::LogInstallStateMapping
2026-09-14 19:17:47, Info                  DISM   DISM Package Manager: PID=8892 TID=20204 Package Microsoft-Windows-Dolby-Features-FoD-Package~31bf3856ad364e35~amd64~~10.0.26100.9168 with CBS state -17(CbsInstallStateSuperseded) being mapped to dism state 7(DISM_INSTALL_STATE_SUPERSEDED) - CDISMPackage::LogInstallStateMapping
2026-09-14 19:17:47, Info                  DISM   DISM Package Manager: PID=8892 TID=20204 Package Microsoft-Windows-Dolby-Features-FoD-Package~31bf3856ad364e35~amd64~~10.0.26100.9444 with CBS state 7(CbsInstallStateInstalled) being mapped to dism state 5(DISM_INSTALL_STATE_INSTALLED) - CDISMPackage::LogInstallStateMapping
2026-09-14 19:17:47, Info                  DISM   DISM Package Manager: PID=8892 TID=20204 Package Microsoft-Windows-EnterpriseClientSync-Host-FOD-Package~31bf3856ad364e35~amd64~en-US~10.0.26100.1 with CBS state 7(CbsInstallStateInstalled) being mapped to dism state 5(DISM_INSTALL_STATE_INSTALLED) - CDISMPackage::LogInstallStateMapping
2026-09-14 19:17:47, Info                  DISM   DISM Package Manager: PID=8892 TID=20204 Package Microsoft-Windows-EnterpriseClientSync-Host-FOD-Package~31bf3856ad364e35~amd64~~10.0.26100.1742 with CBS state 4(CbsInstallStateStaged) being mapped to dism state 3(DISM_INSTALL_STATE_STAGED) - CDISMPackage::LogInstallStateMapping
2026-09-14 19:17:47, Info                  DISM   DISM Package Manager: PID=8892 TID=20204 Package Microsoft-Windows-EnterpriseClientSync-Host-FOD-Package~31bf3856ad364e35~amd64~~10.0.26100.8894 with CBS state -17(CbsInstallStateSuperseded) being mapped to dism state 7(DISM_INSTALL_STATE_SUPERSEDED) - CDISMPackage::LogInstallStateMapping
2026-09-14 19:17:47, Info                  DISM   DISM Package Manager: PID=8892 TID=20204 Package Microsoft-Windows-EnterpriseClientSync-Host-FOD-Package~31bf3856ad364e35~amd64~~10.0.26100.9168 with CBS state -17(CbsInstallStateSuperseded) being mapped to dism state 7(DISM_INSTALL_STATE_SUPERSEDED) - CDISMPackage::LogInstallStateMapping
2026-09-14 19:17:47, Info                  DISM   DISM Package Manager: PID=8892 TID=20204 Package Microsoft-Windows-EnterpriseClientSync-Host-FOD-Package~31bf3856ad364e35~amd64~~10.0.26100.9445 with CBS state 7(CbsInstallStateInstalled) being mapped to dism state 5(DISM_INSTALL_STATE_INSTALLED) - CDISMPackage::LogInstallStateMapping
2026-09-14 19:17:47, Info                  DISM   DISM Package Manager: PID=8892 TID=20204 Package Microsoft-Windows-EnterpriseClientSync-Host-FOD-Package~31bf3856ad364e35~wow64~en-US~10.0.26100.1 with CBS state 7(CbsInstallStateInstalled) being mapped to dism state 5(DISM_INSTALL_STATE_INSTALLED) - CDISMPackage::LogInstallStateMapping
2026-09-14 19:17:47, Info                  DISM   DISM Package Manager: PID=8892 TID=20204 Package Microsoft-Windows-EnterpriseClientSync-Host-FOD-Package~31bf3856ad364e35~wow64~~10.0.26100.1 with CBS state 4(CbsInstallStateStaged) being mapped to dism state 3(DISM_INSTALL_STATE_STAGED) - CDISMPackage::LogInstallStateMapping
2026-09-14 19:17:47, Info                  DISM   DISM Package Manager: PID=8892 TID=20204 Package Microsoft-Windows-EnterpriseClientSync-Host-FOD-Package~31bf3856ad364e35~wow64~~10.0.26100.8894 with CBS state -17(CbsInstallStateSuperseded) being mapped to dism state 7(DISM_INSTALL_STATE_SUPERSEDED) - CDISMPackage::LogInstallStateMapping
2026-09-14 19:17:47, Info                  DISM   DISM Package Manager: PID=8892 TID=20204 Package Microsoft-Windows-EnterpriseClientSync-Host-FOD-Package~31bf3856ad364e35~wow64~~10.0.26100.9168 with CBS state -17(CbsInstallStateSuperseded) being mapped to dism state 7(DISM_INSTALL_STATE_SUPERSEDED) - CDISMPackage::LogInstallStateMapping
2026-09-14 19:17:47, Info                  DISM   DISM Package Manager: PID=8892 TID=20204 Package Microsoft-Windows-EnterpriseClientSync-Host-FOD-Package~31bf3856ad364e35~wow64~~10.0.26100.9445 with CBS state 7(CbsInstallStateInstalled) being mapped to dism state 5(DISM_INSTALL_STATE_INSTALLED) - CDISMPackage::LogInstallStateMapping
2026-09-14 19:17:47, Info                  DISM   DISM Package Manager: PID=8892 TID=20204 Package Microsoft-Windows-Ethernet-Client-Intel-E1i68x64-FOD-Package~31bf3856ad364e35~amd64~~10.0.26100.1742 with CBS state 4(CbsInstallStateStaged) being mapped to dism state 3(DISM_INSTALL_STATE_STAGED) - CDISMPackage::LogInstallStateMapping
2026-09-14 19:17:47, Info                  DISM   DISM Package Manager: PID=8892 TID=20204 Package Microsoft-Windows-Ethernet-Client-Intel-E1i68x64-FOD-Package~31bf3856ad364e35~amd64~~10.0.26100.8894 with CBS state -17(CbsInstallStateSuperseded) being mapped to dism state 7(DISM_INSTALL_STATE_SUPERSEDED) - CDISMPackage::LogInstallStateMapping
2026-09-14 19:17:47, Info                  DISM   DISM Package Manager: PID=8892 TID=20204 Package Microsoft-Windows-Ethernet-Client-Intel-E1i68x64-FOD-Package~31bf3856ad364e35~amd64~~10.0.26100.9168 with CBS state -17(CbsInstallStateSuperseded) being mapped to dism state 7(DISM_INSTALL_STATE_SUPERSEDED) - CDISMPackage::LogInstallStateMapping
2026-09-14 19:17:47, Info                  DISM   DISM Package Manager: PID=8892 TID=20204 Package Microsoft-Windows-Ethernet-Client-Intel-E1i68x64-FOD-Package~31bf3856ad364e35~amd64~~10.0.26100.9444 with CBS state 7(CbsInstallStateInstalled) being mapped to dism state 5(DISM_INSTALL_STATE_INSTALLED) - CDISMPackage::LogInstallStateMapping
2026-09-14 19:17:47, Info                  DISM   DISM Package Manager: PID=8892 TID=20204 Package Microsoft-Windows-Ethernet-Client-Intel-E2f68-FOD-Package~31bf3856ad364e35~amd64~~10.0.26100.1742 with CBS state 4(CbsInstallStateStaged) being mapped to dism state 3(DISM_INSTALL_STATE_STAGED) - CDISMPackage::LogInstallStateMapping
2026-09-14 19:17:47, Info                  DISM   DISM Package Manager: PID=8892 TID=20204 Package Microsoft-Windows-Ethernet-Client-Intel-E2f68-FOD-Package~31bf3856ad364e35~amd64~~10.0.26100.8894 with CBS state -17(CbsInstallStateSuperseded) being mapped to dism state 7(DISM_INSTALL_STATE_SUPERSEDED) - CDISMPackage::LogInstallStateMapping
2026-09-14 19:17:47, Info                  DISM   DISM Package Manager: PID=8892 TID=20204 Package Microsoft-Windows-Ethernet-Client-Intel-E2f68-FOD-Package~31bf3856ad364e35~amd64~~10.0.26100.9168 with CBS state -17(CbsInstallStateSuperseded) being mapped to dism state 7(DISM_INSTALL_STATE_SUPERSEDED) - CDISMPackage::LogInstallStateMapping
2026-09-14 19:17:47, Info                  DISM   DISM Package Manager: PID=8892 TID=20204 Package Microsoft-Windows-Ethernet-Client-Intel-E2f68-FOD-Package~31bf3856ad364e35~amd64~~10.0.26100.9444 with CBS state 7(CbsInstallStateInstalled) being mapped to dism state 5(DISM_INSTALL_STATE_INSTALLED) - CDISMPackage::LogInstallStateMapping
2026-09-14 19:17:47, Info                  DISM   DISM Package Manager: PID=8892 TID=20204 Package Microsoft-Windows-Ethernet-Client-Realtek-Rtcx21x64-FOD-Package~31bf3856ad364e35~amd64~~10.0.26100.1742 with CBS state 4(CbsInstallStateStaged) being mapped to dism state 3(DISM_INSTALL_STATE_STAGED) - CDISMPackage::LogInstallStateMapping
2026-09-14 19:17:47, Info                  DISM   DISM Package Manager: PID=8892 TID=20204 Package Microsoft-Windows-Ethernet-Client-Realtek-Rtcx21x64-FOD-Package~31bf3856ad364e35~amd64~~10.0.26100.8894 with CBS state -17(CbsInstallStateSuperseded) being mapped to dism state 7(DISM_INSTALL_STATE_SUPERSEDED) - CDISMPackage::LogInstallStateMapping
2026-09-14 19:17:47, Info                  DISM   DISM Package Manager: PID=8892 TID=20204 Package Microsoft-Windows-Ethernet-Client-Realtek-Rtcx21x64-FOD-Package~31bf3856ad364e35~amd64~~10.0.26100.9168 with CBS state -17(CbsInstallStateSuperseded) being mapped to dism state 7(DISM_INSTALL_STATE_SUPERSEDED) - CDISMPackage::LogInstallStateMapping
2026-09-14 19:17:47, Info                  DISM   DISM Package Manager: PID=8892 TID=20204 Package Microsoft-Windows-Ethernet-Client-Realtek-Rtcx21x64-FOD-Package~31bf3856ad364e35~amd64~~10.0.26100.9444 with CBS state 7(CbsInstallStateInstalled) being mapped to dism state 5(DISM_INSTALL_STATE_INSTALLED) - CDISMPackage::LogInstallStateMapping
2026-09-14 19:17:47, Info                  DISM   DISM Package Manager: PID=8892 TID=20204 Package Microsoft-Windows-Ethernet-Client-Vmware-Vmxnet3-FOD-Package~31bf3856ad364e35~amd64~~10.0.26100.1742 with CBS state 4(CbsInstallStateStaged) being mapped to dism state 3(DISM_INSTALL_STATE_STAGED) - CDISMPackage::LogInstallStateMapping
2026-09-14 19:17:47, Info                  DISM   DISM Package Manager: PID=8892 TID=20204 Package Microsoft-Windows-Ethernet-Client-Vmware-Vmxnet3-FOD-Package~31bf3856ad364e35~amd64~~10.0.26100.8894 with CBS state -17(CbsInstallStateSuperseded) being mapped to dism state 7(DISM_INSTALL_STATE_SUPERSEDED) - CDISMPackage::LogInstallStateMapping
2026-09-14 19:17:47, Info                  DISM   DISM Package Manager: PID=8892 TID=20204 Package Microsoft-Windows-Ethernet-Client-Vmware-Vmxnet3-FOD-Package~31bf3856ad364e35~amd64~~10.0.26100.9168 with CBS state -17(CbsInstallStateSuperseded) being mapped to dism state 7(DISM_INSTALL_STATE_SUPERSEDED) - CDISMPackage::LogInstallStateMapping
2026-09-14 19:17:47, Info                  DISM   DISM Package Manager: PID=8892 TID=20204 Package Microsoft-Windows-Ethernet-Client-Vmware-Vmxnet3-FOD-Package~31bf3856ad364e35~amd64~~10.0.26100.9444 with CBS state 7(CbsInstallStateInstalled) being mapped to dism state 5(DISM_INSTALL_STATE_INSTALLED) - CDISMPackage::LogInstallStateMapping
2026-09-14 19:17:47, Info                  DISM   DISM Package Manager: PID=8892 TID=20204 Package Microsoft-Windows-FodMetadata-Package~31bf3856ad364e35~amd64~~10.0.26100.1 with CBS state 7(CbsInstallStateInstalled) being mapped to dism state 5(DISM_INSTALL_STATE_INSTALLED) - CDISMPackage::LogInstallStateMapping
2026-09-14 19:17:47, Info                  DISM   DISM Package Manager: PID=8892 TID=20204 Package Microsoft-Windows-FodMetadataServicing-Desktop-CompDB-Package~31bf3856ad364e35~amd64~~10.0.26100.1 with CBS state 7(CbsInstallStateInstalled) being mapped to dism state 5(DISM_INSTALL_STATE_INSTALLED) - CDISMPackage::LogInstallStateMapping
2026-09-14 19:17:47, Info                  DISM   DISM Package Manager: PID=8892 TID=20204 Package Microsoft-Windows-FodMetadataServicing-Desktop-Metadata-Package~31bf3856ad364e35~amd64~~10.0.26100.1742 with CBS state -17(CbsInstallStateSuperseded) being mapped to dism state 7(DISM_INSTALL_STATE_SUPERSEDED) - CDISMPackage::LogInstallStateMapping
2026-09-14 19:17:47, Info                  DISM   DISM Package Manager: PID=8892 TID=20204 Package Microsoft-Windows-FodMetadataServicing-Desktop-Metadata-Package~31bf3856ad364e35~amd64~~10.0.26100.8894 with CBS state -17(CbsInstallStateSuperseded) being mapped to dism state 7(DISM_INSTALL_STATE_SUPERSEDED) - CDISMPackage::LogInstallStateMapping
2026-09-14 19:17:47, Info                  DISM   DISM Package Manager: PID=8892 TID=20204 Package Microsoft-Windows-FodMetadataServicing-Desktop-Metadata-Package~31bf3856ad364e35~amd64~~10.0.26100.9168 with CBS state -17(CbsInstallStateSuperseded) being mapped to dism state 7(DISM_INSTALL_STATE_SUPERSEDED) - CDISMPackage::LogInstallStateMapping
2026-09-14 19:17:47, Info                  DISM   DISM Package Manager: PID=8892 TID=20204 Package Microsoft-Windows-FodMetadataServicing-Desktop-Metadata-Package~31bf3856ad364e35~amd64~~10.0.26100.9444 with CBS state 7(CbsInstallStateInstalled) being mapped to dism state 5(DISM_INSTALL_STATE_INSTALLED) - CDISMPackage::LogInstallStateMapping
2026-09-14 19:17:47, Info                  DISM   DISM Package Manager: PID=8892 TID=20204 Package Microsoft-Windows-Foundation-Package~31bf3856ad364e35~amd64~~10.0.26100.1 with CBS state 7(CbsInstallStateInstalled) being mapped to dism state 5(DISM_INSTALL_STATE_INSTALLED) - CDISMPackage::LogInstallStateMapping
2026-09-14 19:17:47, Info                  DISM   DISM Package Manager: PID=8892 TID=20204 Package Microsoft-Windows-Hello-Face-Package-Wrapper~31bf3856ad364e35~amd64~~10.0.26100.1742 with CBS state 4(CbsInstallStateStaged) being mapped to dism state 3(DISM_INSTALL_STATE_STAGED) - CDISMPackage::LogInstallStateMapping
2026-09-14 19:17:47, Info                  DISM   DISM Package Manager: PID=8892 TID=20204 Package Microsoft-Windows-InternetExplorer-Optional-Package~31bf3856ad364e35~amd64~en-US~11.0.26100.1742 with CBS state 4(CbsInstallStateStaged) being mapped to dism state 3(DISM_INSTALL_STATE_STAGED) - CDISMPackage::LogInstallStateMapping
2026-09-14 19:17:47, Info                  DISM   DISM Package Manager: PID=8892 TID=20204 Package Microsoft-Windows-InternetExplorer-Optional-Package~31bf3856ad364e35~amd64~en-US~11.0.26100.8894 with CBS state -17(CbsInstallStateSuperseded) being mapped to dism state 7(DISM_INSTALL_STATE_SUPERSEDED) - CDISMPackage::LogInstallStateMapping
2026-09-14 19:17:47, Info                  DISM   DISM Package Manager: PID=8892 TID=20204 Package Microsoft-Windows-InternetExplorer-Optional-Package~31bf3856ad364e35~amd64~en-US~11.0.26100.9168 with CBS state -17(CbsInstallStateSuperseded) being mapped to dism state 7(DISM_INSTALL_STATE_SUPERSEDED) - CDISMPackage::LogInstallStateMapping
2026-09-14 19:17:47, Info                  DISM   DISM Package Manager: PID=8892 TID=20204 Package Microsoft-Windows-InternetExplorer-Optional-Package~31bf3856ad364e35~amd64~en-US~11.0.26100.9444 with CBS state 7(CbsInstallStateInstalled) being mapped to dism state 5(DISM_INSTALL_STATE_INSTALLED) - CDISMPackage::LogInstallStateMapping
2026-09-14 19:17:47, Info                  DISM   DISM Package Manager: PID=8892 TID=20204 Package Microsoft-Windows-InternetExplorer-Optional-Package~31bf3856ad364e35~amd64~~11.0.26100.1742 with CBS state 4(CbsInstallStateStaged) being mapped to dism state 3(DISM_INSTALL_STATE_STAGED) - CDISMPackage::LogInstallStateMapping
2026-09-14 19:17:47, Info                  DISM   DISM Package Manager: PID=8892 TID=20204 Package Microsoft-Windows-InternetExplorer-Optional-Package~31bf3856ad364e35~amd64~~11.0.26100.8894 with CBS state -17(CbsInstallStateSuperseded) being mapped to dism state 7(DISM_INSTALL_STATE_SUPERSEDED) - CDISMPackage::LogInstallStateMapping
2026-09-14 19:17:47, Info                  DISM   DISM Package Manager: PID=8892 TID=20204 Package Microsoft-Windows-InternetExplorer-Optional-Package~31bf3856ad364e35~amd64~~11.0.26100.9168 with CBS state -17(CbsInstallStateSuperseded) being mapped to dism state 7(DISM_INSTALL_STATE_SUPERSEDED) - CDISMPackage::LogInstallStateMapping
2026-09-14 19:17:47, Info                  DISM   DISM Package Manager: PID=8892 TID=20204 Package Microsoft-Windows-InternetExplorer-Optional-Package~31bf3856ad364e35~amd64~~11.0.26100.9444 with CBS state 7(CbsInstallStateInstalled) being mapped to dism state 5(DISM_INSTALL_STATE_INSTALLED) - CDISMPackage::LogInstallStateMapping
2026-09-14 19:17:47, Info                  DISM   DISM Package Manager: PID=8892 TID=20204 Package Microsoft-Windows-LanguageFeatures-Basic-en-us-Package~31bf3856ad364e35~amd64~~10.0.26100.1742 with CBS state 4(CbsInstallStateStaged) being mapped to dism state 3(DISM_INSTALL_STATE_STAGED) - CDISMPackage::LogInstallStateMapping
2026-09-14 19:17:47, Info                  DISM   DISM Package Manager: PID=8892 TID=20204 Package Microsoft-Windows-LanguageFeatures-Basic-en-us-Package~31bf3856ad364e35~amd64~~10.0.26100.8894 with CBS state -17(CbsInstallStateSuperseded) being mapped to dism state 7(DISM_INSTALL_STATE_SUPERSEDED) - CDISMPackage::LogInstallStateMapping
2026-09-14 19:17:47, Info                  DISM   DISM Package Manager: PID=8892 TID=20204 Package Microsoft-Windows-LanguageFeatures-Basic-en-us-Package~31bf3856ad364e35~amd64~~10.0.26100.9168 with CBS state -17(CbsInstallStateSuperseded) being mapped to dism state 7(DISM_INSTALL_STATE_SUPERSEDED) - CDISMPackage::LogInstallStateMapping
2026-09-14 19:17:47, Info                  DISM   DISM Package Manager: PID=8892 TID=20204 Package Microsoft-Windows-LanguageFeatures-Basic-en-us-Package~31bf3856ad364e35~amd64~~10.0.26100.9444 with CBS state 7(CbsInstallStateInstalled) being mapped to dism state 5(DISM_INSTALL_STATE_INSTALLED) - CDISMPackage::LogInstallStateMapping
2026-09-14 19:17:47, Info                  DISM   DISM Package Manager: PID=8892 TID=20204 Package Microsoft-Windows-LanguageFeatures-Basic-ur-pk-Package~31bf3856ad364e35~amd64~~10.0.26100.1742 with CBS state 4(CbsInstallStateStaged) being mapped to dism state 3(DISM_INSTALL_STATE_STAGED) - CDISMPackage::LogInstallStateMapping
2026-09-14 19:17:47, Info                  DISM   DISM Package Manager: PID=8892 TID=20204 Package Microsoft-Windows-LanguageFeatures-Basic-ur-pk-Package~31bf3856ad364e35~amd64~~10.0.26100.8894 with CBS state -17(CbsInstallStateSuperseded) being mapped to dism state 7(DISM_INSTALL_STATE_SUPERSEDED) - CDISMPackage::LogInstallStateMapping
2026-09-14 19:17:47, Info                  DISM   DISM Package Manager: PID=8892 TID=20204 Package Microsoft-Windows-LanguageFeatures-Basic-ur-pk-Package~31bf3856ad364e35~amd64~~10.0.26100.9168 with CBS state -17(CbsInstallStateSuperseded) being mapped to dism state 7(DISM_INSTALL_STATE_SUPERSEDED) - CDISMPackage::LogInstallStateMapping
2026-09-14 19:17:47, Info                  DISM   DISM Package Manager: PID=8892 TID=20204 Package Microsoft-Windows-LanguageFeatures-Basic-ur-pk-Package~31bf3856ad364e35~amd64~~10.0.26100.9444 with CBS state 7(CbsInstallStateInstalled) being mapped to dism state 5(DISM_INSTALL_STATE_INSTALLED) - CDISMPackage::LogInstallStateMapping
2026-09-14 19:17:47, Info                  DISM   DISM Package Manager: PID=8892 TID=20204 Package Microsoft-Windows-LanguageFeatures-Fonts-Arab-Package~31bf3856ad364e35~amd64~~10.0.26100.1742 with CBS state 4(CbsInstallStateStaged) being mapped to dism state 3(DISM_INSTALL_STATE_STAGED) - CDISMPackage::LogInstallStateMapping
2026-09-14 19:17:47, Info                  DISM   DISM Package Manager: PID=8892 TID=20204 Package Microsoft-Windows-LanguageFeatures-Fonts-Arab-Package~31bf3856ad364e35~amd64~~10.0.26100.8894 with CBS state -17(CbsInstallStateSuperseded) being mapped to dism state 7(DISM_INSTALL_STATE_SUPERSEDED) - CDISMPackage::LogInstallStateMapping
2026-09-14 19:17:47, Info                  DISM   DISM Package Manager: PID=8892 TID=20204 Package Microsoft-Windows-LanguageFeatures-Fonts-Arab-Package~31bf3856ad364e35~amd64~~10.0.26100.9168 with CBS state -17(CbsInstallStateSuperseded) being mapped to dism state 7(DISM_INSTALL_STATE_SUPERSEDED) - CDISMPackage::LogInstallStateMapping
2026-09-14 19:17:47, Info                  DISM   DISM Package Manager: PID=8892 TID=20204 Package Microsoft-Windows-LanguageFeatures-Fonts-Arab-Package~31bf3856ad364e35~amd64~~10.0.26100.9444 with CBS state 7(CbsInstallStateInstalled) being mapped to dism state 5(DISM_INSTALL_STATE_INSTALLED) - CDISMPackage::LogInstallStateMapping
2026-09-14 19:17:47, Info                  DISM   DISM Package Manager: PID=8892 TID=20204 Package Microsoft-Windows-LanguageFeatures-Handwriting-en-us-Package~31bf3856ad364e35~amd64~~10.0.26100.1742 with CBS state 4(CbsInstallStateStaged) being mapped to dism state 3(DISM_INSTALL_STATE_STAGED) - CDISMPackage::LogInstallStateMapping
2026-09-14 19:17:47, Info                  DISM   DISM Package Manager: PID=8892 TID=20204 Package Microsoft-Windows-LanguageFeatures-Handwriting-en-us-Package~31bf3856ad364e35~amd64~~10.0.26100.8894 with CBS state -17(CbsInstallStateSuperseded) being mapped to dism state 7(DISM_INSTALL_STATE_SUPERSEDED) - CDISMPackage::LogInstallStateMapping
2026-09-14 19:17:47, Info                  DISM   DISM Package Manager: PID=8892 TID=20204 Package Microsoft-Windows-LanguageFeatures-Handwriting-en-us-Package~31bf3856ad364e35~amd64~~10.0.26100.9168 with CBS state -17(CbsInstallStateSuperseded) being mapped to dism state 7(DISM_INSTALL_STATE_SUPERSEDED) - CDISMPackage::LogInstallStateMapping
2026-09-14 19:17:47, Info                  DISM   DISM Package Manager: PID=8892 TID=20204 Package Microsoft-Windows-LanguageFeatures-Handwriting-en-us-Package~31bf3856ad364e35~amd64~~10.0.26100.9444 with CBS state 7(CbsInstallStateInstalled) being mapped to dism state 5(DISM_INSTALL_STATE_INSTALLED) - CDISMPackage::LogInstallStateMapping
2026-09-14 19:17:47, Info                  DISM   DISM Package Manager: PID=8892 TID=20204 Package Microsoft-Windows-LanguageFeatures-OCR-en-us-Package~31bf3856ad364e35~amd64~~10.0.26100.1742 with CBS state 4(CbsInstallStateStaged) being mapped to dism state 3(DISM_INSTALL_STATE_STAGED) - CDISMPackage::LogInstallStateMapping
2026-09-14 19:17:47, Info                  DISM   DISM Package Manager: PID=8892 TID=20204 Package Microsoft-Windows-LanguageFeatures-OCR-en-us-Package~31bf3856ad364e35~amd64~~10.0.26100.8894 with CBS state -17(CbsInstallStateSuperseded) being mapped to dism state 7(DISM_INSTALL_STATE_SUPERSEDED) - CDISMPackage::LogInstallStateMapping
2026-09-14 19:17:47, Info                  DISM   DISM Package Manager: PID=8892 TID=20204 Package Microsoft-Windows-LanguageFeatures-OCR-en-us-Package~31bf3856ad364e35~amd64~~10.0.26100.9168 with CBS state -17(CbsInstallStateSuperseded) being mapped to dism state 7(DISM_INSTALL_STATE_SUPERSEDED) - CDISMPackage::LogInstallStateMapping
2026-09-14 19:17:47, Info                  DISM   DISM Package Manager: PID=8892 TID=20204 Package Microsoft-Windows-LanguageFeatures-OCR-en-us-Package~31bf3856ad364e35~amd64~~10.0.26100.9444 with CBS state 7(CbsInstallStateInstalled) being mapped to dism state 5(DISM_INSTALL_STATE_INSTALLED) - CDISMPackage::LogInstallStateMapping
2026-09-14 19:17:47, Info                  DISM   DISM Package Manager: PID=8892 TID=20204 Package Microsoft-Windows-LanguageFeatures-Speech-en-us-Package~31bf3856ad364e35~amd64~~10.0.26100.1742 with CBS state 4(CbsInstallStateStaged) being mapped to dism state 3(DISM_INSTALL_STATE_STAGED) - CDISMPackage::LogInstallStateMapping
2026-09-14 19:17:47, Info                  DISM   DISM Package Manager: PID=8892 TID=20204 Package Microsoft-Windows-LanguageFeatures-Speech-en-us-Package~31bf3856ad364e35~amd64~~10.0.26100.8894 with CBS state -17(CbsInstallStateSuperseded) being mapped to dism state 7(DISM_INSTALL_STATE_SUPERSEDED) - CDISMPackage::LogInstallStateMapping
2026-09-14 19:17:47, Info                  DISM   DISM Package Manager: PID=8892 TID=20204 Package Microsoft-Windows-LanguageFeatures-Speech-en-us-Package~31bf3856ad364e35~amd64~~10.0.26100.9168 with CBS state -17(CbsInstallStateSuperseded) being mapped to dism state 7(DISM_INSTALL_STATE_SUPERSEDED) - CDISMPackage::LogInstallStateMapping
2026-09-14 19:17:47, Info                  DISM   DISM Package Manager: PID=8892 TID=20204 Package Microsoft-Windows-LanguageFeatures-Speech-en-us-Package~31bf3856ad364e35~amd64~~10.0.26100.9444 with CBS state 7(CbsInstallStateInstalled) being mapped to dism state 5(DISM_INSTALL_STATE_INSTALLED) - CDISMPackage::LogInstallStateMapping
2026-09-14 19:17:47, Info                  DISM   DISM Package Manager: PID=8892 TID=20204 Package Microsoft-Windows-LanguageFeatures-TextToSpeech-en-us-Package~31bf3856ad364e35~amd64~~10.0.26100.1742 with CBS state 4(CbsInstallStateStaged) being mapped to dism state 3(DISM_INSTALL_STATE_STAGED) - CDISMPackage::LogInstallStateMapping
2026-09-14 19:17:47, Info                  DISM   DISM Package Manager: PID=8892 TID=20204 Package Microsoft-Windows-LanguageFeatures-TextToSpeech-en-us-Package~31bf3856ad364e35~amd64~~10.0.26100.8894 with CBS state -17(CbsInstallStateSuperseded) being mapped to dism state 7(DISM_INSTALL_STATE_SUPERSEDED) - CDISMPackage::LogInstallStateMapping
2026-09-14 19:17:47, Info                  DISM   DISM Package Manager: PID=8892 TID=20204 Package Microsoft-Windows-LanguageFeatures-TextToSpeech-en-us-Package~31bf3856ad364e35~amd64~~10.0.26100.9168 with CBS state -17(CbsInstallStateSuperseded) being mapped to dism state 7(DISM_INSTALL_STATE_SUPERSEDED) - CDISMPackage::LogInstallStateMapping
2026-09-14 19:17:47, Info                  DISM   DISM Package Manager: PID=8892 TID=20204 Package Microsoft-Windows-LanguageFeatures-TextToSpeech-en-us-Package~31bf3856ad364e35~amd64~~10.0.26100.9444 with CBS state 7(CbsInstallStateInstalled) being mapped to dism state 5(DISM_INSTALL_STATE_INSTALLED) - CDISMPackage::LogInstallStateMapping
2026-09-14 19:17:47, Info                  DISM   DISM Package Manager: PID=8892 TID=20204 Package Microsoft-Windows-Licenses-Professional-Package~31bf3856ad364e35~amd64~en-US~10.0.26100.1742 with CBS state 4(CbsInstallStateStaged) being mapped to dism state 3(DISM_INSTALL_STATE_STAGED) - CDISMPackage::LogInstallStateMapping
2026-09-14 19:17:47, Info                  DISM   DISM Package Manager: PID=8892 TID=20204 Package Microsoft-Windows-Licenses-Professional-Package~31bf3856ad364e35~amd64~en-US~10.0.26100.8117 with CBS state 7(CbsInstallStateInstalled) being mapped to dism state 5(DISM_INSTALL_STATE_INSTALLED) - CDISMPackage::LogInstallStateMapping
2026-09-14 19:17:47, Info                  DISM   DISM Package Manager: PID=8892 TID=20204 Package Microsoft-Windows-Licenses-Professional-Package~31bf3856ad364e35~amd64~~10.0.26100.1742 with CBS state 4(CbsInstallStateStaged) being mapped to dism state 3(DISM_INSTALL_STATE_STAGED) - CDISMPackage::LogInstallStateMapping
2026-09-14 19:17:47, Info                  DISM   DISM Package Manager: PID=8892 TID=20204 Package Microsoft-Windows-Licenses-Professional-Package~31bf3856ad364e35~amd64~~10.0.26100.8037 with CBS state 7(CbsInstallStateInstalled) being mapped to dism state 5(DISM_INSTALL_STATE_INSTALLED) - CDISMPackage::LogInstallStateMapping
2026-09-14 19:17:47, Info                  DISM   DISM Package Manager: PID=8892 TID=20204 Package Microsoft-Windows-MediaPlayer-Package~31bf3856ad364e35~amd64~en-US~10.0.26100.1742 with CBS state 4(CbsInstallStateStaged) being mapped to dism state 3(DISM_INSTALL_STATE_STAGED) - CDISMPackage::LogInstallStateMapping
2026-09-14 19:17:47, Info                  DISM   DISM Package Manager: PID=8892 TID=20204 Package Microsoft-Windows-MediaPlayer-Package~31bf3856ad364e35~amd64~en-US~10.0.26100.8894 with CBS state -17(CbsInstallStateSuperseded) being mapped to dism state 7(DISM_INSTALL_STATE_SUPERSEDED) - CDISMPackage::LogInstallStateMapping
2026-09-14 19:17:47, Info                  DISM   DISM Package Manager: PID=8892 TID=20204 Package Microsoft-Windows-MediaPlayer-Package~31bf3856ad364e35~amd64~en-US~10.0.26100.9168 with CBS state -17(CbsInstallStateSuperseded) being mapped to dism state 7(DISM_INSTALL_STATE_SUPERSEDED) - CDISMPackage::LogInstallStateMapping
2026-09-14 19:17:47, Info                  DISM   DISM Package Manager: PID=8892 TID=20204 Package Microsoft-Windows-MediaPlayer-Package~31bf3856ad364e35~amd64~en-US~10.0.26100.9444 with CBS state 7(CbsInstallStateInstalled) being mapped to dism state 5(DISM_INSTALL_STATE_INSTALLED) - CDISMPackage::LogInstallStateMapping
2026-09-14 19:17:47, Info                  DISM   DISM Package Manager: PID=8892 TID=20204 Package Microsoft-Windows-MediaPlayer-Package~31bf3856ad364e35~amd64~~10.0.26100.1742 with CBS state 4(CbsInstallStateStaged) being mapped to dism state 3(DISM_INSTALL_STATE_STAGED) - CDISMPackage::LogInstallStateMapping
2026-09-14 19:17:47, Info                  DISM   DISM Package Manager: PID=8892 TID=20204 Package Microsoft-Windows-MediaPlayer-Package~31bf3856ad364e35~amd64~~10.0.26100.8894 with CBS state -17(CbsInstallStateSuperseded) being mapped to dism state 7(DISM_INSTALL_STATE_SUPERSEDED) - CDISMPackage::LogInstallStateMapping
2026-09-14 19:17:47, Info                  DISM   DISM Package Manager: PID=8892 TID=20204 Package Microsoft-Windows-MediaPlayer-Package~31bf3856ad364e35~amd64~~10.0.26100.9168 with CBS state -17(CbsInstallStateSuperseded) being mapped to dism state 7(DISM_INSTALL_STATE_SUPERSEDED) - CDISMPackage::LogInstallStateMapping
2026-09-14 19:17:47, Info                  DISM   DISM Package Manager: PID=8892 TID=20204 Package Microsoft-Windows-MediaPlayer-Package~31bf3856ad364e35~amd64~~10.0.26100.9444 with CBS state 7(CbsInstallStateInstalled) being mapped to dism state 5(DISM_INSTALL_STATE_INSTALLED) - CDISMPackage::LogInstallStateMapping
2026-09-14 19:17:47, Info                  DISM   DISM Package Manager: PID=8892 TID=20204 Package Microsoft-Windows-MediaPlayer-Package~31bf3856ad364e35~wow64~en-US~10.0.26100.1 with CBS state 7(CbsInstallStateInstalled) being mapped to dism state 5(DISM_INSTALL_STATE_INSTALLED) - CDISMPackage::LogInstallStateMapping
2026-09-14 19:17:47, Info                  DISM   DISM Package Manager: PID=8892 TID=20204 Package Microsoft-Windows-MediaPlayer-Package~31bf3856ad364e35~wow64~~10.0.26100.1742 with CBS state 4(CbsInstallStateStaged) being mapped to dism state 3(DISM_INSTALL_STATE_STAGED) - CDISMPackage::LogInstallStateMapping
2026-09-14 19:17:47, Info                  DISM   DISM Package Manager: PID=8892 TID=20204 Package Microsoft-Windows-MediaPlayer-Package~31bf3856ad364e35~wow64~~10.0.26100.8894 with CBS state -17(CbsInstallStateSuperseded) being mapped to dism state 7(DISM_INSTALL_STATE_SUPERSEDED) - CDISMPackage::LogInstallStateMapping
2026-09-14 19:17:47, Info                  DISM   DISM Package Manager: PID=8892 TID=20204 Package Microsoft-Windows-MediaPlayer-Package~31bf3856ad364e35~wow64~~10.0.26100.9168 with CBS state -17(CbsInstallStateSuperseded) being mapped to dism state 7(DISM_INSTALL_STATE_SUPERSEDED) - CDISMPackage::LogInstallStateMapping
2026-09-14 19:17:47, Info                  DISM   DISM Package Manager: PID=8892 TID=20204 Package Microsoft-Windows-MediaPlayer-Package~31bf3856ad364e35~wow64~~10.0.26100.9444 with CBS state 7(CbsInstallStateInstalled) being mapped to dism state 5(DISM_INSTALL_STATE_INSTALLED) - CDISMPackage::LogInstallStateMapping
2026-09-14 19:17:47, Info                  DISM   DISM Package Manager: PID=8892 TID=20204 Package Microsoft-Windows-NetFx3-OnDemand-Package~31bf3856ad364e35~amd64~~10.0.26100.1742 with CBS state 4(CbsInstallStateStaged) being mapped to dism state 3(DISM_INSTALL_STATE_STAGED) - CDISMPackage::LogInstallStateMapping
2026-09-14 19:17:47, Info                  DISM   DISM Package Manager: PID=8892 TID=20204 Package Microsoft-Windows-NetFx3-OnDemand-Package~31bf3856ad364e35~amd64~~10.0.26100.8894 with CBS state -17(CbsInstallStateSuperseded) being mapped to dism state 7(DISM_INSTALL_STATE_SUPERSEDED) - CDISMPackage::LogInstallStateMapping
2026-09-14 19:17:47, Info                  DISM   DISM Package Manager: PID=8892 TID=20204 Package Microsoft-Windows-NetFx3-OnDemand-Package~31bf3856ad364e35~amd64~~10.0.26100.9168 with CBS state -17(CbsInstallStateSuperseded) being mapped to dism state 7(DISM_INSTALL_STATE_SUPERSEDED) - CDISMPackage::LogInstallStateMapping
2026-09-14 19:17:47, Info                  DISM   DISM Package Manager: PID=8892 TID=20204 Package Microsoft-Windows-NetFx3-OnDemand-Package~31bf3856ad364e35~amd64~~10.0.26100.9444 with CBS state 7(CbsInstallStateInstalled) being mapped to dism state 5(DISM_INSTALL_STATE_INSTALLED) - CDISMPackage::LogInstallStateMapping
2026-09-14 19:17:47, Info                  DISM   DISM Package Manager: PID=8892 TID=20204 Package Microsoft-Windows-Notepad-System-FoD-Package~31bf3856ad364e35~amd64~en-US~10.0.26100.1742 with CBS state 4(CbsInstallStateStaged) being mapped to dism state 3(DISM_INSTALL_STATE_STAGED) - CDISMPackage::LogInstallStateMapping
2026-09-14 19:17:47, Info                  DISM   DISM Package Manager: PID=8892 TID=20204 Package Microsoft-Windows-Notepad-System-FoD-Package~31bf3856ad364e35~amd64~en-US~10.0.26100.8894 with CBS state -17(CbsInstallStateSuperseded) being mapped to dism state 7(DISM_INSTALL_STATE_SUPERSEDED) - CDISMPackage::LogInstallStateMapping
2026-09-14 19:17:47, Info                  DISM   DISM Package Manager: PID=8892 TID=20204 Package Microsoft-Windows-Notepad-System-FoD-Package~31bf3856ad364e35~amd64~en-US~10.0.26100.9168 with CBS state -17(CbsInstallStateSuperseded) being mapped to dism state 7(DISM_INSTALL_STATE_SUPERSEDED) - CDISMPackage::LogInstallStateMapping
2026-09-14 19:17:47, Info                  DISM   DISM Package Manager: PID=8892 TID=20204 Package Microsoft-Windows-Notepad-System-FoD-Package~31bf3856ad364e35~amd64~en-US~10.0.26100.9444 with CBS state 7(CbsInstallStateInstalled) being mapped to dism state 5(DISM_INSTALL_STATE_INSTALLED) - CDISMPackage::LogInstallStateMapping
2026-09-14 19:17:47, Info                  DISM   DISM Package Manager: PID=8892 TID=20204 Package Microsoft-Windows-Notepad-System-FoD-Package~31bf3856ad364e35~amd64~~10.0.26100.1742 with CBS state 4(CbsInstallStateStaged) being mapped to dism state 3(DISM_INSTALL_STATE_STAGED) - CDISMPackage::LogInstallStateMapping
2026-09-14 19:17:47, Info                  DISM   DISM Package Manager: PID=8892 TID=20204 Package Microsoft-Windows-Notepad-System-FoD-Package~31bf3856ad364e35~amd64~~10.0.26100.8894 with CBS state -17(CbsInstallStateSuperseded) being mapped to dism state 7(DISM_INSTALL_STATE_SUPERSEDED) - CDISMPackage::LogInstallStateMapping
2026-09-14 19:17:47, Info                  DISM   DISM Package Manager: PID=8892 TID=20204 Package Microsoft-Windows-Notepad-System-FoD-Package~31bf3856ad364e35~amd64~~10.0.26100.9168 with CBS state -17(CbsInstallStateSuperseded) being mapped to dism state 7(DISM_INSTALL_STATE_SUPERSEDED) - CDISMPackage::LogInstallStateMapping
2026-09-14 19:17:47, Info                  DISM   DISM Package Manager: PID=8892 TID=20204 Package Microsoft-Windows-Notepad-System-FoD-Package~31bf3856ad364e35~amd64~~10.0.26100.9444 with CBS state 7(CbsInstallStateInstalled) being mapped to dism state 5(DISM_INSTALL_STATE_INSTALLED) - CDISMPackage::LogInstallStateMapping
2026-09-14 19:17:47, Info                  DISM   DISM Package Manager: PID=8892 TID=20204 Package Microsoft-Windows-Notepad-System-FoD-Package~31bf3856ad364e35~wow64~en-US~10.0.26100.1 with CBS state 7(CbsInstallStateInstalled) being mapped to dism state 5(DISM_INSTALL_STATE_INSTALLED) - CDISMPackage::LogInstallStateMapping
2026-09-14 19:17:47, Info                  DISM   DISM Package Manager: PID=8892 TID=20204 Package Microsoft-Windows-Notepad-System-FoD-Package~31bf3856ad364e35~wow64~~10.0.26100.1742 with CBS state 4(CbsInstallStateStaged) being mapped to dism state 3(DISM_INSTALL_STATE_STAGED) - CDISMPackage::LogInstallStateMapping
2026-09-14 19:17:47, Info                  DISM   DISM Package Manager: PID=8892 TID=20204 Package Microsoft-Windows-Notepad-System-FoD-Package~31bf3856ad364e35~wow64~~10.0.26100.8894 with CBS state -17(CbsInstallStateSuperseded) being mapped to dism state 7(DISM_INSTALL_STATE_SUPERSEDED) - CDISMPackage::LogInstallStateMapping
2026-09-14 19:17:47, Info                  DISM   DISM Package Manager: PID=8892 TID=20204 Package Microsoft-Windows-Notepad-System-FoD-Package~31bf3856ad364e35~wow64~~10.0.26100.9168 with CBS state -17(CbsInstallStateSuperseded) being mapped to dism state 7(DISM_INSTALL_STATE_SUPERSEDED) - CDISMPackage::LogInstallStateMapping
2026-09-14 19:17:47, Info                  DISM   DISM Package Manager: PID=8892 TID=20204 Package Microsoft-Windows-Notepad-System-FoD-Package~31bf3856ad364e35~wow64~~10.0.26100.9444 with CBS state 7(CbsInstallStateInstalled) being mapped to dism state 5(DISM_INSTALL_STATE_INSTALLED) - CDISMPackage::LogInstallStateMapping
2026-09-14 19:17:47, Info                  DISM   DISM Package Manager: PID=8892 TID=20204 Package Microsoft-Windows-PowerShell-ISE-FOD-Package~31bf3856ad364e35~amd64~en-US~10.0.26100.1742 with CBS state 4(CbsInstallStateStaged) being mapped to dism state 3(DISM_INSTALL_STATE_STAGED) - CDISMPackage::LogInstallStateMapping
2026-09-14 19:17:47, Info                  DISM   DISM Package Manager: PID=8892 TID=20204 Package Microsoft-Windows-PowerShell-ISE-FOD-Package~31bf3856ad364e35~amd64~en-US~10.0.26100.8894 with CBS state -17(CbsInstallStateSuperseded) being mapped to dism state 7(DISM_INSTALL_STATE_SUPERSEDED) - CDISMPackage::LogInstallStateMapping
2026-09-14 19:17:47, Info                  DISM   DISM Package Manager: PID=8892 TID=20204 Package Microsoft-Windows-PowerShell-ISE-FOD-Package~31bf3856ad364e35~amd64~en-US~10.0.26100.9168 with CBS state -17(CbsInstallStateSuperseded) being mapped to dism state 7(DISM_INSTALL_STATE_SUPERSEDED) - CDISMPackage::LogInstallStateMapping
2026-09-14 19:17:47, Info                  DISM   DISM Package Manager: PID=8892 TID=20204 Package Microsoft-Windows-PowerShell-ISE-FOD-Package~31bf3856ad364e35~amd64~en-US~10.0.26100.9444 with CBS state 7(CbsInstallStateInstalled) being mapped to dism state 5(DISM_INSTALL_STATE_INSTALLED) - CDISMPackage::LogInstallStateMapping
2026-09-14 19:17:47, Info                  DISM   DISM Package Manager: PID=8892 TID=20204 Package Microsoft-Windows-PowerShell-ISE-FOD-Package~31bf3856ad364e35~amd64~~10.0.26100.1742 with CBS state 4(CbsInstallStateStaged) being mapped to dism state 3(DISM_INSTALL_STATE_STAGED) - CDISMPackage::LogInstallStateMapping
2026-09-14 19:17:47, Info                  DISM   DISM Package Manager: PID=8892 TID=20204 Package Microsoft-Windows-PowerShell-ISE-FOD-Package~31bf3856ad364e35~amd64~~10.0.26100.8894 with CBS state -17(CbsInstallStateSuperseded) being mapped to dism state 7(DISM_INSTALL_STATE_SUPERSEDED) - CDISMPackage::LogInstallStateMapping
2026-09-14 19:17:47, Info                  DISM   DISM Package Manager: PID=8892 TID=20204 Package Microsoft-Windows-PowerShell-ISE-FOD-Package~31bf3856ad364e35~amd64~~10.0.26100.9168 with CBS state -17(CbsInstallStateSuperseded) being mapped to dism state 7(DISM_INSTALL_STATE_SUPERSEDED) - CDISMPackage::LogInstallStateMapping
2026-09-14 19:17:47, Info                  DISM   DISM Package Manager: PID=8892 TID=20204 Package Microsoft-Windows-PowerShell-ISE-FOD-Package~31bf3856ad364e35~amd64~~10.0.26100.9444 with CBS state 7(CbsInstallStateInstalled) being mapped to dism state 5(DISM_INSTALL_STATE_INSTALLED) - CDISMPackage::LogInstallStateMapping
2026-09-14 19:17:47, Info                  DISM   DISM Package Manager: PID=8892 TID=20204 Package Microsoft-Windows-PowerShell-ISE-FOD-Package~31bf3856ad364e35~wow64~en-US~10.0.26100.1 with CBS state 7(CbsInstallStateInstalled) being mapped to dism state 5(DISM_INSTALL_STATE_INSTALLED) - CDISMPackage::LogInstallStateMapping
2026-09-14 19:17:47, Info                  DISM   DISM Package Manager: PID=8892 TID=20204 Package Microsoft-Windows-PowerShell-ISE-FOD-Package~31bf3856ad364e35~wow64~~10.0.26100.1742 with CBS state 4(CbsInstallStateStaged) being mapped to dism state 3(DISM_INSTALL_STATE_STAGED) - CDISMPackage::LogInstallStateMapping
2026-09-14 19:17:47, Info                  DISM   DISM Package Manager: PID=8892 TID=20204 Package Microsoft-Windows-PowerShell-ISE-FOD-Package~31bf3856ad364e35~wow64~~10.0.26100.8894 with CBS state -17(CbsInstallStateSuperseded) being mapped to dism state 7(DISM_INSTALL_STATE_SUPERSEDED) - CDISMPackage::LogInstallStateMapping
2026-09-14 19:17:47, Info                  DISM   DISM Package Manager: PID=8892 TID=20204 Package Microsoft-Windows-PowerShell-ISE-FOD-Package~31bf3856ad364e35~wow64~~10.0.26100.9168 with CBS state -17(CbsInstallStateSuperseded) being mapped to dism state 7(DISM_INSTALL_STATE_SUPERSEDED) - CDISMPackage::LogInstallStateMapping
2026-09-14 19:17:47, Info                  DISM   DISM Package Manager: PID=8892 TID=20204 Package Microsoft-Windows-PowerShell-ISE-FOD-Package~31bf3856ad364e35~wow64~~10.0.26100.9444 with CBS state 7(CbsInstallStateInstalled) being mapped to dism state 5(DISM_INSTALL_STATE_INSTALLED) - CDISMPackage::LogInstallStateMapping
2026-09-14 19:17:47, Info                  DISM   DISM Package Manager: PID=8892 TID=20204 Package Microsoft-Windows-Printing-PMCPPC-FoD-Package~31bf3856ad364e35~amd64~en-US~10.0.26100.1742 with CBS state 4(CbsInstallStateStaged) being mapped to dism state 3(DISM_INSTALL_STATE_STAGED) - CDISMPackage::LogInstallStateMapping
2026-09-14 19:17:47, Info                  DISM   DISM Package Manager: PID=8892 TID=20204 Package Microsoft-Windows-Printing-PMCPPC-FoD-Package~31bf3856ad364e35~amd64~en-US~10.0.26100.8894 with CBS state -17(CbsInstallStateSuperseded) being mapped to dism state 7(DISM_INSTALL_STATE_SUPERSEDED) - CDISMPackage::LogInstallStateMapping
2026-09-14 19:17:47, Info                  DISM   DISM Package Manager: PID=8892 TID=20204 Package Microsoft-Windows-Printing-PMCPPC-FoD-Package~31bf3856ad364e35~amd64~en-US~10.0.26100.9168 with CBS state -17(CbsInstallStateSuperseded) being mapped to dism state 7(DISM_INSTALL_STATE_SUPERSEDED) - CDISMPackage::LogInstallStateMapping
2026-09-14 19:17:47, Info                  DISM   DISM Package Manager: PID=8892 TID=20204 Package Microsoft-Windows-Printing-PMCPPC-FoD-Package~31bf3856ad364e35~amd64~en-US~10.0.26100.9444 with CBS state 7(CbsInstallStateInstalled) being mapped to dism state 5(DISM_INSTALL_STATE_INSTALLED) - CDISMPackage::LogInstallStateMapping
2026-09-14 19:17:47, Info                  DISM   DISM Package Manager: PID=8892 TID=20204 Package Microsoft-Windows-Printing-PMCPPC-FoD-Package~31bf3856ad364e35~amd64~~10.0.26100.1742 with CBS state 4(CbsInstallStateStaged) being mapped to dism state 3(DISM_INSTALL_STATE_STAGED) - CDISMPackage::LogInstallStateMapping
2026-09-14 19:17:47, Info                  DISM   DISM Package Manager: PID=8892 TID=20204 Package Microsoft-Windows-Printing-PMCPPC-FoD-Package~31bf3856ad364e35~amd64~~10.0.26100.8894 with CBS state -17(CbsInstallStateSuperseded) being mapped to dism state 7(DISM_INSTALL_STATE_SUPERSEDED) - CDISMPackage::LogInstallStateMapping
2026-09-14 19:17:47, Info                  DISM   DISM Package Manager: PID=8892 TID=20204 Package Microsoft-Windows-Printing-PMCPPC-FoD-Package~31bf3856ad364e35~amd64~~10.0.26100.9168 with CBS state -17(CbsInstallStateSuperseded) being mapped to dism state 7(DISM_INSTALL_STATE_SUPERSEDED) - CDISMPackage::LogInstallStateMapping
2026-09-14 19:17:47, Info                  DISM   DISM Package Manager: PID=8892 TID=20204 Package Microsoft-Windows-Printing-PMCPPC-FoD-Package~31bf3856ad364e35~amd64~~10.0.26100.9444 with CBS state 7(CbsInstallStateInstalled) being mapped to dism state 5(DISM_INSTALL_STATE_INSTALLED) - CDISMPackage::LogInstallStateMapping
2026-09-14 19:17:47, Info                  DISM   DISM Package Manager: PID=8892 TID=20204 Package Microsoft-Windows-ProjFS-OptionalFeature-FOD-Package~31bf3856ad364e35~amd64~en-US~10.0.26100.1742 with CBS state 4(CbsInstallStateStaged) being mapped to dism state 3(DISM_INSTALL_STATE_STAGED) - CDISMPackage::LogInstallStateMapping
2026-09-14 19:17:47, Info                  DISM   DISM Package Manager: PID=8892 TID=20204 Package Microsoft-Windows-ProjFS-OptionalFeature-FOD-Package~31bf3856ad364e35~amd64~en-US~10.0.26100.8894 with CBS state -17(CbsInstallStateSuperseded) being mapped to dism state 7(DISM_INSTALL_STATE_SUPERSEDED) - CDISMPackage::LogInstallStateMapping
2026-09-14 19:17:47, Info                  DISM   DISM Package Manager: PID=8892 TID=20204 Package Microsoft-Windows-ProjFS-OptionalFeature-FOD-Package~31bf3856ad364e35~amd64~en-US~10.0.26100.9168 with CBS state -17(CbsInstallStateSuperseded) being mapped to dism state 7(DISM_INSTALL_STATE_SUPERSEDED) - CDISMPackage::LogInstallStateMapping
2026-09-14 19:17:47, Info                  DISM   DISM Package Manager: PID=8892 TID=20204 Package Microsoft-Windows-ProjFS-OptionalFeature-FOD-Package~31bf3856ad364e35~amd64~en-US~10.0.26100.9444 with CBS state 7(CbsInstallStateInstalled) being mapped to dism state 5(DISM_INSTALL_STATE_INSTALLED) - CDISMPackage::LogInstallStateMapping
2026-09-14 19:17:47, Info                  DISM   DISM Package Manager: PID=8892 TID=20204 Package Microsoft-Windows-ProjFS-OptionalFeature-FOD-Package~31bf3856ad364e35~amd64~~10.0.26100.1742 with CBS state 4(CbsInstallStateStaged) being mapped to dism state 3(DISM_INSTALL_STATE_STAGED) - CDISMPackage::LogInstallStateMapping
2026-09-14 19:17:47, Info                  DISM   DISM Package Manager: PID=8892 TID=20204 Package Microsoft-Windows-ProjFS-OptionalFeature-FOD-Package~31bf3856ad364e35~amd64~~10.0.26100.8894 with CBS state -17(CbsInstallStateSuperseded) being mapped to dism state 7(DISM_INSTALL_STATE_SUPERSEDED) - CDISMPackage::LogInstallStateMapping
2026-09-14 19:17:47, Info                  DISM   DISM Package Manager: PID=8892 TID=20204 Package Microsoft-Windows-ProjFS-OptionalFeature-FOD-Package~31bf3856ad364e35~amd64~~10.0.26100.9168 with CBS state -17(CbsInstallStateSuperseded) being mapped to dism state 7(DISM_INSTALL_STATE_SUPERSEDED) - CDISMPackage::LogInstallStateMapping
2026-09-14 19:17:47, Info                  DISM   DISM Package Manager: PID=8892 TID=20204 Package Microsoft-Windows-ProjFS-OptionalFeature-FOD-Package~31bf3856ad364e35~amd64~~10.0.26100.9444 with CBS state 7(CbsInstallStateInstalled) being mapped to dism state 5(DISM_INSTALL_STATE_INSTALLED) - CDISMPackage::LogInstallStateMapping
2026-09-14 19:17:47, Info                  DISM   DISM Package Manager: PID=8892 TID=20204 Package Microsoft-Windows-SenseClient-FoD-Package~31bf3856ad364e35~amd64~en-US~10.0.26100.1 with CBS state 4(CbsInstallStateStaged) being mapped to dism state 3(DISM_INSTALL_STATE_STAGED) - CDISMPackage::LogInstallStateMapping
2026-09-14 19:17:47, Info                  DISM   DISM Package Manager: PID=8892 TID=20204 Package Microsoft-Windows-SenseClient-FoD-Package~31bf3856ad364e35~amd64~en-US~10.0.26100.8894 with CBS state -17(CbsInstallStateSuperseded) being mapped to dism state 7(DISM_INSTALL_STATE_SUPERSEDED) - CDISMPackage::LogInstallStateMapping
2026-09-14 19:17:47, Info                  DISM   DISM Package Manager: PID=8892 TID=20204 Package Microsoft-Windows-SenseClient-FoD-Package~31bf3856ad364e35~amd64~en-US~10.0.26100.9168 with CBS state -17(CbsInstallStateSuperseded) being mapped to dism state 7(DISM_INSTALL_STATE_SUPERSEDED) - CDISMPackage::LogInstallStateMapping
2026-09-14 19:17:47, Info                  DISM   DISM Package Manager: PID=8892 TID=20204 Package Microsoft-Windows-SenseClient-FoD-Package~31bf3856ad364e35~amd64~en-US~10.0.26100.9444 with CBS state 7(CbsInstallStateInstalled) being mapped to dism state 5(DISM_INSTALL_STATE_INSTALLED) - CDISMPackage::LogInstallStateMapping
2026-09-14 19:17:47, Info                  DISM   DISM Package Manager: PID=8892 TID=20204 Package Microsoft-Windows-SenseClient-FoD-Package~31bf3856ad364e35~amd64~~10.0.26100.1 with CBS state 4(CbsInstallStateStaged) being mapped to dism state 3(DISM_INSTALL_STATE_STAGED) - CDISMPackage::LogInstallStateMapping
2026-09-14 19:17:47, Info                  DISM   DISM Package Manager: PID=8892 TID=20204 Package Microsoft-Windows-SenseClient-FoD-Package~31bf3856ad364e35~amd64~~10.0.26100.8894 with CBS state -17(CbsInstallStateSuperseded) being mapped to dism state 7(DISM_INSTALL_STATE_SUPERSEDED) - CDISMPackage::LogInstallStateMapping
2026-09-14 19:17:47, Info                  DISM   DISM Package Manager: PID=8892 TID=20204 Package Microsoft-Windows-SenseClient-FoD-Package~31bf3856ad364e35~amd64~~10.0.26100.9168 with CBS state -17(CbsInstallStateSuperseded) being mapped to dism state 7(DISM_INSTALL_STATE_SUPERSEDED) - CDISMPackage::LogInstallStateMapping
2026-09-14 19:17:47, Info                  DISM   DISM Package Manager: PID=8892 TID=20204 Package Microsoft-Windows-SenseClient-FoD-Package~31bf3856ad364e35~amd64~~10.0.26100.9444 with CBS state 7(CbsInstallStateInstalled) being mapped to dism state 5(DISM_INSTALL_STATE_INSTALLED) - CDISMPackage::LogInstallStateMapping
2026-09-14 19:17:47, Info                  DISM   DISM Package Manager: PID=8892 TID=20204 Package Microsoft-Windows-SimpleTCP-FOD-Package~31bf3856ad364e35~amd64~en-US~10.0.26100.1 with CBS state 7(CbsInstallStateInstalled) being mapped to dism state 5(DISM_INSTALL_STATE_INSTALLED) - CDISMPackage::LogInstallStateMapping
2026-09-14 19:17:47, Info                  DISM   DISM Package Manager: PID=8892 TID=20204 Package Microsoft-Windows-SimpleTCP-FOD-Package~31bf3856ad364e35~amd64~~10.0.26100.1742 with CBS state 4(CbsInstallStateStaged) being mapped to dism state 3(DISM_INSTALL_STATE_STAGED) - CDISMPackage::LogInstallStateMapping
2026-09-14 19:17:47, Info                  DISM   DISM Package Manager: PID=8892 TID=20204 Package Microsoft-Windows-SimpleTCP-FOD-Package~31bf3856ad364e35~amd64~~10.0.26100.8894 with CBS state -17(CbsInstallStateSuperseded) being mapped to dism state 7(DISM_INSTALL_STATE_SUPERSEDED) - CDISMPackage::LogInstallStateMapping
2026-09-14 19:17:47, Info                  DISM   DISM Package Manager: PID=8892 TID=20204 Package Microsoft-Windows-SimpleTCP-FOD-Package~31bf3856ad364e35~amd64~~10.0.26100.9168 with CBS state -17(CbsInstallStateSuperseded) being mapped to dism state 7(DISM_INSTALL_STATE_SUPERSEDED) - CDISMPackage::LogInstallStateMapping
2026-09-14 19:17:47, Info                  DISM   DISM Package Manager: PID=8892 TID=20204 Package Microsoft-Windows-SimpleTCP-FOD-Package~31bf3856ad364e35~amd64~~10.0.26100.9444 with CBS state 7(CbsInstallStateInstalled) being mapped to dism state 5(DISM_INSTALL_STATE_INSTALLED) - CDISMPackage::LogInstallStateMapping
2026-09-14 19:17:47, Info                  DISM   DISM Package Manager: PID=8892 TID=20204 Package Microsoft-Windows-SmbDirect-FOD-Package~31bf3856ad364e35~amd64~en-US~10.0.26100.1 with CBS state 7(CbsInstallStateInstalled) being mapped to dism state 5(DISM_INSTALL_STATE_INSTALLED) - CDISMPackage::LogInstallStateMapping
2026-09-14 19:17:47, Info                  DISM   DISM Package Manager: PID=8892 TID=20204 Package Microsoft-Windows-SmbDirect-FOD-Package~31bf3856ad364e35~amd64~~10.0.26100.1742 with CBS state 4(CbsInstallStateStaged) being mapped to dism state 3(DISM_INSTALL_STATE_STAGED) - CDISMPackage::LogInstallStateMapping
2026-09-14 19:17:47, Info                  DISM   DISM Package Manager: PID=8892 TID=20204 Package Microsoft-Windows-SmbDirect-FOD-Package~31bf3856ad364e35~amd64~~10.0.26100.8894 with CBS state -17(CbsInstallStateSuperseded) being mapped to dism state 7(DISM_INSTALL_STATE_SUPERSEDED) - CDISMPackage::LogInstallStateMapping
2026-09-14 19:17:47, Info                  DISM   DISM Package Manager: PID=8892 TID=20204 Package Microsoft-Windows-SmbDirect-FOD-Package~31bf3856ad364e35~amd64~~10.0.26100.9168 with CBS state -17(CbsInstallStateSuperseded) being mapped to dism state 7(DISM_INSTALL_STATE_SUPERSEDED) - CDISMPackage::LogInstallStateMapping
2026-09-14 19:17:47, Info                  DISM   DISM Package Manager: PID=8892 TID=20204 Package Microsoft-Windows-SmbDirect-FOD-Package~31bf3856ad364e35~amd64~~10.0.26100.9444 with CBS state 7(CbsInstallStateInstalled) being mapped to dism state 5(DISM_INSTALL_STATE_INSTALLED) - CDISMPackage::LogInstallStateMapping
2026-09-14 19:17:47, Info                  DISM   DISM Package Manager: PID=8892 TID=20204 Package Microsoft-Windows-StepsRecorder-Package~31bf3856ad364e35~amd64~en-US~10.0.26100.1742 with CBS state 4(CbsInstallStateStaged) being mapped to dism state 3(DISM_INSTALL_STATE_STAGED) - CDISMPackage::LogInstallStateMapping
2026-09-14 19:17:47, Info                  DISM   DISM Package Manager: PID=8892 TID=20204 Package Microsoft-Windows-StepsRecorder-Package~31bf3856ad364e35~amd64~en-US~10.0.26100.8894 with CBS state -17(CbsInstallStateSuperseded) being mapped to dism state 7(DISM_INSTALL_STATE_SUPERSEDED) - CDISMPackage::LogInstallStateMapping
2026-09-14 19:17:47, Info                  DISM   DISM Package Manager: PID=8892 TID=20204 Package Microsoft-Windows-StepsRecorder-Package~31bf3856ad364e35~amd64~en-US~10.0.26100.9168 with CBS state -17(CbsInstallStateSuperseded) being mapped to dism state 7(DISM_INSTALL_STATE_SUPERSEDED) - CDISMPackage::LogInstallStateMapping
2026-09-14 19:17:47, Info                  DISM   DISM Package Manager: PID=8892 TID=20204 Package Microsoft-Windows-StepsRecorder-Package~31bf3856ad364e35~amd64~en-US~10.0.26100.9444 with CBS state 7(CbsInstallStateInstalled) being mapped to dism state 5(DISM_INSTALL_STATE_INSTALLED) - CDISMPackage::LogInstallStateMapping
2026-09-14 19:17:47, Info                  DISM   DISM Package Manager: PID=8892 TID=20204 Package Microsoft-Windows-StepsRecorder-Package~31bf3856ad364e35~amd64~~10.0.26100.1742 with CBS state 4(CbsInstallStateStaged) being mapped to dism state 3(DISM_INSTALL_STATE_STAGED) - CDISMPackage::LogInstallStateMapping
2026-09-14 19:17:47, Info                  DISM   DISM Package Manager: PID=8892 TID=20204 Package Microsoft-Windows-StepsRecorder-Package~31bf3856ad364e35~amd64~~10.0.26100.8894 with CBS state -17(CbsInstallStateSuperseded) being mapped to dism state 7(DISM_INSTALL_STATE_SUPERSEDED) - CDISMPackage::LogInstallStateMapping
2026-09-14 19:17:47, Info                  DISM   DISM Package Manager: PID=8892 TID=20204 Package Microsoft-Windows-StepsRecorder-Package~31bf3856ad364e35~amd64~~10.0.26100.9168 with CBS state -17(CbsInstallStateSuperseded) being mapped to dism state 7(DISM_INSTALL_STATE_SUPERSEDED) - CDISMPackage::LogInstallStateMapping
2026-09-14 19:17:47, Info                  DISM   DISM Package Manager: PID=8892 TID=20204 Package Microsoft-Windows-StepsRecorder-Package~31bf3856ad364e35~amd64~~10.0.26100.9444 with CBS state 7(CbsInstallStateInstalled) being mapped to dism state 5(DISM_INSTALL_STATE_INSTALLED) - CDISMPackage::LogInstallStateMapping
2026-09-14 19:17:47, Info                  DISM   DISM Package Manager: PID=8892 TID=20204 Package Microsoft-Windows-StepsRecorder-Package~31bf3856ad364e35~wow64~en-US~10.0.26100.1 with CBS state 7(CbsInstallStateInstalled) being mapped to dism state 5(DISM_INSTALL_STATE_INSTALLED) - CDISMPackage::LogInstallStateMapping
2026-09-14 19:17:47, Info                  DISM   DISM Package Manager: PID=8892 TID=20204 Package Microsoft-Windows-StepsRecorder-Package~31bf3856ad364e35~wow64~~10.0.26100.1742 with CBS state 4(CbsInstallStateStaged) being mapped to dism state 3(DISM_INSTALL_STATE_STAGED) - CDISMPackage::LogInstallStateMapping
2026-09-14 19:17:47, Info                  DISM   DISM Package Manager: PID=8892 TID=20204 Package Microsoft-Windows-StepsRecorder-Package~31bf3856ad364e35~wow64~~10.0.26100.8894 with CBS state -17(CbsInstallStateSuperseded) being mapped to dism state 7(DISM_INSTALL_STATE_SUPERSEDED) - CDISMPackage::LogInstallStateMapping
2026-09-14 19:17:47, Info                  DISM   DISM Package Manager: PID=8892 TID=20204 Package Microsoft-Windows-StepsRecorder-Package~31bf3856ad364e35~wow64~~10.0.26100.9168 with CBS state -17(CbsInstallStateSuperseded) being mapped to dism state 7(DISM_INSTALL_STATE_SUPERSEDED) - CDISMPackage::LogInstallStateMapping
2026-09-14 19:17:47, Info                  DISM   DISM Package Manager: PID=8892 TID=20204 Package Microsoft-Windows-StepsRecorder-Package~31bf3856ad364e35~wow64~~10.0.26100.9444 with CBS state 7(CbsInstallStateInstalled) being mapped to dism state 5(DISM_INSTALL_STATE_INSTALLED) - CDISMPackage::LogInstallStateMapping
2026-09-14 19:17:47, Info                  DISM   DISM Package Manager: PID=8892 TID=20204 Package Microsoft-Windows-TabletPCMath-Package~31bf3856ad364e35~amd64~~10.0.26100.1742 with CBS state 4(CbsInstallStateStaged) being mapped to dism state 3(DISM_INSTALL_STATE_STAGED) - CDISMPackage::LogInstallStateMapping
2026-09-14 19:17:47, Info                  DISM   DISM Package Manager: PID=8892 TID=20204 Package Microsoft-Windows-TabletPCMath-Package~31bf3856ad364e35~amd64~~10.0.26100.8894 with CBS state -17(CbsInstallStateSuperseded) being mapped to dism state 7(DISM_INSTALL_STATE_SUPERSEDED) - CDISMPackage::LogInstallStateMapping
2026-09-14 19:17:47, Info                  DISM   DISM Package Manager: PID=8892 TID=20204 Package Microsoft-Windows-TabletPCMath-Package~31bf3856ad364e35~amd64~~10.0.26100.9168 with CBS state -17(CbsInstallStateSuperseded) being mapped to dism state 7(DISM_INSTALL_STATE_SUPERSEDED) - CDISMPackage::LogInstallStateMapping
2026-09-14 19:17:47, Info                  DISM   DISM Package Manager: PID=8892 TID=20204 Package Microsoft-Windows-TabletPCMath-Package~31bf3856ad364e35~amd64~~10.0.26100.9444 with CBS state 7(CbsInstallStateInstalled) being mapped to dism state 5(DISM_INSTALL_STATE_INSTALLED) - CDISMPackage::LogInstallStateMapping
2026-09-14 19:17:47, Info                  DISM   DISM Package Manager: PID=8892 TID=20204 Package Microsoft-Windows-Telnet-Client-FOD-Package~31bf3856ad364e35~amd64~en-US~10.0.26100.1 with CBS state 4(CbsInstallStateStaged) being mapped to dism state 3(DISM_INSTALL_STATE_STAGED) - CDISMPackage::LogInstallStateMapping
2026-09-14 19:17:47, Info                  DISM   DISM Package Manager: PID=8892 TID=20204 Package Microsoft-Windows-Telnet-Client-FOD-Package~31bf3856ad364e35~amd64~en-US~10.0.26100.8894 with CBS state -17(CbsInstallStateSuperseded) being mapped to dism state 7(DISM_INSTALL_STATE_SUPERSEDED) - CDISMPackage::LogInstallStateMapping
2026-09-14 19:17:47, Info                  DISM   DISM Package Manager: PID=8892 TID=20204 Package Microsoft-Windows-Telnet-Client-FOD-Package~31bf3856ad364e35~amd64~en-US~10.0.26100.9168 with CBS state -17(CbsInstallStateSuperseded) being mapped to dism state 7(DISM_INSTALL_STATE_SUPERSEDED) - CDISMPackage::LogInstallStateMapping
2026-09-14 19:17:47, Info                  DISM   DISM Package Manager: PID=8892 TID=20204 Package Microsoft-Windows-Telnet-Client-FOD-Package~31bf3856ad364e35~amd64~en-US~10.0.26100.9444 with CBS state 7(CbsInstallStateInstalled) being mapped to dism state 5(DISM_INSTALL_STATE_INSTALLED) - CDISMPackage::LogInstallStateMapping
2026-09-14 19:17:47, Info                  DISM   DISM Package Manager: PID=8892 TID=20204 Package Microsoft-Windows-Telnet-Client-FOD-Package~31bf3856ad364e35~amd64~~10.0.26100.1742 with CBS state 4(CbsInstallStateStaged) being mapped to dism state 3(DISM_INSTALL_STATE_STAGED) - CDISMPackage::LogInstallStateMapping
2026-09-14 19:17:47, Info                  DISM   DISM Package Manager: PID=8892 TID=20204 Package Microsoft-Windows-Telnet-Client-FOD-Package~31bf3856ad364e35~amd64~~10.0.26100.8894 with CBS state -17(CbsInstallStateSuperseded) being mapped to dism state 7(DISM_INSTALL_STATE_SUPERSEDED) - CDISMPackage::LogInstallStateMapping
2026-09-14 19:17:47, Info                  DISM   DISM Package Manager: PID=8892 TID=20204 Package Microsoft-Windows-Telnet-Client-FOD-Package~31bf3856ad364e35~amd64~~10.0.26100.9168 with CBS state -17(CbsInstallStateSuperseded) being mapped to dism state 7(DISM_INSTALL_STATE_SUPERSEDED) - CDISMPackage::LogInstallStateMapping
2026-09-14 19:17:47, Info                  DISM   DISM Package Manager: PID=8892 TID=20204 Package Microsoft-Windows-Telnet-Client-FOD-Package~31bf3856ad364e35~amd64~~10.0.26100.9444 with CBS state 7(CbsInstallStateInstalled) being mapped to dism state 5(DISM_INSTALL_STATE_INSTALLED) - CDISMPackage::LogInstallStateMapping
2026-09-14 19:17:47, Info                  DISM   DISM Package Manager: PID=8892 TID=20204 Package Microsoft-Windows-TerminalServices-AppServer-Client-FOD-Package~31bf3856ad364e35~amd64~en-US~10.0.26100.1 with CBS state 4(CbsInstallStateStaged) being mapped to dism state 3(DISM_INSTALL_STATE_STAGED) - CDISMPackage::LogInstallStateMapping
2026-09-14 19:17:47, Info                  DISM   DISM Package Manager: PID=8892 TID=20204 Package Microsoft-Windows-TerminalServices-AppServer-Client-FOD-Package~31bf3856ad364e35~amd64~en-US~10.0.26100.8894 with CBS state -17(CbsInstallStateSuperseded) being mapped to dism state 7(DISM_INSTALL_STATE_SUPERSEDED) - CDISMPackage::LogInstallStateMapping
2026-09-14 19:17:47, Info                  DISM   DISM Package Manager: PID=8892 TID=20204 Package Microsoft-Windows-TerminalServices-AppServer-Client-FOD-Package~31bf3856ad364e35~amd64~en-US~10.0.26100.9168 with CBS state -17(CbsInstallStateSuperseded) being mapped to dism state 7(DISM_INSTALL_STATE_SUPERSEDED) - CDISMPackage::LogInstallStateMapping
2026-09-14 19:17:47, Info                  DISM   DISM Package Manager: PID=8892 TID=20204 Package Microsoft-Windows-TerminalServices-AppServer-Client-FOD-Package~31bf3856ad364e35~amd64~en-US~10.0.26100.9444 with CBS state 7(CbsInstallStateInstalled) being mapped to dism state 5(DISM_INSTALL_STATE_INSTALLED) - CDISMPackage::LogInstallStateMapping
2026-09-14 19:17:47, Info                  DISM   DISM Package Manager: PID=8892 TID=19224 Package Microsoft-Windows-TerminalServices-AppServer-Client-FOD-Package~31bf3856ad364e35~amd64~~10.0.26100.1 with CBS state 4(CbsInstallStateStaged) being mapped to dism state 3(DISM_INSTALL_STATE_STAGED) - CDISMPackage::LogInstallStateMapping
2026-09-14 19:17:47, Info                  DISM   DISM Package Manager: PID=8892 TID=19224 Package Microsoft-Windows-TerminalServices-AppServer-Client-FOD-Package~31bf3856ad364e35~amd64~~10.0.26100.8894 with CBS state -17(CbsInstallStateSuperseded) being mapped to dism state 7(DISM_INSTALL_STATE_SUPERSEDED) - CDISMPackage::LogInstallStateMapping
2026-09-14 19:17:47, Info                  DISM   DISM Package Manager: PID=8892 TID=19224 Package Microsoft-Windows-TerminalServices-AppServer-Client-FOD-Package~31bf3856ad364e35~amd64~~10.0.26100.9168 with CBS state -17(CbsInstallStateSuperseded) being mapped to dism state 7(DISM_INSTALL_STATE_SUPERSEDED) - CDISMPackage::LogInstallStateMapping
2026-09-14 19:17:47, Info                  DISM   DISM Package Manager: PID=8892 TID=19224 Package Microsoft-Windows-TerminalServices-AppServer-Client-FOD-Package~31bf3856ad364e35~amd64~~10.0.26100.9444 with CBS state 7(CbsInstallStateInstalled) being mapped to dism state 5(DISM_INSTALL_STATE_INSTALLED) - CDISMPackage::LogInstallStateMapping
2026-09-14 19:17:47, Info                  DISM   DISM Package Manager: PID=8892 TID=19224 Package Microsoft-Windows-TerminalServices-AppServer-Client-FOD-Package~31bf3856ad364e35~wow64~en-US~10.0.26100.1 with CBS state 4(CbsInstallStateStaged) being mapped to dism state 3(DISM_INSTALL_STATE_STAGED) - CDISMPackage::LogInstallStateMapping
2026-09-14 19:17:47, Info                  DISM   DISM Package Manager: PID=8892 TID=19224 Package Microsoft-Windows-TerminalServices-AppServer-Client-FOD-Package~31bf3856ad364e35~wow64~en-US~10.0.26100.8894 with CBS state -17(CbsInstallStateSuperseded) being mapped to dism state 7(DISM_INSTALL_STATE_SUPERSEDED) - CDISMPackage::LogInstallStateMapping
2026-09-14 19:17:47, Info                  DISM   DISM Package Manager: PID=8892 TID=19224 Package Microsoft-Windows-TerminalServices-AppServer-Client-FOD-Package~31bf3856ad364e35~wow64~en-US~10.0.26100.9168 with CBS state -17(CbsInstallStateSuperseded) being mapped to dism state 7(DISM_INSTALL_STATE_SUPERSEDED) - CDISMPackage::LogInstallStateMapping
2026-09-14 19:17:47, Info                  DISM   DISM Package Manager: PID=8892 TID=19224 Package Microsoft-Windows-TerminalServices-AppServer-Client-FOD-Package~31bf3856ad364e35~wow64~en-US~10.0.26100.9444 with CBS state 7(CbsInstallStateInstalled) being mapped to dism state 5(DISM_INSTALL_STATE_INSTALLED) - CDISMPackage::LogInstallStateMapping
2026-09-14 19:17:47, Info                  DISM   DISM Package Manager: PID=8892 TID=19224 Package Microsoft-Windows-TerminalServices-AppServer-Client-FOD-Package~31bf3856ad364e35~wow64~~10.0.26100.1 with CBS state 4(CbsInstallStateStaged) being mapped to dism state 3(DISM_INSTALL_STATE_STAGED) - CDISMPackage::LogInstallStateMapping
2026-09-14 19:17:47, Info                  DISM   DISM Package Manager: PID=8892 TID=19224 Package Microsoft-Windows-TerminalServices-AppServer-Client-FOD-Package~31bf3856ad364e35~wow64~~10.0.26100.8894 with CBS state -17(CbsInstallStateSuperseded) being mapped to dism state 7(DISM_INSTALL_STATE_SUPERSEDED) - CDISMPackage::LogInstallStateMapping
2026-09-14 19:17:47, Info                  DISM   DISM Package Manager: PID=8892 TID=19224 Package Microsoft-Windows-TerminalServices-AppServer-Client-FOD-Package~31bf3856ad364e35~wow64~~10.0.26100.9168 with CBS state -17(CbsInstallStateSuperseded) being mapped to dism state 7(DISM_INSTALL_STATE_SUPERSEDED) - CDISMPackage::LogInstallStateMapping
2026-09-14 19:17:47, Info                  DISM   DISM Package Manager: PID=8892 TID=19224 Package Microsoft-Windows-TerminalServices-AppServer-Client-FOD-Package~31bf3856ad364e35~wow64~~10.0.26100.9444 with CBS state 7(CbsInstallStateInstalled) being mapped to dism state 5(DISM_INSTALL_STATE_INSTALLED) - CDISMPackage::LogInstallStateMapping
2026-09-14 19:17:47, Info                  DISM   DISM Package Manager: PID=8892 TID=19224 Package Microsoft-Windows-TFTP-Client-FOD-Package~31bf3856ad364e35~amd64~en-US~10.0.26100.1742 with CBS state 4(CbsInstallStateStaged) being mapped to dism state 3(DISM_INSTALL_STATE_STAGED) - CDISMPackage::LogInstallStateMapping
2026-09-14 19:17:47, Info                  DISM   DISM Package Manager: PID=8892 TID=19224 Package Microsoft-Windows-TFTP-Client-FOD-Package~31bf3856ad364e35~amd64~en-US~10.0.26100.8894 with CBS state -17(CbsInstallStateSuperseded) being mapped to dism state 7(DISM_INSTALL_STATE_SUPERSEDED) - CDISMPackage::LogInstallStateMapping
2026-09-14 19:17:47, Info                  DISM   DISM Package Manager: PID=8892 TID=19224 Package Microsoft-Windows-TFTP-Client-FOD-Package~31bf3856ad364e35~amd64~en-US~10.0.26100.9168 with CBS state -17(CbsInstallStateSuperseded) being mapped to dism state 7(DISM_INSTALL_STATE_SUPERSEDED) - CDISMPackage::LogInstallStateMapping
2026-09-14 19:17:47, Info                  DISM   DISM Package Manager: PID=8892 TID=19224 Package Microsoft-Windows-TFTP-Client-FOD-Package~31bf3856ad364e35~amd64~en-US~10.0.26100.9444 with CBS state 7(CbsInstallStateInstalled) being mapped to dism state 5(DISM_INSTALL_STATE_INSTALLED) - CDISMPackage::LogInstallStateMapping
2026-09-14 19:17:47, Info                  DISM   DISM Package Manager: PID=8892 TID=19224 Package Microsoft-Windows-TFTP-Client-FOD-Package~31bf3856ad364e35~amd64~~10.0.26100.1742 with CBS state 4(CbsInstallStateStaged) being mapped to dism state 3(DISM_INSTALL_STATE_STAGED) - CDISMPackage::LogInstallStateMapping
2026-09-14 19:17:47, Info                  DISM   DISM Package Manager: PID=8892 TID=19224 Package Microsoft-Windows-TFTP-Client-FOD-Package~31bf3856ad364e35~amd64~~10.0.26100.8894 with CBS state -17(CbsInstallStateSuperseded) being mapped to dism state 7(DISM_INSTALL_STATE_SUPERSEDED) - CDISMPackage::LogInstallStateMapping
2026-09-14 19:17:47, Info                  DISM   DISM Package Manager: PID=8892 TID=19224 Package Microsoft-Windows-TFTP-Client-FOD-Package~31bf3856ad364e35~amd64~~10.0.26100.9168 with CBS state -17(CbsInstallStateSuperseded) being mapped to dism state 7(DISM_INSTALL_STATE_SUPERSEDED) - CDISMPackage::LogInstallStateMapping
2026-09-14 19:17:47, Info                  DISM   DISM Package Manager: PID=8892 TID=19224 Package Microsoft-Windows-TFTP-Client-FOD-Package~31bf3856ad364e35~amd64~~10.0.26100.9444 with CBS state 7(CbsInstallStateInstalled) being mapped to dism state 5(DISM_INSTALL_STATE_INSTALLED) - CDISMPackage::LogInstallStateMapping
2026-09-14 19:17:47, Info                  DISM   DISM Package Manager: PID=8892 TID=19224 Package Microsoft-Windows-VBSCRIPT-FoD-Package~31bf3856ad364e35~amd64~en-US~10.0.26100.1742 with CBS state 4(CbsInstallStateStaged) being mapped to dism state 3(DISM_INSTALL_STATE_STAGED) - CDISMPackage::LogInstallStateMapping
2026-09-14 19:17:47, Info                  DISM   DISM Package Manager: PID=8892 TID=19224 Package Microsoft-Windows-VBSCRIPT-FoD-Package~31bf3856ad364e35~amd64~en-US~10.0.26100.8894 with CBS state -17(CbsInstallStateSuperseded) being mapped to dism state 7(DISM_INSTALL_STATE_SUPERSEDED) - CDISMPackage::LogInstallStateMapping
2026-09-14 19:17:47, Info                  DISM   DISM Package Manager: PID=8892 TID=19224 Package Microsoft-Windows-VBSCRIPT-FoD-Package~31bf3856ad364e35~amd64~en-US~10.0.26100.9168 with CBS state -17(CbsInstallStateSuperseded) being mapped to dism state 7(DISM_INSTALL_STATE_SUPERSEDED) - CDISMPackage::LogInstallStateMapping
2026-09-14 19:17:47, Info                  DISM   DISM Package Manager: PID=8892 TID=19224 Package Microsoft-Windows-VBSCRIPT-FoD-Package~31bf3856ad364e35~amd64~en-US~10.0.26100.9444 with CBS state 7(CbsInstallStateInstalled) being mapped to dism state 5(DISM_INSTALL_STATE_INSTALLED) - CDISMPackage::LogInstallStateMapping
2026-09-14 19:17:47, Info                  DISM   DISM Package Manager: PID=8892 TID=19224 Package Microsoft-Windows-VBSCRIPT-FoD-Package~31bf3856ad364e35~amd64~~10.0.26100.1742 with CBS state 4(CbsInstallStateStaged) being mapped to dism state 3(DISM_INSTALL_STATE_STAGED) - CDISMPackage::LogInstallStateMapping
2026-09-14 19:17:47, Info                  DISM   DISM Package Manager: PID=8892 TID=19224 Package Microsoft-Windows-VBSCRIPT-FoD-Package~31bf3856ad364e35~amd64~~10.0.26100.8894 with CBS state -17(CbsInstallStateSuperseded) being mapped to dism state 7(DISM_INSTALL_STATE_SUPERSEDED) - CDISMPackage::LogInstallStateMapping
2026-09-14 19:17:47, Info                  DISM   DISM Package Manager: PID=8892 TID=19224 Package Microsoft-Windows-VBSCRIPT-FoD-Package~31bf3856ad364e35~amd64~~10.0.26100.9168 with CBS state -17(CbsInstallStateSuperseded) being mapped to dism state 7(DISM_INSTALL_STATE_SUPERSEDED) - CDISMPackage::LogInstallStateMapping
2026-09-14 19:17:47, Info                  DISM   DISM Package Manager: PID=8892 TID=19224 Package Microsoft-Windows-VBSCRIPT-FoD-Package~31bf3856ad364e35~amd64~~10.0.26100.9444 with CBS state 7(CbsInstallStateInstalled) being mapped to dism state 5(DISM_INSTALL_STATE_INSTALLED) - CDISMPackage::LogInstallStateMapping
2026-09-14 19:17:47, Info                  DISM   DISM Package Manager: PID=8892 TID=19224 Package Microsoft-Windows-VBSCRIPT-FoD-Package~31bf3856ad364e35~wow64~en-US~10.0.26100.1 with CBS state 7(CbsInstallStateInstalled) being mapped to dism state 5(DISM_INSTALL_STATE_INSTALLED) - CDISMPackage::LogInstallStateMapping
2026-09-14 19:17:47, Info                  DISM   DISM Package Manager: PID=8892 TID=19224 Package Microsoft-Windows-VBSCRIPT-FoD-Package~31bf3856ad364e35~wow64~~10.0.26100.1742 with CBS state 4(CbsInstallStateStaged) being mapped to dism state 3(DISM_INSTALL_STATE_STAGED) - CDISMPackage::LogInstallStateMapping
2026-09-14 19:17:47, Info                  DISM   DISM Package Manager: PID=8892 TID=19224 Package Microsoft-Windows-VBSCRIPT-FoD-Package~31bf3856ad364e35~wow64~~10.0.26100.8894 with CBS state -17(CbsInstallStateSuperseded) being mapped to dism state 7(DISM_INSTALL_STATE_SUPERSEDED) - CDISMPackage::LogInstallStateMapping
2026-09-14 19:17:47, Info                  DISM   DISM Package Manager: PID=8892 TID=19224 Package Microsoft-Windows-VBSCRIPT-FoD-Package~31bf3856ad364e35~wow64~~10.0.26100.9168 with CBS state -17(CbsInstallStateSuperseded) being mapped to dism state 7(DISM_INSTALL_STATE_SUPERSEDED) - CDISMPackage::LogInstallStateMapping
2026-09-14 19:17:47, Info                  DISM   DISM Package Manager: PID=8892 TID=19224 Package Microsoft-Windows-VBSCRIPT-FoD-Package~31bf3856ad364e35~wow64~~10.0.26100.9444 with CBS state 7(CbsInstallStateInstalled) being mapped to dism state 5(DISM_INSTALL_STATE_INSTALLED) - CDISMPackage::LogInstallStateMapping
2026-09-14 19:17:47, Info                  DISM   DISM Package Manager: PID=8892 TID=19224 Package Microsoft-Windows-Wallpaper-Content-Extended-FoD-Package~31bf3856ad364e35~amd64~~10.0.26100.1742 with CBS state 4(CbsInstallStateStaged) being mapped to dism state 3(DISM_INSTALL_STATE_STAGED) - CDISMPackage::LogInstallStateMapping
2026-09-14 19:17:47, Info                  DISM   DISM Package Manager: PID=8892 TID=19224 Package Microsoft-Windows-Wallpaper-Content-Extended-FoD-Package~31bf3856ad364e35~amd64~~10.0.26100.8894 with CBS state -17(CbsInstallStateSuperseded) being mapped to dism state 7(DISM_INSTALL_STATE_SUPERSEDED) - CDISMPackage::LogInstallStateMapping
2026-09-14 19:17:47, Info                  DISM   DISM Package Manager: PID=8892 TID=19224 Package Microsoft-Windows-Wallpaper-Content-Extended-FoD-Package~31bf3856ad364e35~amd64~~10.0.26100.9168 with CBS state -17(CbsInstallStateSuperseded) being mapped to dism state 7(DISM_INSTALL_STATE_SUPERSEDED) - CDISMPackage::LogInstallStateMapping
2026-09-14 19:17:47, Info                  DISM   DISM Package Manager: PID=8892 TID=19224 Package Microsoft-Windows-Wallpaper-Content-Extended-FoD-Package~31bf3856ad364e35~amd64~~10.0.26100.9444 with CBS state 7(CbsInstallStateInstalled) being mapped to dism state 5(DISM_INSTALL_STATE_INSTALLED) - CDISMPackage::LogInstallStateMapping
2026-09-14 19:17:47, Info                  DISM   DISM Package Manager: PID=8892 TID=19224 Package Microsoft-Windows-Wifi-Client-Broadcom-Bcmpciedhd63-FOD-Package~31bf3856ad364e35~amd64~~10.0.26100.1742 with CBS state 4(CbsInstallStateStaged) being mapped to dism state 3(DISM_INSTALL_STATE_STAGED) - CDISMPackage::LogInstallStateMapping
2026-09-14 19:17:47, Info                  DISM   DISM Package Manager: PID=8892 TID=19224 Package Microsoft-Windows-Wifi-Client-Broadcom-Bcmpciedhd63-FOD-Package~31bf3856ad364e35~amd64~~10.0.26100.8894 with CBS state -17(CbsInstallStateSuperseded) being mapped to dism state 7(DISM_INSTALL_STATE_SUPERSEDED) - CDISMPackage::LogInstallStateMapping
2026-09-14 19:17:47, Info                  DISM   DISM Package Manager: PID=8892 TID=19224 Package Microsoft-Windows-Wifi-Client-Broadcom-Bcmpciedhd63-FOD-Package~31bf3856ad364e35~amd64~~10.0.26100.9168 with CBS state -17(CbsInstallStateSuperseded) being mapped to dism state 7(DISM_INSTALL_STATE_SUPERSEDED) - CDISMPackage::LogInstallStateMapping
2026-09-14 19:17:47, Info                  DISM   DISM Package Manager: PID=8892 TID=19224 Package Microsoft-Windows-Wifi-Client-Broadcom-Bcmpciedhd63-FOD-Package~31bf3856ad364e35~amd64~~10.0.26100.9444 with CBS state 7(CbsInstallStateInstalled) being mapped to dism state 5(DISM_INSTALL_STATE_INSTALLED) - CDISMPackage::LogInstallStateMapping
2026-09-14 19:17:47, Info                  DISM   DISM Package Manager: PID=8892 TID=19224 Package Microsoft-Windows-Wifi-Client-Broadcom-Bcmwl63a-FOD-Package~31bf3856ad364e35~amd64~~10.0.26100.1742 with CBS state 4(CbsInstallStateStaged) being mapped to dism state 3(DISM_INSTALL_STATE_STAGED) - CDISMPackage::LogInstallStateMapping
2026-09-14 19:17:47, Info                  DISM   DISM Package Manager: PID=8892 TID=19224 Package Microsoft-Windows-Wifi-Client-Broadcom-Bcmwl63a-FOD-Package~31bf3856ad364e35~amd64~~10.0.26100.8894 with CBS state -17(CbsInstallStateSuperseded) being mapped to dism state 7(DISM_INSTALL_STATE_SUPERSEDED) - CDISMPackage::LogInstallStateMapping
2026-09-14 19:17:47, Info                  DISM   DISM Package Manager: PID=8892 TID=19224 Package Microsoft-Windows-Wifi-Client-Broadcom-Bcmwl63a-FOD-Package~31bf3856ad364e35~amd64~~10.0.26100.9168 with CBS state -17(CbsInstallStateSuperseded) being mapped to dism state 7(DISM_INSTALL_STATE_SUPERSEDED) - CDISMPackage::LogInstallStateMapping
2026-09-14 19:17:47, Info                  DISM   DISM Package Manager: PID=8892 TID=19224 Package Microsoft-Windows-Wifi-Client-Broadcom-Bcmwl63a-FOD-Package~31bf3856ad364e35~amd64~~10.0.26100.9444 with CBS state 7(CbsInstallStateInstalled) being mapped to dism state 5(DISM_INSTALL_STATE_INSTALLED) - CDISMPackage::LogInstallStateMapping
2026-09-14 19:17:47, Info                  DISM   DISM Package Manager: PID=8892 TID=19224 Package Microsoft-Windows-Wifi-Client-Broadcom-Bcmwl63al-FOD-Package~31bf3856ad364e35~amd64~~10.0.26100.1742 with CBS state 4(CbsInstallStateStaged) being mapped to dism state 3(DISM_INSTALL_STATE_STAGED) - CDISMPackage::LogInstallStateMapping
2026-09-14 19:17:47, Info                  DISM   DISM Package Manager: PID=8892 TID=19224 Package Microsoft-Windows-Wifi-Client-Broadcom-Bcmwl63al-FOD-Package~31bf3856ad364e35~amd64~~10.0.26100.8894 with CBS state -17(CbsInstallStateSuperseded) being mapped to dism state 7(DISM_INSTALL_STATE_SUPERSEDED) - CDISMPackage::LogInstallStateMapping
2026-09-14 19:17:47, Info                  DISM   DISM Package Manager: PID=8892 TID=19224 Package Microsoft-Windows-Wifi-Client-Broadcom-Bcmwl63al-FOD-Package~31bf3856ad364e35~amd64~~10.0.26100.9168 with CBS state -17(CbsInstallStateSuperseded) being mapped to dism state 7(DISM_INSTALL_STATE_SUPERSEDED) - CDISMPackage::LogInstallStateMapping
2026-09-14 19:17:47, Info                  DISM   DISM Package Manager: PID=8892 TID=19224 Package Microsoft-Windows-Wifi-Client-Broadcom-Bcmwl63al-FOD-Package~31bf3856ad364e35~amd64~~10.0.26100.9444 with CBS state 7(CbsInstallStateInstalled) being mapped to dism state 5(DISM_INSTALL_STATE_INSTALLED) - CDISMPackage::LogInstallStateMapping
2026-09-14 19:17:47, Info                  DISM   DISM Package Manager: PID=8892 TID=19224 Package Microsoft-Windows-Wifi-Client-Intel-Netwbw02-FOD-Package~31bf3856ad364e35~amd64~~10.0.26100.1742 with CBS state 4(CbsInstallStateStaged) being mapped to dism state 3(DISM_INSTALL_STATE_STAGED) - CDISMPackage::LogInstallStateMapping
2026-09-14 19:17:47, Info                  DISM   DISM Package Manager: PID=8892 TID=19224 Package Microsoft-Windows-Wifi-Client-Intel-Netwbw02-FOD-Package~31bf3856ad364e35~amd64~~10.0.26100.8894 with CBS state -17(CbsInstallStateSuperseded) being mapped to dism state 7(DISM_INSTALL_STATE_SUPERSEDED) - CDISMPackage::LogInstallStateMapping
2026-09-14 19:17:47, Info                  DISM   DISM Package Manager: PID=8892 TID=19224 Package Microsoft-Windows-Wifi-Client-Intel-Netwbw02-FOD-Package~31bf3856ad364e35~amd64~~10.0.26100.9168 with CBS state -17(CbsInstallStateSuperseded) being mapped to dism state 7(DISM_INSTALL_STATE_SUPERSEDED) - CDISMPackage::LogInstallStateMapping
2026-09-14 19:17:47, Info                  DISM   DISM Package Manager: PID=8892 TID=19224 Package Microsoft-Windows-Wifi-Client-Intel-Netwbw02-FOD-Package~31bf3856ad364e35~amd64~~10.0.26100.9444 with CBS state 7(CbsInstallStateInstalled) being mapped to dism state 5(DISM_INSTALL_STATE_INSTALLED) - CDISMPackage::LogInstallStateMapping
2026-09-14 19:17:47, Info                  DISM   DISM Package Manager: PID=8892 TID=19224 Package Microsoft-Windows-Wifi-Client-Intel-Netwew00-FOD-Package~31bf3856ad364e35~amd64~~10.0.26100.1742 with CBS state 4(CbsInstallStateStaged) being mapped to dism state 3(DISM_INSTALL_STATE_STAGED) - CDISMPackage::LogInstallStateMapping
2026-09-14 19:17:47, Info                  DISM   DISM Package Manager: PID=8892 TID=19224 Package Microsoft-Windows-Wifi-Client-Intel-Netwew00-FOD-Package~31bf3856ad364e35~amd64~~10.0.26100.8894 with CBS state -17(CbsInstallStateSuperseded) being mapped to dism state 7(DISM_INSTALL_STATE_SUPERSEDED) - CDISMPackage::LogInstallStateMapping
2026-09-14 19:17:47, Info                  DISM   DISM Package Manager: PID=8892 TID=19224 Package Microsoft-Windows-Wifi-Client-Intel-Netwew00-FOD-Package~31bf3856ad364e35~amd64~~10.0.26100.9168 with CBS state -17(CbsInstallStateSuperseded) being mapped to dism state 7(DISM_INSTALL_STATE_SUPERSEDED) - CDISMPackage::LogInstallStateMapping
2026-09-14 19:17:47, Info                  DISM   DISM Package Manager: PID=8892 TID=19224 Package Microsoft-Windows-Wifi-Client-Intel-Netwew00-FOD-Package~31bf3856ad364e35~amd64~~10.0.26100.9444 with CBS state 7(CbsInstallStateInstalled) being mapped to dism state 5(DISM_INSTALL_STATE_INSTALLED) - CDISMPackage::LogInstallStateMapping
2026-09-14 19:17:47, Info                  DISM   DISM Package Manager: PID=8892 TID=19224 Package Microsoft-Windows-Wifi-Client-Intel-Netwew01-FOD-Package~31bf3856ad364e35~amd64~~10.0.26100.1742 with CBS state 4(CbsInstallStateStaged) being mapped to dism state 3(DISM_INSTALL_STATE_STAGED) - CDISMPackage::LogInstallStateMapping
2026-09-14 19:17:47, Info                  DISM   DISM Package Manager: PID=8892 TID=19224 Package Microsoft-Windows-Wifi-Client-Intel-Netwew01-FOD-Package~31bf3856ad364e35~amd64~~10.0.26100.8894 with CBS state -17(CbsInstallStateSuperseded) being mapped to dism state 7(DISM_INSTALL_STATE_SUPERSEDED) - CDISMPackage::LogInstallStateMapping
2026-09-14 19:17:47, Info                  DISM   DISM Package Manager: PID=8892 TID=19224 Package Microsoft-Windows-Wifi-Client-Intel-Netwew01-FOD-Package~31bf3856ad364e35~amd64~~10.0.26100.9168 with CBS state -17(CbsInstallStateSuperseded) being mapped to dism state 7(DISM_INSTALL_STATE_SUPERSEDED) - CDISMPackage::LogInstallStateMapping
2026-09-14 19:17:47, Info                  DISM   DISM Package Manager: PID=8892 TID=19224 Package Microsoft-Windows-Wifi-Client-Intel-Netwew01-FOD-Package~31bf3856ad364e35~amd64~~10.0.26100.9444 with CBS state 7(CbsInstallStateInstalled) being mapped to dism state 5(DISM_INSTALL_STATE_INSTALLED) - CDISMPackage::LogInstallStateMapping
2026-09-14 19:17:47, Info                  DISM   DISM Package Manager: PID=8892 TID=19224 Package Microsoft-Windows-Wifi-Client-Intel-Netwlv64-FOD-Package~31bf3856ad364e35~amd64~~10.0.26100.1742 with CBS state 4(CbsInstallStateStaged) being mapped to dism state 3(DISM_INSTALL_STATE_STAGED) - CDISMPackage::LogInstallStateMapping
2026-09-14 19:17:47, Info                  DISM   DISM Package Manager: PID=8892 TID=19224 Package Microsoft-Windows-Wifi-Client-Intel-Netwlv64-FOD-Package~31bf3856ad364e35~amd64~~10.0.26100.8894 with CBS state -17(CbsInstallStateSuperseded) being mapped to dism state 7(DISM_INSTALL_STATE_SUPERSEDED) - CDISMPackage::LogInstallStateMapping
2026-09-14 19:17:47, Info                  DISM   DISM Package Manager: PID=8892 TID=19224 Package Microsoft-Windows-Wifi-Client-Intel-Netwlv64-FOD-Package~31bf3856ad364e35~amd64~~10.0.26100.9168 with CBS state -17(CbsInstallStateSuperseded) being mapped to dism state 7(DISM_INSTALL_STATE_SUPERSEDED) - CDISMPackage::LogInstallStateMapping
2026-09-14 19:17:47, Info                  DISM   DISM Package Manager: PID=8892 TID=19224 Package Microsoft-Windows-Wifi-Client-Intel-Netwlv64-FOD-Package~31bf3856ad364e35~amd64~~10.0.26100.9444 with CBS state 7(CbsInstallStateInstalled) being mapped to dism state 5(DISM_INSTALL_STATE_INSTALLED) - CDISMPackage::LogInstallStateMapping
2026-09-14 19:17:47, Info                  DISM   DISM Package Manager: PID=8892 TID=19224 Package Microsoft-Windows-Wifi-Client-Intel-Netwns64-FOD-Package~31bf3856ad364e35~amd64~~10.0.26100.1742 with CBS state 4(CbsInstallStateStaged) being mapped to dism state 3(DISM_INSTALL_STATE_STAGED) - CDISMPackage::LogInstallStateMapping
2026-09-14 19:17:47, Info                  DISM   DISM Package Manager: PID=8892 TID=19224 Package Microsoft-Windows-Wifi-Client-Intel-Netwns64-FOD-Package~31bf3856ad364e35~amd64~~10.0.26100.8894 with CBS state -17(CbsInstallStateSuperseded) being mapped to dism state 7(DISM_INSTALL_STATE_SUPERSEDED) - CDISMPackage::LogInstallStateMapping
2026-09-14 19:17:47, Info                  DISM   DISM Package Manager: PID=8892 TID=19224 Package Microsoft-Windows-Wifi-Client-Intel-Netwns64-FOD-Package~31bf3856ad364e35~amd64~~10.0.26100.9168 with CBS state -17(CbsInstallStateSuperseded) being mapped to dism state 7(DISM_INSTALL_STATE_SUPERSEDED) - CDISMPackage::LogInstallStateMapping
2026-09-14 19:17:47, Info                  DISM   DISM Package Manager: PID=8892 TID=19224 Package Microsoft-Windows-Wifi-Client-Intel-Netwns64-FOD-Package~31bf3856ad364e35~amd64~~10.0.26100.9444 with CBS state 7(CbsInstallStateInstalled) being mapped to dism state 5(DISM_INSTALL_STATE_INSTALLED) - CDISMPackage::LogInstallStateMapping
2026-09-14 19:17:47, Info                  DISM   DISM Package Manager: PID=8892 TID=19224 Package Microsoft-Windows-Wifi-Client-Intel-Netwsw00-FOD-Package~31bf3856ad364e35~amd64~~10.0.26100.1742 with CBS state 4(CbsInstallStateStaged) being mapped to dism state 3(DISM_INSTALL_STATE_STAGED) - CDISMPackage::LogInstallStateMapping
2026-09-14 19:17:47, Info                  DISM   DISM Package Manager: PID=8892 TID=19224 Package Microsoft-Windows-Wifi-Client-Intel-Netwsw00-FOD-Package~31bf3856ad364e35~amd64~~10.0.26100.8894 with CBS state -17(CbsInstallStateSuperseded) being mapped to dism state 7(DISM_INSTALL_STATE_SUPERSEDED) - CDISMPackage::LogInstallStateMapping
2026-09-14 19:17:47, Info                  DISM   DISM Package Manager: PID=8892 TID=19224 Package Microsoft-Windows-Wifi-Client-Intel-Netwsw00-FOD-Package~31bf3856ad364e35~amd64~~10.0.26100.9168 with CBS state -17(CbsInstallStateSuperseded) being mapped to dism state 7(DISM_INSTALL_STATE_SUPERSEDED) - CDISMPackage::LogInstallStateMapping
2026-09-14 19:17:47, Info                  DISM   DISM Package Manager: PID=8892 TID=19224 Package Microsoft-Windows-Wifi-Client-Intel-Netwsw00-FOD-Package~31bf3856ad364e35~amd64~~10.0.26100.9444 with CBS state 7(CbsInstallStateInstalled) being mapped to dism state 5(DISM_INSTALL_STATE_INSTALLED) - CDISMPackage::LogInstallStateMapping
2026-09-14 19:17:47, Info                  DISM   DISM Package Manager: PID=8892 TID=19224 Package Microsoft-Windows-Wifi-Client-Intel-Netwtw02-FOD-Package~31bf3856ad364e35~amd64~~10.0.26100.1742 with CBS state 4(CbsInstallStateStaged) being mapped to dism state 3(DISM_INSTALL_STATE_STAGED) - CDISMPackage::LogInstallStateMapping
2026-09-14 19:17:47, Info                  DISM   DISM Package Manager: PID=8892 TID=19224 Package Microsoft-Windows-Wifi-Client-Intel-Netwtw02-FOD-Package~31bf3856ad364e35~amd64~~10.0.26100.8894 with CBS state -17(CbsInstallStateSuperseded) being mapped to dism state 7(DISM_INSTALL_STATE_SUPERSEDED) - CDISMPackage::LogInstallStateMapping
2026-09-14 19:17:47, Info                  DISM   DISM Package Manager: PID=8892 TID=19224 Package Microsoft-Windows-Wifi-Client-Intel-Netwtw02-FOD-Package~31bf3856ad364e35~amd64~~10.0.26100.9168 with CBS state -17(CbsInstallStateSuperseded) being mapped to dism state 7(DISM_INSTALL_STATE_SUPERSEDED) - CDISMPackage::LogInstallStateMapping
2026-09-14 19:17:47, Info                  DISM   DISM Package Manager: PID=8892 TID=19224 Package Microsoft-Windows-Wifi-Client-Intel-Netwtw02-FOD-Package~31bf3856ad364e35~amd64~~10.0.26100.9444 with CBS state 7(CbsInstallStateInstalled) being mapped to dism state 5(DISM_INSTALL_STATE_INSTALLED) - CDISMPackage::LogInstallStateMapping
2026-09-14 19:17:47, Info                  DISM   DISM Package Manager: PID=8892 TID=19224 Package Microsoft-Windows-Wifi-Client-Intel-Netwtw04-FOD-Package~31bf3856ad364e35~amd64~~10.0.26100.1742 with CBS state 4(CbsInstallStateStaged) being mapped to dism state 3(DISM_INSTALL_STATE_STAGED) - CDISMPackage::LogInstallStateMapping
2026-09-14 19:17:47, Info                  DISM   DISM Package Manager: PID=8892 TID=19224 Package Microsoft-Windows-Wifi-Client-Intel-Netwtw04-FOD-Package~31bf3856ad364e35~amd64~~10.0.26100.8894 with CBS state -17(CbsInstallStateSuperseded) being mapped to dism state 7(DISM_INSTALL_STATE_SUPERSEDED) - CDISMPackage::LogInstallStateMapping
2026-09-14 19:17:47, Info                  DISM   DISM Package Manager: PID=8892 TID=19224 Package Microsoft-Windows-Wifi-Client-Intel-Netwtw04-FOD-Package~31bf3856ad364e35~amd64~~10.0.26100.9168 with CBS state -17(CbsInstallStateSuperseded) being mapped to dism state 7(DISM_INSTALL_STATE_SUPERSEDED) - CDISMPackage::LogInstallStateMapping
2026-09-14 19:17:47, Info                  DISM   DISM Package Manager: PID=8892 TID=19224 Package Microsoft-Windows-Wifi-Client-Intel-Netwtw04-FOD-Package~31bf3856ad364e35~amd64~~10.0.26100.9444 with CBS state 7(CbsInstallStateInstalled) being mapped to dism state 5(DISM_INSTALL_STATE_INSTALLED) - CDISMPackage::LogInstallStateMapping
2026-09-14 19:17:47, Info                  DISM   DISM Package Manager: PID=8892 TID=19224 Package Microsoft-Windows-Wifi-Client-Intel-Netwtw06-FOD-Package~31bf3856ad364e35~amd64~~10.0.26100.1742 with CBS state 4(CbsInstallStateStaged) being mapped to dism state 3(DISM_INSTALL_STATE_STAGED) - CDISMPackage::LogInstallStateMapping
2026-09-14 19:17:47, Info                  DISM   DISM Package Manager: PID=8892 TID=19224 Package Microsoft-Windows-Wifi-Client-Intel-Netwtw06-FOD-Package~31bf3856ad364e35~amd64~~10.0.26100.8894 with CBS state -17(CbsInstallStateSuperseded) being mapped to dism state 7(DISM_INSTALL_STATE_SUPERSEDED) - CDISMPackage::LogInstallStateMapping
2026-09-14 19:17:47, Info                  DISM   DISM Package Manager: PID=8892 TID=19224 Package Microsoft-Windows-Wifi-Client-Intel-Netwtw06-FOD-Package~31bf3856ad364e35~amd64~~10.0.26100.9168 with CBS state -17(CbsInstallStateSuperseded) being mapped to dism state 7(DISM_INSTALL_STATE_SUPERSEDED) - CDISMPackage::LogInstallStateMapping
2026-09-14 19:17:47, Info                  DISM   DISM Package Manager: PID=8892 TID=19224 Package Microsoft-Windows-Wifi-Client-Intel-Netwtw06-FOD-Package~31bf3856ad364e35~amd64~~10.0.26100.9444 with CBS state 7(CbsInstallStateInstalled) being mapped to dism state 5(DISM_INSTALL_STATE_INSTALLED) - CDISMPackage::LogInstallStateMapping
2026-09-14 19:17:47, Info                  DISM   DISM Package Manager: PID=8892 TID=19224 Package Microsoft-Windows-Wifi-Client-Intel-Netwtw08-FOD-Package~31bf3856ad364e35~amd64~~10.0.26100.1742 with CBS state 4(CbsInstallStateStaged) being mapped to dism state 3(DISM_INSTALL_STATE_STAGED) - CDISMPackage::LogInstallStateMapping
2026-09-14 19:17:47, Info                  DISM   DISM Package Manager: PID=8892 TID=19224 Package Microsoft-Windows-Wifi-Client-Intel-Netwtw08-FOD-Package~31bf3856ad364e35~amd64~~10.0.26100.8894 with CBS state -17(CbsInstallStateSuperseded) being mapped to dism state 7(DISM_INSTALL_STATE_SUPERSEDED) - CDISMPackage::LogInstallStateMapping
2026-09-14 19:17:47, Info                  DISM   DISM Package Manager: PID=8892 TID=19224 Package Microsoft-Windows-Wifi-Client-Intel-Netwtw08-FOD-Package~31bf3856ad364e35~amd64~~10.0.26100.9168 with CBS state -17(CbsInstallStateSuperseded) being mapped to dism state 7(DISM_INSTALL_STATE_SUPERSEDED) - CDISMPackage::LogInstallStateMapping
2026-09-14 19:17:47, Info                  DISM   DISM Package Manager: PID=8892 TID=19224 Package Microsoft-Windows-Wifi-Client-Intel-Netwtw08-FOD-Package~31bf3856ad364e35~amd64~~10.0.26100.9444 with CBS state 7(CbsInstallStateInstalled) being mapped to dism state 5(DISM_INSTALL_STATE_INSTALLED) - CDISMPackage::LogInstallStateMapping
2026-09-14 19:17:47, Info                  DISM   DISM Package Manager: PID=8892 TID=19224 Package Microsoft-Windows-Wifi-Client-Intel-Netwtw10-FOD-Package~31bf3856ad364e35~amd64~~10.0.26100.1742 with CBS state 4(CbsInstallStateStaged) being mapped to dism state 3(DISM_INSTALL_STATE_STAGED) - CDISMPackage::LogInstallStateMapping
2026-09-14 19:17:47, Info                  DISM   DISM Package Manager: PID=8892 TID=19224 Package Microsoft-Windows-Wifi-Client-Intel-Netwtw10-FOD-Package~31bf3856ad364e35~amd64~~10.0.26100.8894 with CBS state -17(CbsInstallStateSuperseded) being mapped to dism state 7(DISM_INSTALL_STATE_SUPERSEDED) - CDISMPackage::LogInstallStateMapping
2026-09-14 19:17:47, Info                  DISM   DISM Package Manager: PID=8892 TID=19224 Package Microsoft-Windows-Wifi-Client-Intel-Netwtw10-FOD-Package~31bf3856ad364e35~amd64~~10.0.26100.9168 with CBS state -17(CbsInstallStateSuperseded) being mapped to dism state 7(DISM_INSTALL_STATE_SUPERSEDED) - CDISMPackage::LogInstallStateMapping
2026-09-14 19:17:47, Info                  DISM   DISM Package Manager: PID=8892 TID=19224 Package Microsoft-Windows-Wifi-Client-Intel-Netwtw10-FOD-Package~31bf3856ad364e35~amd64~~10.0.26100.9444 with CBS state 7(CbsInstallStateInstalled) being mapped to dism state 5(DISM_INSTALL_STATE_INSTALLED) - CDISMPackage::LogInstallStateMapping
2026-09-14 19:17:47, Info                  DISM   DISM Package Manager: PID=8892 TID=19224 Package Microsoft-Windows-Wifi-Client-Marvel-Mrvlpcie8897-FOD-Package~31bf3856ad364e35~amd64~~10.0.26100.1742 with CBS state 4(CbsInstallStateStaged) being mapped to dism state 3(DISM_INSTALL_STATE_STAGED) - CDISMPackage::LogInstallStateMapping
2026-09-14 19:17:47, Info                  DISM   DISM Package Manager: PID=8892 TID=19224 Package Microsoft-Windows-Wifi-Client-Marvel-Mrvlpcie8897-FOD-Package~31bf3856ad364e35~amd64~~10.0.26100.8894 with CBS state -17(CbsInstallStateSuperseded) being mapped to dism state 7(DISM_INSTALL_STATE_SUPERSEDED) - CDISMPackage::LogInstallStateMapping
2026-09-14 19:17:47, Info                  DISM   DISM Package Manager: PID=8892 TID=19224 Package Microsoft-Windows-Wifi-Client-Marvel-Mrvlpcie8897-FOD-Package~31bf3856ad364e35~amd64~~10.0.26100.9168 with CBS state -17(CbsInstallStateSuperseded) being mapped to dism state 7(DISM_INSTALL_STATE_SUPERSEDED) - CDISMPackage::LogInstallStateMapping
2026-09-14 19:17:47, Info                  DISM   DISM Package Manager: PID=8892 TID=19224 Package Microsoft-Windows-Wifi-Client-Marvel-Mrvlpcie8897-FOD-Package~31bf3856ad364e35~amd64~~10.0.26100.9444 with CBS state 7(CbsInstallStateInstalled) being mapped to dism state 5(DISM_INSTALL_STATE_INSTALLED) - CDISMPackage::LogInstallStateMapping
2026-09-14 19:17:47, Info                  DISM   DISM Package Manager: PID=8892 TID=19224 Package Microsoft-Windows-Wifi-Client-Qualcomm-Athw8x-FOD-Package~31bf3856ad364e35~amd64~~10.0.26100.1742 with CBS state 4(CbsInstallStateStaged) being mapped to dism state 3(DISM_INSTALL_STATE_STAGED) - CDISMPackage::LogInstallStateMapping
2026-09-14 19:17:47, Info                  DISM   DISM Package Manager: PID=8892 TID=19224 Package Microsoft-Windows-Wifi-Client-Qualcomm-Athw8x-FOD-Package~31bf3856ad364e35~amd64~~10.0.26100.8894 with CBS state -17(CbsInstallStateSuperseded) being mapped to dism state 7(DISM_INSTALL_STATE_SUPERSEDED) - CDISMPackage::LogInstallStateMapping
2026-09-14 19:17:47, Info                  DISM   DISM Package Manager: PID=8892 TID=19224 Package Microsoft-Windows-Wifi-Client-Qualcomm-Athw8x-FOD-Package~31bf3856ad364e35~amd64~~10.0.26100.9168 with CBS state -17(CbsInstallStateSuperseded) being mapped to dism state 7(DISM_INSTALL_STATE_SUPERSEDED) - CDISMPackage::LogInstallStateMapping
2026-09-14 19:17:47, Info                  DISM   DISM Package Manager: PID=8892 TID=19224 Package Microsoft-Windows-Wifi-Client-Qualcomm-Athw8x-FOD-Package~31bf3856ad364e35~amd64~~10.0.26100.9444 with CBS state 7(CbsInstallStateInstalled) being mapped to dism state 5(DISM_INSTALL_STATE_INSTALLED) - CDISMPackage::LogInstallStateMapping
2026-09-14 19:17:47, Info                  DISM   DISM Package Manager: PID=8892 TID=19224 Package Microsoft-Windows-Wifi-Client-Qualcomm-Athwnx-FOD-Package~31bf3856ad364e35~amd64~~10.0.26100.1742 with CBS state 4(CbsInstallStateStaged) being mapped to dism state 3(DISM_INSTALL_STATE_STAGED) - CDISMPackage::LogInstallStateMapping
2026-09-14 19:17:47, Info                  DISM   DISM Package Manager: PID=8892 TID=19224 Package Microsoft-Windows-Wifi-Client-Qualcomm-Athwnx-FOD-Package~31bf3856ad364e35~amd64~~10.0.26100.8894 with CBS state -17(CbsInstallStateSuperseded) being mapped to dism state 7(DISM_INSTALL_STATE_SUPERSEDED) - CDISMPackage::LogInstallStateMapping
2026-09-14 19:17:47, Info                  DISM   DISM Package Manager: PID=8892 TID=19224 Package Microsoft-Windows-Wifi-Client-Qualcomm-Athwnx-FOD-Package~31bf3856ad364e35~amd64~~10.0.26100.9168 with CBS state -17(CbsInstallStateSuperseded) being mapped to dism state 7(DISM_INSTALL_STATE_SUPERSEDED) - CDISMPackage::LogInstallStateMapping
2026-09-14 19:17:47, Info                  DISM   DISM Package Manager: PID=8892 TID=19224 Package Microsoft-Windows-Wifi-Client-Qualcomm-Athwnx-FOD-Package~31bf3856ad364e35~amd64~~10.0.26100.9444 with CBS state 7(CbsInstallStateInstalled) being mapped to dism state 5(DISM_INSTALL_STATE_INSTALLED) - CDISMPackage::LogInstallStateMapping
2026-09-14 19:17:47, Info                  DISM   DISM Package Manager: PID=8892 TID=19224 Package Microsoft-Windows-Wifi-Client-Qualcomm-Qcamain10x64-FOD-Package~31bf3856ad364e35~amd64~~10.0.26100.1742 with CBS state 4(CbsInstallStateStaged) being mapped to dism state 3(DISM_INSTALL_STATE_STAGED) - CDISMPackage::LogInstallStateMapping
2026-09-14 19:17:47, Info                  DISM   DISM Package Manager: PID=8892 TID=19224 Package Microsoft-Windows-Wifi-Client-Qualcomm-Qcamain10x64-FOD-Package~31bf3856ad364e35~amd64~~10.0.26100.8894 with CBS state -17(CbsInstallStateSuperseded) being mapped to dism state 7(DISM_INSTALL_STATE_SUPERSEDED) - CDISMPackage::LogInstallStateMapping
2026-09-14 19:17:47, Info                  DISM   DISM Package Manager: PID=8892 TID=19224 Package Microsoft-Windows-Wifi-Client-Qualcomm-Qcamain10x64-FOD-Package~31bf3856ad364e35~amd64~~10.0.26100.9168 with CBS state -17(CbsInstallStateSuperseded) being mapped to dism state 7(DISM_INSTALL_STATE_SUPERSEDED) - CDISMPackage::LogInstallStateMapping
2026-09-14 19:17:47, Info                  DISM   DISM Package Manager: PID=8892 TID=19224 Package Microsoft-Windows-Wifi-Client-Qualcomm-Qcamain10x64-FOD-Package~31bf3856ad364e35~amd64~~10.0.26100.9444 with CBS state 7(CbsInstallStateInstalled) being mapped to dism state 5(DISM_INSTALL_STATE_INSTALLED) - CDISMPackage::LogInstallStateMapping
2026-09-14 19:17:47, Info                  DISM   DISM Package Manager: PID=8892 TID=19224 Package Microsoft-Windows-Wifi-Client-Ralink-Netr28x-FOD-Package~31bf3856ad364e35~amd64~~10.0.26100.1742 with CBS state 4(CbsInstallStateStaged) being mapped to dism state 3(DISM_INSTALL_STATE_STAGED) - CDISMPackage::LogInstallStateMapping
2026-09-14 19:17:47, Info                  DISM   DISM Package Manager: PID=8892 TID=19224 Package Microsoft-Windows-Wifi-Client-Ralink-Netr28x-FOD-Package~31bf3856ad364e35~amd64~~10.0.26100.8894 with CBS state -17(CbsInstallStateSuperseded) being mapped to dism state 7(DISM_INSTALL_STATE_SUPERSEDED) - CDISMPackage::LogInstallStateMapping
2026-09-14 19:17:47, Info                  DISM   DISM Package Manager: PID=8892 TID=19224 Package Microsoft-Windows-Wifi-Client-Ralink-Netr28x-FOD-Package~31bf3856ad364e35~amd64~~10.0.26100.9168 with CBS state -17(CbsInstallStateSuperseded) being mapped to dism state 7(DISM_INSTALL_STATE_SUPERSEDED) - CDISMPackage::LogInstallStateMapping
2026-09-14 19:17:47, Info                  DISM   DISM Package Manager: PID=8892 TID=19224 Package Microsoft-Windows-Wifi-Client-Ralink-Netr28x-FOD-Package~31bf3856ad364e35~amd64~~10.0.26100.9444 with CBS state 7(CbsInstallStateInstalled) being mapped to dism state 5(DISM_INSTALL_STATE_INSTALLED) - CDISMPackage::LogInstallStateMapping
2026-09-14 19:17:47, Info                  DISM   DISM Package Manager: PID=8892 TID=19224 Package Microsoft-Windows-Wifi-Client-Realtek-Rtl8187se-FOD-Package~31bf3856ad364e35~amd64~~10.0.26100.1742 with CBS state 4(CbsInstallStateStaged) being mapped to dism state 3(DISM_INSTALL_STATE_STAGED) - CDISMPackage::LogInstallStateMapping
2026-09-14 19:17:47, Info                  DISM   DISM Package Manager: PID=8892 TID=19224 Package Microsoft-Windows-Wifi-Client-Realtek-Rtl8187se-FOD-Package~31bf3856ad364e35~amd64~~10.0.26100.8894 with CBS state -17(CbsInstallStateSuperseded) being mapped to dism state 7(DISM_INSTALL_STATE_SUPERSEDED) - CDISMPackage::LogInstallStateMapping
2026-09-14 19:17:47, Info                  DISM   DISM Package Manager: PID=8892 TID=19224 Package Microsoft-Windows-Wifi-Client-Realtek-Rtl8187se-FOD-Package~31bf3856ad364e35~amd64~~10.0.26100.9168 with CBS state -17(CbsInstallStateSuperseded) being mapped to dism state 7(DISM_INSTALL_STATE_SUPERSEDED) - CDISMPackage::LogInstallStateMapping
2026-09-14 19:17:47, Info                  DISM   DISM Package Manager: PID=8892 TID=19224 Package Microsoft-Windows-Wifi-Client-Realtek-Rtl8187se-FOD-Package~31bf3856ad364e35~amd64~~10.0.26100.9444 with CBS state 7(CbsInstallStateInstalled) being mapped to dism state 5(DISM_INSTALL_STATE_INSTALLED) - CDISMPackage::LogInstallStateMapping
2026-09-14 19:17:47, Info                  DISM   DISM Package Manager: PID=8892 TID=19224 Package Microsoft-Windows-Wifi-Client-Realtek-Rtl8192se-FOD-Package~31bf3856ad364e35~amd64~~10.0.26100.1742 with CBS state 4(CbsInstallStateStaged) being mapped to dism state 3(DISM_INSTALL_STATE_STAGED) - CDISMPackage::LogInstallStateMapping
2026-09-14 19:17:47, Info                  DISM   DISM Package Manager: PID=8892 TID=19224 Package Microsoft-Windows-Wifi-Client-Realtek-Rtl8192se-FOD-Package~31bf3856ad364e35~amd64~~10.0.26100.8894 with CBS state -17(CbsInstallStateSuperseded) being mapped to dism state 7(DISM_INSTALL_STATE_SUPERSEDED) - CDISMPackage::LogInstallStateMapping
2026-09-14 19:17:47, Info                  DISM   DISM Package Manager: PID=8892 TID=19224 Package Microsoft-Windows-Wifi-Client-Realtek-Rtl8192se-FOD-Package~31bf3856ad364e35~amd64~~10.0.26100.9168 with CBS state -17(CbsInstallStateSuperseded) being mapped to dism state 7(DISM_INSTALL_STATE_SUPERSEDED) - CDISMPackage::LogInstallStateMapping
2026-09-14 19:17:47, Info                  DISM   DISM Package Manager: PID=8892 TID=19224 Package Microsoft-Windows-Wifi-Client-Realtek-Rtl8192se-FOD-Package~31bf3856ad364e35~amd64~~10.0.26100.9444 with CBS state 7(CbsInstallStateInstalled) being mapped to dism state 5(DISM_INSTALL_STATE_INSTALLED) - CDISMPackage::LogInstallStateMapping
2026-09-14 19:17:47, Info                  DISM   DISM Package Manager: PID=8892 TID=19224 Package Microsoft-Windows-Wifi-Client-Realtek-Rtl819xp-FOD-Package~31bf3856ad364e35~amd64~~10.0.26100.1742 with CBS state 4(CbsInstallStateStaged) being mapped to dism state 3(DISM_INSTALL_STATE_STAGED) - CDISMPackage::LogInstallStateMapping
2026-09-14 19:17:47, Info                  DISM   DISM Package Manager: PID=8892 TID=19224 Package Microsoft-Windows-Wifi-Client-Realtek-Rtl819xp-FOD-Package~31bf3856ad364e35~amd64~~10.0.26100.8894 with CBS state -17(CbsInstallStateSuperseded) being mapped to dism state 7(DISM_INSTALL_STATE_SUPERSEDED) - CDISMPackage::LogInstallStateMapping
2026-09-14 19:17:47, Info                  DISM   DISM Package Manager: PID=8892 TID=19224 Package Microsoft-Windows-Wifi-Client-Realtek-Rtl819xp-FOD-Package~31bf3856ad364e35~amd64~~10.0.26100.9168 with CBS state -17(CbsInstallStateSuperseded) being mapped to dism state 7(DISM_INSTALL_STATE_SUPERSEDED) - CDISMPackage::LogInstallStateMapping
2026-09-14 19:17:47, Info                  DISM   DISM Package Manager: PID=8892 TID=19224 Package Microsoft-Windows-Wifi-Client-Realtek-Rtl819xp-FOD-Package~31bf3856ad364e35~amd64~~10.0.26100.9444 with CBS state 7(CbsInstallStateInstalled) being mapped to dism state 5(DISM_INSTALL_STATE_INSTALLED) - CDISMPackage::LogInstallStateMapping
2026-09-14 19:17:47, Info                  DISM   DISM Package Manager: PID=8892 TID=19224 Package Microsoft-Windows-Wifi-Client-Realtek-Rtl85n64-FOD-Package~31bf3856ad364e35~amd64~~10.0.26100.1742 with CBS state 4(CbsInstallStateStaged) being mapped to dism state 3(DISM_INSTALL_STATE_STAGED) - CDISMPackage::LogInstallStateMapping
2026-09-14 19:17:47, Info                  DISM   DISM Package Manager: PID=8892 TID=19224 Package Microsoft-Windows-Wifi-Client-Realtek-Rtl85n64-FOD-Package~31bf3856ad364e35~amd64~~10.0.26100.8894 with CBS state -17(CbsInstallStateSuperseded) being mapped to dism state 7(DISM_INSTALL_STATE_SUPERSEDED) - CDISMPackage::LogInstallStateMapping
2026-09-14 19:17:47, Info                  DISM   DISM Package Manager: PID=8892 TID=19224 Package Microsoft-Windows-Wifi-Client-Realtek-Rtl85n64-FOD-Package~31bf3856ad364e35~amd64~~10.0.26100.9168 with CBS state -17(CbsInstallStateSuperseded) being mapped to dism state 7(DISM_INSTALL_STATE_SUPERSEDED) - CDISMPackage::LogInstallStateMapping
2026-09-14 19:17:47, Info                  DISM   DISM Package Manager: PID=8892 TID=19224 Package Microsoft-Windows-Wifi-Client-Realtek-Rtl85n64-FOD-Package~31bf3856ad364e35~amd64~~10.0.26100.9444 with CBS state 7(CbsInstallStateInstalled) being mapped to dism state 5(DISM_INSTALL_STATE_INSTALLED) - CDISMPackage::LogInstallStateMapping
2026-09-14 19:17:47, Info                  DISM   DISM Package Manager: PID=8892 TID=19224 Package Microsoft-Windows-Wifi-Client-Realtek-Rtwlane-FOD-Package~31bf3856ad364e35~amd64~~10.0.26100.1742 with CBS state 4(CbsInstallStateStaged) being mapped to dism state 3(DISM_INSTALL_STATE_STAGED) - CDISMPackage::LogInstallStateMapping
2026-09-14 19:17:47, Info                  DISM   DISM Package Manager: PID=8892 TID=19224 Package Microsoft-Windows-Wifi-Client-Realtek-Rtwlane-FOD-Package~31bf3856ad364e35~amd64~~10.0.26100.8894 with CBS state -17(CbsInstallStateSuperseded) being mapped to dism state 7(DISM_INSTALL_STATE_SUPERSEDED) - CDISMPackage::LogInstallStateMapping
2026-09-14 19:17:47, Info                  DISM   DISM Package Manager: PID=8892 TID=19224 Package Microsoft-Windows-Wifi-Client-Realtek-Rtwlane-FOD-Package~31bf3856ad364e35~amd64~~10.0.26100.9168 with CBS state -17(CbsInstallStateSuperseded) being mapped to dism state 7(DISM_INSTALL_STATE_SUPERSEDED) - CDISMPackage::LogInstallStateMapping
2026-09-14 19:17:47, Info                  DISM   DISM Package Manager: PID=8892 TID=19224 Package Microsoft-Windows-Wifi-Client-Realtek-Rtwlane-FOD-Package~31bf3856ad364e35~amd64~~10.0.26100.9444 with CBS state 7(CbsInstallStateInstalled) being mapped to dism state 5(DISM_INSTALL_STATE_INSTALLED) - CDISMPackage::LogInstallStateMapping
2026-09-14 19:17:47, Info                  DISM   DISM Package Manager: PID=8892 TID=19224 Package Microsoft-Windows-Wifi-Client-Realtek-Rtwlane01-FOD-Package~31bf3856ad364e35~amd64~~10.0.26100.1742 with CBS state 4(CbsInstallStateStaged) being mapped to dism state 3(DISM_INSTALL_STATE_STAGED) - CDISMPackage::LogInstallStateMapping
2026-09-14 19:17:47, Info                  DISM   DISM Package Manager: PID=8892 TID=19224 Package Microsoft-Windows-Wifi-Client-Realtek-Rtwlane01-FOD-Package~31bf3856ad364e35~amd64~~10.0.26100.8894 with CBS state -17(CbsInstallStateSuperseded) being mapped to dism state 7(DISM_INSTALL_STATE_SUPERSEDED) - CDISMPackage::LogInstallStateMapping
2026-09-14 19:17:47, Info                  DISM   DISM Package Manager: PID=8892 TID=19224 Package Microsoft-Windows-Wifi-Client-Realtek-Rtwlane01-FOD-Package~31bf3856ad364e35~amd64~~10.0.26100.9168 with CBS state -17(CbsInstallStateSuperseded) being mapped to dism state 7(DISM_INSTALL_STATE_SUPERSEDED) - CDISMPackage::LogInstallStateMapping
2026-09-14 19:17:47, Info                  DISM   DISM Package Manager: PID=8892 TID=19224 Package Microsoft-Windows-Wifi-Client-Realtek-Rtwlane01-FOD-Package~31bf3856ad364e35~amd64~~10.0.26100.9444 with CBS state 7(CbsInstallStateInstalled) being mapped to dism state 5(DISM_INSTALL_STATE_INSTALLED) - CDISMPackage::LogInstallStateMapping
2026-09-14 19:17:47, Info                  DISM   DISM Package Manager: PID=8892 TID=19224 Package Microsoft-Windows-Wifi-Client-Realtek-Rtwlane13-FOD-Package~31bf3856ad364e35~amd64~~10.0.26100.1742 with CBS state 4(CbsInstallStateStaged) being mapped to dism state 3(DISM_INSTALL_STATE_STAGED) - CDISMPackage::LogInstallStateMapping
2026-09-14 19:17:47, Info                  DISM   DISM Package Manager: PID=8892 TID=19224 Package Microsoft-Windows-Wifi-Client-Realtek-Rtwlane13-FOD-Package~31bf3856ad364e35~amd64~~10.0.26100.8894 with CBS state -17(CbsInstallStateSuperseded) being mapped to dism state 7(DISM_INSTALL_STATE_SUPERSEDED) - CDISMPackage::LogInstallStateMapping
2026-09-14 19:17:47, Info                  DISM   DISM Package Manager: PID=8892 TID=19224 Package Microsoft-Windows-Wifi-Client-Realtek-Rtwlane13-FOD-Package~31bf3856ad364e35~amd64~~10.0.26100.9168 with CBS state -17(CbsInstallStateSuperseded) being mapped to dism state 7(DISM_INSTALL_STATE_SUPERSEDED) - CDISMPackage::LogInstallStateMapping
2026-09-14 19:17:47, Info                  DISM   DISM Package Manager: PID=8892 TID=19224 Package Microsoft-Windows-Wifi-Client-Realtek-Rtwlane13-FOD-Package~31bf3856ad364e35~amd64~~10.0.26100.9444 with CBS state 7(CbsInstallStateInstalled) being mapped to dism state 5(DISM_INSTALL_STATE_INSTALLED) - CDISMPackage::LogInstallStateMapping
2026-09-14 19:17:47, Info                  DISM   DISM Package Manager: PID=8892 TID=19224 Package Microsoft-Windows-WinOcr-FOD-Package~31bf3856ad364e35~amd64~en-US~10.0.26100.1 with CBS state 4(CbsInstallStateStaged) being mapped to dism state 3(DISM_INSTALL_STATE_STAGED) - CDISMPackage::LogInstallStateMapping
2026-09-14 19:17:47, Info                  DISM   DISM Package Manager: PID=8892 TID=19224 Package Microsoft-Windows-WinOcr-FOD-Package~31bf3856ad364e35~amd64~en-US~10.0.26100.8894 with CBS state -17(CbsInstallStateSuperseded) being mapped to dism state 7(DISM_INSTALL_STATE_SUPERSEDED) - CDISMPackage::LogInstallStateMapping
2026-09-14 19:17:47, Info                  DISM   DISM Package Manager: PID=8892 TID=19224 Package Microsoft-Windows-WinOcr-FOD-Package~31bf3856ad364e35~amd64~en-US~10.0.26100.9168 with CBS state -17(CbsInstallStateSuperseded) being mapped to dism state 7(DISM_INSTALL_STATE_SUPERSEDED) - CDISMPackage::LogInstallStateMapping
2026-09-14 19:17:47, Info                  DISM   DISM Package Manager: PID=8892 TID=19224 Package Microsoft-Windows-WinOcr-FOD-Package~31bf3856ad364e35~amd64~en-US~10.0.26100.9444 with CBS state 7(CbsInstallStateInstalled) being mapped to dism state 5(DISM_INSTALL_STATE_INSTALLED) - CDISMPackage::LogInstallStateMapping
2026-09-14 19:17:47, Info                  DISM   DISM Package Manager: PID=8892 TID=19224 Package Microsoft-Windows-WinOcr-FOD-Package~31bf3856ad364e35~amd64~~10.0.26100.1742 with CBS state 4(CbsInstallStateStaged) being mapped to dism state 3(DISM_INSTALL_STATE_STAGED) - CDISMPackage::LogInstallStateMapping
2026-09-14 19:17:47, Info                  DISM   DISM Package Manager: PID=8892 TID=19224 Package Microsoft-Windows-WinOcr-FOD-Package~31bf3856ad364e35~amd64~~10.0.26100.8894 with CBS state -17(CbsInstallStateSuperseded) being mapped to dism state 7(DISM_INSTALL_STATE_SUPERSEDED) - CDISMPackage::LogInstallStateMapping
2026-09-14 19:17:47, Info                  DISM   DISM Package Manager: PID=8892 TID=19224 Package Microsoft-Windows-WinOcr-FOD-Package~31bf3856ad364e35~amd64~~10.0.26100.9168 with CBS state -17(CbsInstallStateSuperseded) being mapped to dism state 7(DISM_INSTALL_STATE_SUPERSEDED) - CDISMPackage::LogInstallStateMapping
2026-09-14 19:17:47, Info                  DISM   DISM Package Manager: PID=8892 TID=19224 Package Microsoft-Windows-WinOcr-FOD-Package~31bf3856ad364e35~amd64~~10.0.26100.9444 with CBS state 7(CbsInstallStateInstalled) being mapped to dism state 5(DISM_INSTALL_STATE_INSTALLED) - CDISMPackage::LogInstallStateMapping
2026-09-14 19:17:47, Info                  DISM   DISM Package Manager: PID=8892 TID=19224 Package Microsoft-Windows-WinOcr-FOD-Package~31bf3856ad364e35~wow64~en-US~10.0.26100.1 with CBS state 7(CbsInstallStateInstalled) being mapped to dism state 5(DISM_INSTALL_STATE_INSTALLED) - CDISMPackage::LogInstallStateMapping
2026-09-14 19:17:47, Info                  DISM   DISM Package Manager: PID=8892 TID=19224 Package Microsoft-Windows-WinOcr-FOD-Package~31bf3856ad364e35~wow64~~10.0.26100.1 with CBS state 4(CbsInstallStateStaged) being mapped to dism state 3(DISM_INSTALL_STATE_STAGED) - CDISMPackage::LogInstallStateMapping
2026-09-14 19:17:47, Info                  DISM   DISM Package Manager: PID=8892 TID=19224 Package Microsoft-Windows-WinOcr-FOD-Package~31bf3856ad364e35~wow64~~10.0.26100.8894 with CBS state -17(CbsInstallStateSuperseded) being mapped to dism state 7(DISM_INSTALL_STATE_SUPERSEDED) - CDISMPackage::LogInstallStateMapping
2026-09-14 19:17:47, Info                  DISM   DISM Package Manager: PID=8892 TID=19224 Package Microsoft-Windows-WinOcr-FOD-Package~31bf3856ad364e35~wow64~~10.0.26100.9168 with CBS state -17(CbsInstallStateSuperseded) being mapped to dism state 7(DISM_INSTALL_STATE_SUPERSEDED) - CDISMPackage::LogInstallStateMapping
2026-09-14 19:17:47, Info                  DISM   DISM Package Manager: PID=8892 TID=19224 Package Microsoft-Windows-WinOcr-FOD-Package~31bf3856ad364e35~wow64~~10.0.26100.9444 with CBS state 7(CbsInstallStateInstalled) being mapped to dism state 5(DISM_INSTALL_STATE_INSTALLED) - CDISMPackage::LogInstallStateMapping
2026-09-14 19:17:47, Info                  DISM   DISM Package Manager: PID=8892 TID=19224 Package Microsoft-Windows-WMIC-FoD-Package~31bf3856ad364e35~amd64~en-US~10.0.26100.1742 with CBS state 4(CbsInstallStateStaged) being mapped to dism state 3(DISM_INSTALL_STATE_STAGED) - CDISMPackage::LogInstallStateMapping
2026-09-14 19:17:47, Info                  DISM   DISM Package Manager: PID=8892 TID=19224 Package Microsoft-Windows-WMIC-FoD-Package~31bf3856ad364e35~amd64~en-US~10.0.26100.8894 with CBS state -17(CbsInstallStateSuperseded) being mapped to dism state 7(DISM_INSTALL_STATE_SUPERSEDED) - CDISMPackage::LogInstallStateMapping
2026-09-14 19:17:47, Info                  DISM   DISM Package Manager: PID=8892 TID=19224 Package Microsoft-Windows-WMIC-FoD-Package~31bf3856ad364e35~amd64~en-US~10.0.26100.9168 with CBS state -17(CbsInstallStateSuperseded) being mapped to dism state 7(DISM_INSTALL_STATE_SUPERSEDED) - CDISMPackage::LogInstallStateMapping
2026-09-14 19:17:47, Info                  DISM   DISM Package Manager: PID=8892 TID=19224 Package Microsoft-Windows-WMIC-FoD-Package~31bf3856ad364e35~amd64~en-US~10.0.26100.9444 with CBS state 7(CbsInstallStateInstalled) being mapped to dism state 5(DISM_INSTALL_STATE_INSTALLED) - CDISMPackage::LogInstallStateMapping
2026-09-14 19:17:47, Info                  DISM   DISM Package Manager: PID=8892 TID=19224 Package Microsoft-Windows-WMIC-FoD-Package~31bf3856ad364e35~amd64~~10.0.26100.1742 with CBS state 4(CbsInstallStateStaged) being mapped to dism state 3(DISM_INSTALL_STATE_STAGED) - CDISMPackage::LogInstallStateMapping
2026-09-14 19:17:47, Info                  DISM   DISM Package Manager: PID=8892 TID=19224 Package Microsoft-Windows-WMIC-FoD-Package~31bf3856ad364e35~amd64~~10.0.26100.8894 with CBS state -17(CbsInstallStateSuperseded) being mapped to dism state 7(DISM_INSTALL_STATE_SUPERSEDED) - CDISMPackage::LogInstallStateMapping
2026-09-14 19:17:47, Info                  DISM   DISM Package Manager: PID=8892 TID=19224 Package Microsoft-Windows-WMIC-FoD-Package~31bf3856ad364e35~amd64~~10.0.26100.9168 with CBS state -17(CbsInstallStateSuperseded) being mapped to dism state 7(DISM_INSTALL_STATE_SUPERSEDED) - CDISMPackage::LogInstallStateMapping
2026-09-14 19:17:47, Info                  DISM   DISM Package Manager: PID=8892 TID=19224 Package Microsoft-Windows-WMIC-FoD-Package~31bf3856ad364e35~amd64~~10.0.26100.9445 with CBS state 7(CbsInstallStateInstalled) being mapped to dism state 5(DISM_INSTALL_STATE_INSTALLED) - CDISMPackage::LogInstallStateMapping
2026-09-14 19:17:47, Info                  DISM   DISM Package Manager: PID=8892 TID=19224 Package Microsoft-Windows-WMIC-FoD-Package~31bf3856ad364e35~wow64~en-US~10.0.26100.1 with CBS state 7(CbsInstallStateInstalled) being mapped to dism state 5(DISM_INSTALL_STATE_INSTALLED) - CDISMPackage::LogInstallStateMapping
2026-09-14 19:17:47, Info                  DISM   DISM Package Manager: PID=8892 TID=19224 Package Microsoft-Windows-WMIC-FoD-Package~31bf3856ad364e35~wow64~~10.0.26100.1742 with CBS state 4(CbsInstallStateStaged) being mapped to dism state 3(DISM_INSTALL_STATE_STAGED) - CDISMPackage::LogInstallStateMapping
2026-09-14 19:17:47, Info                  DISM   DISM Package Manager: PID=8892 TID=19224 Package Microsoft-Windows-WMIC-FoD-Package~31bf3856ad364e35~wow64~~10.0.26100.8894 with CBS state -17(CbsInstallStateSuperseded) being mapped to dism state 7(DISM_INSTALL_STATE_SUPERSEDED) - CDISMPackage::LogInstallStateMapping
2026-09-14 19:17:47, Info                  DISM   DISM Package Manager: PID=8892 TID=19224 Package Microsoft-Windows-WMIC-FoD-Package~31bf3856ad364e35~wow64~~10.0.26100.9168 with CBS state -17(CbsInstallStateSuperseded) being mapped to dism state 7(DISM_INSTALL_STATE_SUPERSEDED) - CDISMPackage::LogInstallStateMapping
2026-09-14 19:17:47, Info                  DISM   DISM Package Manager: PID=8892 TID=19224 Package Microsoft-Windows-WMIC-FoD-Package~31bf3856ad364e35~wow64~~10.0.26100.9445 with CBS state 7(CbsInstallStateInstalled) being mapped to dism state 5(DISM_INSTALL_STATE_INSTALLED) - CDISMPackage::LogInstallStateMapping
2026-09-14 19:17:47, Info                  DISM   DISM Package Manager: PID=8892 TID=19224 Package OpenSSH-Client-Package~31bf3856ad364e35~amd64~~10.0.26100.1742 with CBS state 4(CbsInstallStateStaged) being mapped to dism state 3(DISM_INSTALL_STATE_STAGED) - CDISMPackage::LogInstallStateMapping
2026-09-14 19:17:47, Info                  DISM   DISM Package Manager: PID=8892 TID=19224 Package OpenSSH-Client-Package~31bf3856ad364e35~amd64~~10.0.26100.8894 with CBS state -17(CbsInstallStateSuperseded) being mapped to dism state 7(DISM_INSTALL_STATE_SUPERSEDED) - CDISMPackage::LogInstallStateMapping
2026-09-14 19:17:47, Info                  DISM   DISM Package Manager: PID=8892 TID=19224 Package OpenSSH-Client-Package~31bf3856ad364e35~amd64~~10.0.26100.9168 with CBS state -17(CbsInstallStateSuperseded) being mapped to dism state 7(DISM_INSTALL_STATE_SUPERSEDED) - CDISMPackage::LogInstallStateMapping
2026-09-14 19:17:47, Info                  DISM   DISM Package Manager: PID=8892 TID=19224 Package OpenSSH-Client-Package~31bf3856ad364e35~amd64~~10.0.26100.9444 with CBS state 7(CbsInstallStateInstalled) being mapped to dism state 5(DISM_INSTALL_STATE_INSTALLED) - CDISMPackage::LogInstallStateMapping
2026-09-14 19:17:47, Info                  DISM   DISM Package Manager: PID=8892 TID=19224 Package Package_for_DotNetRollup_481~31bf3856ad364e35~amd64~~10.0.9335.3 with CBS state -17(CbsInstallStateSuperseded) being mapped to dism state 7(DISM_INSTALL_STATE_SUPERSEDED) - CDISMPackage::LogInstallStateMapping
2026-09-14 19:17:47, Info                  DISM   DISM Package Manager: PID=8892 TID=19224 Package Package_for_DotNetRollup_481~31bf3856ad364e35~amd64~~10.0.9340.4 with CBS state -17(CbsInstallStateSuperseded) being mapped to dism state 7(DISM_INSTALL_STATE_SUPERSEDED) - CDISMPackage::LogInstallStateMapping
2026-09-14 19:17:47, Info                  DISM   DISM Package Manager: PID=8892 TID=19224 Package Package_for_DotNetRollup_481~31bf3856ad364e35~amd64~~10.0.9344.1 with CBS state -17(CbsInstallStateSuperseded) being mapped to dism state 7(DISM_INSTALL_STATE_SUPERSEDED) - CDISMPackage::LogInstallStateMapping
2026-09-14 19:17:47, Info                  DISM   DISM Package Manager: PID=8892 TID=19224 Package Package_for_DotNetRollup_481~31bf3856ad364e35~amd64~~10.0.9347.1 with CBS state 7(CbsInstallStateInstalled) being mapped to dism state 5(DISM_INSTALL_STATE_INSTALLED) - CDISMPackage::LogInstallStateMapping
2026-09-14 19:17:47, Info                  DISM   DISM Package Manager: PID=8892 TID=19224 Package Package_for_KB5054156~31bf3856ad364e35~amd64~~26100.6717.1.4 with CBS state 7(CbsInstallStateInstalled) being mapped to dism state 5(DISM_INSTALL_STATE_INSTALLED) - CDISMPackage::LogInstallStateMapping
2026-09-14 19:17:47, Info                  DISM   DISM Package Manager: PID=8892 TID=19224 Package Package_for_RollupFix~31bf3856ad364e35~amd64~~26100.1742.1.10 with CBS state 4(CbsInstallStateStaged) being mapped to dism state 3(DISM_INSTALL_STATE_STAGED) - CDISMPackage::LogInstallStateMapping
2026-09-14 19:17:48, Info                  DISM   DISM Package Manager: PID=8892 TID=19224 Package Package_for_RollupFix~31bf3856ad364e35~amd64~~26100.8894.1.8 with CBS state -17(CbsInstallStateSuperseded) being mapped to dism state 7(DISM_INSTALL_STATE_SUPERSEDED) - CDISMPackage::LogInstallStateMapping
2026-09-14 19:17:48, Info                  DISM   DISM Package Manager: PID=8892 TID=19224 Package Package_for_RollupFix~31bf3856ad364e35~amd64~~26100.9168.1.19 with CBS state -17(CbsInstallStateSuperseded) being mapped to dism state 7(DISM_INSTALL_STATE_SUPERSEDED) - CDISMPackage::LogInstallStateMapping
2026-09-14 19:17:48, Info                  DISM   DISM Package Manager: PID=8892 TID=19224 Package Package_for_RollupFix~31bf3856ad364e35~amd64~~26100.9445.1.26 with CBS state 7(CbsInstallStateInstalled) being mapped to dism state 5(DISM_INSTALL_STATE_INSTALLED) - CDISMPackage::LogInstallStateMapping
2026-09-14 19:17:48, Info                  DISM   DISM Package Manager: PID=8892 TID=19224 Package Package_for_ServicingStack_9441~31bf3856ad364e35~amd64~~26100.9441.1.11 with CBS state 7(CbsInstallStateInstalled) being mapped to dism state 5(DISM_INSTALL_STATE_INSTALLED) - CDISMPackage::LogInstallStateMapping
2026-09-14 19:17:56, Info                  DISM   API: PID=11572 TID=3288 Input parameters: Session: 2 - DismCloseSessionInternal
2026-09-14 19:17:56, Info                  DISM   API: PID=11572 TID=3288 GetReferenceCount hr: 0x0 - CSessionTable::RemoveSession
2026-09-14 19:17:56, Info                  DISM   API: PID=11572 TID=3288 Refcount for DismSession= 2s 0 - CSessionTable::RemoveSession
2026-09-14 19:17:56, Info                  DISM   API: PID=11572 TID=3288 Successfully enqueued command object - CCommandThread::EnqueueCommandObject
2026-09-14 19:17:56, Info                  DISM   API: PID=11572 TID=4272 ExecuteLoop: CommandQueue signaled - CCommandThread::ExecuteLoop
2026-09-14 19:17:56, Info                  DISM   API: PID=11572 TID=4272 Successfully dequeued command object - CCommandThread::DequeueCommandObject
2026-09-14 19:17:56, Info                  DISM   API: PID=11572 TID=4272 ExecuteLoop: Cancel signaled - CCommandThread::ExecuteLoop
2026-09-14 19:17:56, Info                  DISM   API: PID=11572 TID=4272 Leave CCommandThread::ExecuteLoop - CCommandThread::ExecuteLoop
2026-09-14 19:17:56, Info                  DISM   DISM Package Manager: PID=8892 TID=19224 Finalizing CBS core. - CDISMPackageManager::Finalize
2026-09-14 19:17:56, Info                  DISM   API: PID=11572 TID=4272 Leave CCommandThread::CommandThreadProcedureStub - CCommandThread::CommandThreadProcedureStub
2026-09-14 19:17:56, Info                  DISM   API: PID=11572 TID=3288 GetReferenceCount hr: 0x0 - CSessionTable::RemoveSession
2026-09-14 19:17:56, Info                  DISM   API: PID=11572 TID=3288 Refcount for DismSession= 1s 0 - CSessionTable::RemoveSession
2026-09-14 19:17:56, Info                  DISM   API: PID=11572 TID=3288 Successfully enqueued command object - CCommandThread::EnqueueCommandObject
2026-09-14 19:17:56, Info                  DISM   API: PID=11572 TID=16716 ExecuteLoop: CommandQueue signaled - CCommandThread::ExecuteLoop
2026-09-14 19:17:56, Info                  DISM   API: PID=11572 TID=16716 Successfully dequeued command object - CCommandThread::DequeueCommandObject
2026-09-14 19:17:56, Info                  DISM   API: PID=11572 TID=16716 ExecuteLoop: Cancel signaled - CCommandThread::ExecuteLoop
2026-09-14 19:17:56, Info                  DISM   API: PID=11572 TID=16716 Leave CCommandThread::ExecuteLoop - CCommandThread::ExecuteLoop
2026-09-14 19:17:56, Info                  DISM   PID=11572 TID=16716 Temporarily setting the scratch directory. This may be overridden by user later. - CDISMManager::FinalConstruct
2026-09-14 19:17:56, Info                  DISM   PID=11572 TID=16716 Scratch directory set to 'C:\Users\kriba\AppData\Local\Temp\'. - CDISMManager::put_ScratchDir
2026-09-14 19:17:56, Info                  DISM   PID=11572 TID=16716 DismCore.dll version: 10.0.26100.9278 - CDISMManager::FinalConstruct
2026-09-14 19:17:56, Info                  DISM   Initialized Panther logging at C:\WINDOWS\Logs\DISM\dism.log
2026-09-14 19:17:56, Info                  DISM   API: PID=11572 TID=16716 Leave CCommandThread::CommandThreadProcedureStub - CCommandThread::CommandThreadProcedureStub
2026-09-14 19:17:56, Info                  DISM   API: PID=11572 TID=3288 Deleted g_internalDismSession - DismShutdownInternal
2026-09-14 19:17:56, Info                  DISM   API: PID=11572 TID=3288 Shutdown SessionTable - DismShutdownInternal
2026-09-14 19:17:56, Info                  DISM   API: PID=11572 TID=3288 DismApi.dll:                                          - DismShutdownInternal
2026-09-14 19:17:56, Info                  DISM   API: PID=11572 TID=3288 DismApi.dll: <----- Ending DismApi.dll session -----> - DismShutdownInternal
2026-09-14 19:17:56, Info                  DISM   API: PID=11572 TID=3288 DismApi.dll:                                          - DismShutdownInternal
2026-09-14 19:26:17, Info                  DISM   PID=820 TID=11328 Scratch directory set to 'C:\Users\kriba\AppData\Local\Temp\'. - CDISMManager::put_ScratchDir
2026-09-14 19:26:17, Info                  DISM   PID=820 TID=11328 DismCore.dll version: 10.0.26100.9278 - CDISMManager::FinalConstruct
2026-09-14 19:26:17, Info                  DISM   Initialized Panther logging at C:\WINDOWS\Logs\DISM\dism.log
2026-09-14 19:26:17, Info                  DISM   PID=820 TID=11328 Successfully loaded the ImageSession at "C:\Windows\System32\Dism" - CDISMManager::LoadLocalImageSession
2026-09-14 19:26:17, Info                  DISM   Initialized Panther logging at C:\WINDOWS\Logs\DISM\dism.log
2026-09-14 19:26:17, Info                  DISM   DISM Provider Store: PID=820 TID=11328 Found and Initialized the DISM Logger. - CDISMProviderStore::Internal_InitializeLogger
2026-09-14 19:26:17, Info                  DISM   Initialized Panther logging at C:\WINDOWS\Logs\DISM\dism.log
2026-09-14 19:26:17, Info                  DISM   DISM Manager: PID=820 TID=11328 Successfully created the local image session and provider store. - CDISMManager::CreateLocalImageSession
2026-09-14 19:26:17, Info                  DISM   DISM.EXE: 
2026-09-14 19:26:17, Info                  DISM   DISM.EXE: <----- Starting Dism.exe session ----->
2026-09-14 19:26:17, Info                  DISM   DISM.EXE: 
2026-09-14 19:26:17, Info                  DISM   DISM.EXE: Host machine information: OS Version=10.0.26200, Running architecture=amd64, Number of processors=16
2026-09-14 19:26:17, Info                  DISM   DISM.EXE: Instance information: Parent process=C:\Windows\System32\WindowsPowerShell\v1.0\powershell.exe, Parent process PID=7104
2026-09-14 19:26:17, Info                  DISM   DISM.EXE: Dism.exe version: 10.0.26100.8972
2026-09-14 19:26:17, Info                  DISM   DISM.EXE: Executing command line: "C:\Windows\System32\Dism.exe" /Online /Cleanup-Image /RestoreHealth
2026-09-14 19:26:17, Info                  DISM   DISM Manager: PID=820 TID=11328 physical location path: C:\ - CDISMManager::CreateImageSession
2026-09-14 19:26:17, Info                  DISM   DISM Manager: PID=820 TID=11328 Event name for current DISM session is Global\{260B6AC3-08DC-46DE-BBD8-8BE46748573A} - CDISMManager::CheckSessionAndLock
2026-09-14 19:26:17, Info                  DISM   DISM Manager: PID=820 TID=11328 Create session event 0x280 for current DISM session and event name is Global\{260B6AC3-08DC-46DE-BBD8-8BE46748573A}  - CDISMManager::CheckSessionAndLock
2026-09-14 19:26:17, Info                  DISM   DISM Manager: PID=820 TID=11328 Copying DISM from "C:\WINDOWS\System32\Dism" - CDISMManager::CreateImageSessionFromLocation
2026-09-14 19:26:17, Info                  DISM   DISM Manager: PID=820 TID=11328 No Sandbox was created, DISM running in-place. - CDISMManager::CreateImageSessionFromLocation
2026-09-14 19:26:17, Info                  DISM   DISM Manager: PID=820 TID=11328 Successfully loaded the ImageSession at "C:\WINDOWS\System32\Dism" - CDISMManager::LoadRemoteImageSession
2026-09-14 19:26:17, Info                  DISM   DISM Image Session: PID=17880 TID=14800 Instantiating the Provider Store. - CDISMImageSession::get_ProviderStore
2026-09-14 19:26:17, Info                  DISM   DISM OS Provider: PID=17880 TID=14800 Defaulting SystemPath to C:\ - CDISMOSServiceManager::Final_OnConnect
2026-09-14 19:26:17, Info                  DISM   DISM OS Provider: PID=17880 TID=14800 Defaulting Windows folder to C:\Windows - CDISMOSServiceManager::Final_OnConnect
2026-09-14 19:26:17, Info                  DISM   DISM Provider Store: PID=17880 TID=14800 Attempting to initialize the logger from the Image Session. - CDISMProviderStore::Final_OnConnect
2026-09-14 19:26:17, Info                  DISM   Initialized Panther logging at C:\WINDOWS\Logs\DISM\dism.log
2026-09-14 19:26:17, Info                  DISM   DISM Provider Store: PID=17880 TID=14800 Found and Initialized the DISM Logger. - CDISMProviderStore::Internal_InitializeLogger
2026-09-14 19:26:17, Info                  DISM   Initialized Panther logging at C:\WINDOWS\Logs\DISM\dism.log
2026-09-14 19:26:17, Info                  DISM   Initialized Panther logging at C:\WINDOWS\Logs\DISM\dism.log
2026-09-14 19:26:17, Info                  DISM   DISM Manager: PID=820 TID=11328 Image session successfully loaded from location: C:\WINDOWS\System32\Dism - CDISMManager::CreateImageSession
2026-09-14 19:26:17, Info                  DISM   DISM.EXE: Target image information: OS Version=10.0.26200.9445, Image architecture=amd64
2026-09-14 19:26:17, Info                  DISM   DISM.EXE: Image session version: 10.0.26100.9278
2026-09-14 19:26:17, Info                  DISM   DISM Transmog Provider: PID=17880 TID=1348 Current image session is [ONLINE] - CTransmogManager::GetMode
2026-09-14 19:26:17, Info                  DISM   DISM Transmog Provider: PID=17880 TID=1348 Audit Mode: [No] - CTransmogManager::Initialize
2026-09-14 19:26:17, Info                  DISM   DISM Transmog Provider: PID=17880 TID=1348 GetProductType: ProductType = [WinNT] - CTransmogManager::GetProductType
2026-09-14 19:26:17, Info                  DISM   DISM Transmog Provider: PID=17880 TID=1348 Product Type: [WinNT] - CTransmogManager::Initialize
2026-09-14 19:26:17, Info                  DISM   DISM Transmog Provider: PID=17880 TID=1348 Product Type ServerNT : [No] - CTransmogManager::Initialize
2026-09-14 19:26:17, Info                  DISM   DISM OS Provider: PID=17880 TID=1348 Determined System directory to be C:\Windows\System32 - CDISMOSServiceManager::get_SystemDirectory
2026-09-14 19:26:17, Info                  CSI    00000001 Shim considered [l:123]'\??\C:\WINDOWS\WinSxS\amd64_microsoft-windows-servicingstack_31bf3856ad364e35_10.0.26100.9441_none_a5253a19774da03c\wcp.dll' : got STATUS_SUCCESS
2026-09-14 19:26:17, Info                  DISM   DISM Driver Manager: PID=17880 TID=1348 Further logs for driver related operations can be found in the target operating system at %WINDIR%\inf\setupapi.offline.log - CDriverManager::Initialize
2026-09-14 19:26:17, Info                  DISM   DISM Package Manager: PID=17880 TID=1348 Finished initializing the CbsConUI Handler. - CCbsConUIHandler::Initialize
2026-09-14 19:26:17, Info                  DISM   DISM Package Manager: PID=17880 TID=1348 CBS is being initialized for online use. More information about CBS actions can be located at: %windir%\logs\CBS\CBS.log - CDISMPackageManager::Initialize
2026-09-14 19:26:17, Info                  DISM   DISM Package Manager: PID=17880 TID=1348 Loaded servicing stack for online use. - CDISMPackageManager::CreateCbsSession
2026-09-14 19:26:17, Info                  CSI    00000001 Shim considered [l:123]'\??\C:\WINDOWS\WinSxS\amd64_microsoft-windows-servicingstack_31bf3856ad364e35_10.0.26100.9441_none_a5253a19774da03c\wcp.dll' : got STATUS_SUCCESS
2026-09-14 19:26:17, Info                  DISM   DISM Package Manager: PID=17880 TID=14800 Processing the top level command token(cleanup-image). - CPackageManagerCLIHandler::Private_ValidateCmdLine
2026-09-14 19:26:17, Info                  DISM   DISM Package Manager: PID=17880 TID=14800 Attempting to route to appropriate command handler. - CPackageManagerCLIHandler::ExecuteCmdLine
2026-09-14 19:26:17, Info                  DISM   DISM Package Manager: PID=17880 TID=14800 Routing the command... - CPackageManagerCLIHandler::ExecuteCmdLine
2026-09-14 19:26:17, Info                  DISM   DISM Package Manager: PID=17880 TID=14800 CBS session options=0x40100! - CDISMPackageManager::Internal_Finalize
2026-09-14 19:42:55, Info                  DISM   DISM Package Manager: PID=17880 TID=13652  Error in operation: The repair content could not be found anywhere. (CBS HRESULT=0x800f0915) - CCbsConUIHandler::Error
2026-09-14 19:42:55, Error                 DISM   DISM Package Manager: PID=17880 TID=14800 Failed finalizing changes. - CDISMPackageManager::Internal_Finalize(hr:0x800f0915)
2026-09-14 19:42:55, Error                 DISM   DISM Package Manager: PID=17880 TID=14800 The repair content could not be found anywhere. The image may be corrupted. Check the internet connection or try to restore the image using the /source option. - GetCbsErrorMsg
2026-09-14 19:42:55, Error                 DISM   DISM Package Manager: PID=17880 TID=14800 Failed processing package changes with session options - CDISMPackageManager::Internal_ProcessChangesWithOptions(hr:0x800f0915)
2026-09-14 19:42:55, Error                 DISM   DISM Package Manager: PID=17880 TID=14800 Failed processing package changes with session option CbsSessionOptionRepairStoreCorruption - CDISMPackageManager::RestoreHealth(hr:0x800f0915)
2026-09-14 19:44:22, Error                 DISM   DISM Package Manager: PID=17880 TID=14800 The repair content could not be found anywhere. The image may be corrupted. Check the internet connection or try to restore the image using the /source option. - GetCbsErrorMsg
2026-09-14 19:44:22, Error                 DISM   DISM Package Manager: PID=17880 TID=14800 Failed to restore the image health. - CPackageManagerCLIHandler::ProcessCmdLine_CleanupImage(hr:0x800f0915)
2026-09-14 19:44:22, Error                 DISM   DISM Package Manager: PID=17880 TID=14800 Failed while processing command cleanup-image. - CPackageManagerCLIHandler::ExecuteCmdLine(hr:0x800f0915)
2026-09-14 19:44:22, Info                  DISM   DISM Package Manager: PID=17880 TID=14800 Further logs for online package and feature related operations can be found at %WINDIR%\logs\CBS\cbs.log - CPackageManagerCLIHandler::ExecuteCmdLine
2026-09-14 19:44:22, Info                  DISM   DISM Package Manager: PID=17880 TID=18872 Finalizing CBS core. - CDISMPackageManager::Finalize
2026-09-14 19:44:22, Info                  DISM   DISM Manager: PID=820 TID=11328 Closing session event handle 0x280 - CDISMManager::CleanupImageSessionEntry
2026-09-14 19:44:22, Info                  DISM   DISM.EXE: Image session has been closed. Reboot required=no.
2026-09-14 19:44:22, Info                  DISM   DISM.EXE: 
2026-09-14 19:44:22, Info                  DISM   DISM.EXE: <----- Ending Dism.exe session ----->
2026-09-14 19:44:22, Info                  DISM   DISM.EXE: 
[484.13824] [0x80070002] FIOReadFileIntoBuffer:(1454): The system cannot find the file specified.
[484.13824] [0xc142011c] UnmarshallImageHandleFromDirectory:(641)
[484.13824] [0xc142011c] WIMGetMountedImageHandle:(2910)
[484.13824] [0x80070002] FIOReadFileIntoBuffer:(1454): The system cannot find the file specified.
[484.13824] [0xc142011c] UnmarshallImageHandleFromDirectory:(641)
[484.13824] [0xc142011c] WIMGetMountedImageHandle:(2910)
2026-09-14 20:33:53, Info                  DISM   PID=484 TID=21204 Temporarily setting the scratch directory. This may be overridden by user later. - CDISMManager::FinalConstruct
2026-09-14 20:33:53, Info                  DISM   PID=484 TID=21204 Scratch directory set to 'C:\WINDOWS\SystemTemp\'. - CDISMManager::put_ScratchDir
2026-09-14 20:33:53, Info                  DISM   PID=484 TID=21204 DismCore.dll version: 10.0.26100.9278 - CDISMManager::FinalConstruct
2026-09-14 20:33:53, Info                  DISM   Initialized Panther logging at C:\WINDOWS\Logs\DISM\dism.log
2026-09-14 21:31:40, Info                  DISM   PID=11584 TID=12268 Scratch directory set to 'C:\Users\kriba\AppData\Local\Temp\'. - CDISMManager::put_ScratchDir
2026-09-14 21:31:40, Info                  DISM   PID=11584 TID=12268 DismCore.dll version: 10.0.26100.9278 - CDISMManager::FinalConstruct
2026-09-14 21:31:40, Info                  DISM   Initialized Panther logging at C:\WINDOWS\Logs\DISM\dism.log
2026-09-14 21:31:40, Info                  DISM   PID=11584 TID=12268 Successfully loaded the ImageSession at "C:\Windows\System32\Dism" - CDISMManager::LoadLocalImageSession
2026-09-14 21:31:40, Info                  DISM   Initialized Panther logging at C:\WINDOWS\Logs\DISM\dism.log
2026-09-14 21:31:40, Info                  DISM   DISM Provider Store: PID=11584 TID=12268 Found and Initialized the DISM Logger. - CDISMProviderStore::Internal_InitializeLogger
2026-09-14 21:31:40, Info                  DISM   Initialized Panther logging at C:\WINDOWS\Logs\DISM\dism.log
2026-09-14 21:31:40, Info                  DISM   DISM Manager: PID=11584 TID=12268 Successfully created the local image session and provider store. - CDISMManager::CreateLocalImageSession
2026-09-14 21:31:40, Info                  DISM   DISM.EXE: 
2026-09-14 21:31:40, Info                  DISM   DISM.EXE: <----- Starting Dism.exe session ----->
2026-09-14 21:31:40, Info                  DISM   DISM.EXE: 
2026-09-14 21:31:40, Info                  DISM   DISM.EXE: Host machine information: OS Version=10.0.26200, Running architecture=amd64, Number of processors=16
2026-09-14 21:31:40, Info                  DISM   DISM.EXE: Instance information: Parent process=C:\Windows\System32\WindowsPowerShell\v1.0\powershell.exe, Parent process PID=16044
2026-09-14 21:31:40, Info                  DISM   DISM.EXE: Dism.exe version: 10.0.26100.8972
2026-09-14 21:31:40, Info                  DISM   DISM.EXE: Executing command line: "C:\Windows\System32\Dism.exe" /Online /Cleanup-Image /RestoreHealth
2026-09-14 21:31:40, Info                  DISM   DISM Manager: PID=11584 TID=12268 physical location path: C:\ - CDISMManager::CreateImageSession
2026-09-14 21:31:40, Info                  DISM   DISM Manager: PID=11584 TID=12268 Event name for current DISM session is Global\{E661615D-DBCD-4D70-8BA4-442A6C945DFA} - CDISMManager::CheckSessionAndLock
2026-09-14 21:31:40, Info                  DISM   DISM Manager: PID=11584 TID=12268 Create session event 0x294 for current DISM session and event name is Global\{E661615D-DBCD-4D70-8BA4-442A6C945DFA}  - CDISMManager::CheckSessionAndLock
2026-09-14 21:31:40, Info                  DISM   DISM Manager: PID=11584 TID=12268 Copying DISM from "C:\WINDOWS\System32\Dism" - CDISMManager::CreateImageSessionFromLocation
2026-09-14 21:31:40, Info                  DISM   DISM Manager: PID=11584 TID=12268 No Sandbox was created, DISM running in-place. - CDISMManager::CreateImageSessionFromLocation
2026-09-14 21:31:40, Info                  DISM   DISM Manager: PID=11584 TID=12268 Successfully loaded the ImageSession at "C:\WINDOWS\System32\Dism" - CDISMManager::LoadRemoteImageSession
2026-09-14 21:31:40, Info                  DISM   DISM Image Session: PID=11488 TID=1120 Instantiating the Provider Store. - CDISMImageSession::get_ProviderStore
2026-09-14 21:31:40, Info                  DISM   DISM OS Provider: PID=11488 TID=1120 Defaulting SystemPath to C:\ - CDISMOSServiceManager::Final_OnConnect
2026-09-14 21:31:40, Info                  DISM   DISM OS Provider: PID=11488 TID=1120 Defaulting Windows folder to C:\Windows - CDISMOSServiceManager::Final_OnConnect
2026-09-14 21:31:40, Info                  DISM   DISM Provider Store: PID=11488 TID=1120 Attempting to initialize the logger from the Image Session. - CDISMProviderStore::Final_OnConnect
2026-09-14 21:31:40, Info                  DISM   Initialized Panther logging at C:\WINDOWS\Logs\DISM\dism.log
2026-09-14 21:31:40, Info                  DISM   DISM Provider Store: PID=11488 TID=1120 Found and Initialized the DISM Logger. - CDISMProviderStore::Internal_InitializeLogger
2026-09-14 21:31:40, Info                  DISM   Initialized Panther logging at C:\WINDOWS\Logs\DISM\dism.log
2026-09-14 21:31:40, Info                  DISM   Initialized Panther logging at C:\WINDOWS\Logs\DISM\dism.log
2026-09-14 21:31:40, Info                  DISM   DISM Manager: PID=11584 TID=12268 Image session successfully loaded from location: C:\WINDOWS\System32\Dism - CDISMManager::CreateImageSession
2026-09-14 21:31:40, Info                  DISM   DISM.EXE: Target image information: OS Version=10.0.26200.9457, Image architecture=amd64
2026-09-14 21:31:40, Info                  DISM   DISM.EXE: Image session version: 10.0.26100.9278
2026-09-14 21:31:40, Info                  DISM   DISM Transmog Provider: PID=11488 TID=1120 Current image session is [ONLINE] - CTransmogManager::GetMode
2026-09-14 21:31:40, Info                  DISM   DISM Transmog Provider: PID=11488 TID=1120 Audit Mode: [No] - CTransmogManager::Initialize
2026-09-14 21:31:40, Info                  DISM   DISM Transmog Provider: PID=11488 TID=1120 GetProductType: ProductType = [WinNT] - CTransmogManager::GetProductType
2026-09-14 21:31:40, Info                  DISM   DISM Transmog Provider: PID=11488 TID=1120 Product Type: [WinNT] - CTransmogManager::Initialize
2026-09-14 21:31:40, Info                  DISM   DISM Transmog Provider: PID=11488 TID=1120 Product Type ServerNT : [No] - CTransmogManager::Initialize
2026-09-14 21:31:40, Info                  DISM   DISM OS Provider: PID=11488 TID=1120 Determined System directory to be C:\Windows\System32 - CDISMOSServiceManager::get_SystemDirectory
2026-09-14 21:31:40, Info                  CSI    00000001 Shim considered [l:123]'\??\C:\WINDOWS\WinSxS\amd64_microsoft-windows-servicingstack_31bf3856ad364e35_10.0.26100.9441_none_a5253a19774da03c\wcp.dll' : got STATUS_SUCCESS
2026-09-14 21:31:40, Info                  DISM   DISM Driver Manager: PID=11488 TID=1120 Further logs for driver related operations can be found in the target operating system at %WINDIR%\inf\setupapi.offline.log - CDriverManager::Initialize
2026-09-14 21:31:40, Info                  DISM   DISM Package Manager: PID=11488 TID=1120 Finished initializing the CbsConUI Handler. - CCbsConUIHandler::Initialize
2026-09-14 21:31:40, Info                  DISM   DISM Package Manager: PID=11488 TID=1120 CBS is being initialized for online use. More information about CBS actions can be located at: %windir%\logs\CBS\CBS.log - CDISMPackageManager::Initialize
2026-09-14 21:31:40, Info                  DISM   DISM Package Manager: PID=11488 TID=1120 Loaded servicing stack for online use. - CDISMPackageManager::CreateCbsSession
2026-09-14 21:31:40, Info                  CSI    00000001 Shim considered [l:123]'\??\C:\WINDOWS\WinSxS\amd64_microsoft-windows-servicingstack_31bf3856ad364e35_10.0.26100.9441_none_a5253a19774da03c\wcp.dll' : got STATUS_SUCCESS
2026-09-14 21:31:40, Info                  DISM   DISM Package Manager: PID=11488 TID=8416 Processing the top level command token(cleanup-image). - CPackageManagerCLIHandler::Private_ValidateCmdLine
2026-09-14 21:31:40, Info                  DISM   DISM Package Manager: PID=11488 TID=8416 Attempting to route to appropriate command handler. - CPackageManagerCLIHandler::ExecuteCmdLine
2026-09-14 21:31:40, Info                  DISM   DISM Package Manager: PID=11488 TID=8416 Routing the command... - CPackageManagerCLIHandler::ExecuteCmdLine
2026-09-14 21:31:40, Info                  DISM   DISM Package Manager: PID=11488 TID=8416 CBS session options=0x40100! - CDISMPackageManager::Internal_Finalize
2026-09-14 21:48:12, Info                  DISM   DISM Package Manager: PID=11488 TID=18920  Error in operation: The repair content could not be found anywhere. (CBS HRESULT=0x800f0915) - CCbsConUIHandler::Error
2026-09-14 21:48:13, Error                 DISM   DISM Package Manager: PID=11488 TID=8416 Failed finalizing changes. - CDISMPackageManager::Internal_Finalize(hr:0x800f0915)
2026-09-14 21:48:13, Error                 DISM   DISM Package Manager: PID=11488 TID=8416 The repair content could not be found anywhere. The image may be corrupted. Check the internet connection or try to restore the image using the /source option. - GetCbsErrorMsg
2026-09-14 21:48:13, Error                 DISM   DISM Package Manager: PID=11488 TID=8416 Failed processing package changes with session options - CDISMPackageManager::Internal_ProcessChangesWithOptions(hr:0x800f0915)
2026-09-14 21:48:13, Error                 DISM   DISM Package Manager: PID=11488 TID=8416 Failed processing package changes with session option CbsSessionOptionRepairStoreCorruption - CDISMPackageManager::RestoreHealth(hr:0x800f0915)
2026-09-14 21:49:52, Error                 DISM   DISM Package Manager: PID=11488 TID=8416 The repair content could not be found anywhere. The image may be corrupted. Check the internet connection or try to restore the image using the /source option. - GetCbsErrorMsg
2026-09-14 21:49:52, Error                 DISM   DISM Package Manager: PID=11488 TID=8416 Failed to restore the image health. - CPackageManagerCLIHandler::ProcessCmdLine_CleanupImage(hr:0x800f0915)
2026-09-14 21:49:52, Error                 DISM   DISM Package Manager: PID=11488 TID=8416 Failed while processing command cleanup-image. - CPackageManagerCLIHandler::ExecuteCmdLine(hr:0x800f0915)
2026-09-14 21:49:52, Info                  DISM   DISM Package Manager: PID=11488 TID=8416 Further logs for online package and feature related operations can be found at %WINDIR%\logs\CBS\cbs.log - CPackageManagerCLIHandler::ExecuteCmdLine
2026-09-14 21:49:52, Info                  DISM   DISM Package Manager: PID=11488 TID=2572 Finalizing CBS core. - CDISMPackageManager::Finalize
2026-09-14 21:49:52, Info                  DISM   DISM Manager: PID=11584 TID=12268 Closing session event handle 0x294 - CDISMManager::CleanupImageSessionEntry
2026-09-14 21:49:52, Info                  DISM   DISM.EXE: Image session has been closed. Reboot required=no.
2026-09-14 21:49:52, Info                  DISM   DISM.EXE: 
2026-09-14 21:49:52, Info                  DISM   DISM.EXE: <----- Ending Dism.exe session ----->
2026-09-14 21:49:52, Info                  DISM   DISM.EXE: 
